player_id,name,club,position,week,date,per90_score,market_value,predicted_value,sentiment_score,overvaluation_score,slump_label,form_z,per90_rolling_mean_5w,per90_trend_5w,per90_decay,sentiment_rolling_mean,volume_momentum,slump_probability
p001,Cristiano Ronaldo,Al Nassr,FW,1,2024-08-12,6.307,30.05,30.05,0.3463,-1.42,0,,,,,0.3463,1.0,0.0009
p001,Cristiano Ronaldo,Al Nassr,FW,2,2024-08-19,5.943,27.69,61.85,-0.5019,-25.28,0,-0.7071,6.125,,6.1102,-0.0778,0.952,0.0003
p001,Cristiano Ronaldo,Al Nassr,FW,3,2024-08-26,6.205,27.07,59.69,0.559,-19.7,0,0.284,6.1517,,6.1471,0.1345,0.982,0.0002
p001,Cristiano Ronaldo,Al Nassr,FW,4,2024-09-02,6.535,27.48,59.18,-0.0593,-14.53,0,1.1714,6.2475,,6.2688,0.086,1.259,0.0003
p001,Cristiano Ronaldo,Al Nassr,FW,5,2024-09-09,5.852,25.1,64.32,-0.0703,-21.06,0,-1.1442,6.1684,-0.0318,6.1564,-0.0181,0.897,0.0004
p001,Cristiano Ronaldo,Al Nassr,FW,6,2024-09-16,5.396,23.47,64.59,0.2288,-17.34,0,-1.3938,5.9862,-0.1447,5.9733,0.1646,1.026,0.0049
p001,Cristiano Ronaldo,Al Nassr,FW,7,2024-09-23,5.441,21.85,60.61,-0.009,-19.22,0,-0.9069,5.8858,-0.2667,5.8558,0.0226,1.017,0.0032
p001,Cristiano Ronaldo,Al Nassr,FW,8,2024-09-30,5.33,22.4,58.81,0.5579,-9.22,0,-0.7555,5.7108,-0.2821,5.7474,0.1768,0.807,0.003
p001,Cristiano Ronaldo,Al Nassr,FW,9,2024-10-07,5.324,23.05,56.47,-0.1105,0.03,0,-0.658,5.4686,-0.1122,5.6647,0.1668,1.009,0.0031
p001,Cristiano Ronaldo,Al Nassr,FW,10,2024-10-14,5.026,21.97,56.66,0.0691,-20.28,0,-1.7074,5.3034,-0.0857,5.5454,0.1269,0.884,0.9992
p001,Cristiano Ronaldo,Al Nassr,FW,11,2024-10-21,5.333,21.66,51.76,0.3791,-3.11,0,0.2709,5.2908,-0.052,5.5072,0.2239,1.375,0.0012
p001,Cristiano Ronaldo,Al Nassr,FW,12,2024-10-28,5.606,21.49,48.9,0.829,-9.11,0,1.3752,5.3238,0.0561,5.5244,0.2917,0.929,0.0003
p001,Cristiano Ronaldo,Al Nassr,FW,13,2024-11-04,5.629,21.01,49.14,0.1693,-4.44,0,0.9943,5.3836,0.119,5.5423,0.3616,1.201,0.0004
p001,Cristiano Ronaldo,Al Nassr,FW,14,2024-11-11,5.903,20.69,47.53,0.152,-0.81,0,1.213,5.4994,0.205,5.6026,0.3824,1.244,0.0003
p001,Cristiano Ronaldo,Al Nassr,FW,15,2024-11-18,5.947,20.15,48.64,-0.6559,1.3,0,1.0548,5.6836,0.1525,5.6592,0.1236,1.086,0.0002
p001,Cristiano Ronaldo,Al Nassr,FW,16,2024-11-25,5.526,21.89,53.19,-0.1966,-10.47,0,-1.0344,5.7222,0.0158,5.6376,-0.1328,1.046,0.0004
p001,Cristiano Ronaldo,Al Nassr,FW,17,2024-12-02,5.535,21.47,52.6,-0.3947,-10.34,0,-0.8532,5.708,-0.0565,5.6212,-0.2738,1.003,0.0006
p001,Cristiano Ronaldo,Al Nassr,FW,18,2024-12-09,5.079,21.57,55.71,-0.3041,-0.23,0,-1.4778,5.598,-0.206,5.5352,-0.3878,1.061,0.0028
p001,Cristiano Ronaldo,Al Nassr,FW,19,2024-12-16,5.267,20.6,52.17,-0.1815,4.24,0,-0.6223,5.4708,-0.1807,5.4931,-0.2692,0.981,0.0023
p001,Cristiano Ronaldo,Al Nassr,FW,20,2024-12-23,5.129,19.71,52.21,-0.04,-6.89,0,-0.8281,5.3072,-0.1062,5.4363,-0.2301,1.016,0.0039
p001,Cristiano Ronaldo,Al Nassr,FW,21,2024-12-30,4.945,18.21,52.25,-0.1292,-9.85,0,-1.0974,5.191,-0.113,5.3601,-0.1637,1.077,0.0023
p001,Cristiano Ronaldo,Al Nassr,FW,22,2025-01-06,4.586,17.78,53.19,0.0289,-11.14,0,-1.6023,5.0012,-0.1308,5.2406,-0.0805,0.92,0.9979
p001,Cristiano Ronaldo,Al Nassr,FW,23,2025-01-13,4.894,17.87,47.84,-0.0694,6.83,0,-0.2716,4.9642,-0.1289,5.1874,-0.0524,0.883,0.0024
p001,Cristiano Ronaldo,Al Nassr,FW,24,2025-01-20,4.72,16.81,47.9,-0.2227,0.81,0,-0.6439,4.8548,-0.0869,5.1158,-0.0981,0.831,0.0021
p001,Cristiano Ronaldo,Al Nassr,FW,25,2025-01-27,4.45,16.07,48.26,-0.678,-10.38,0,-1.2982,4.719,-0.0856,5.0142,-0.2353,1.207,0.0021
p001,Cristiano Ronaldo,Al Nassr,FW,26,2025-02-03,4.207,16.44,47.67,-0.1008,-19.62,0,-1.3926,4.5714,-0.1202,4.8913,-0.2677,1.034,0.0021
p002,Lionel Messi,Inter Miami,FW,1,2024-08-12,7.676,34.68,34.68,0.0678,-9.5,0,,,,,0.0678,1.0,0.0006
p002,Lionel Messi,Inter Miami,FW,2,2024-08-19,7.592,34.94,85.9,-0.3455,-15.55,0,-0.7071,7.634,,7.6306,-0.1388,0.954,0.0004
p002,Lionel Messi,Inter Miami,FW,3,2024-08-26,7.36,33.9,85.69,0.0688,-7.07,0,-1.116,7.5427,,7.5254,-0.0696,1.257,0.0002
p002,Lionel Messi,Inter Miami,FW,4,2024-09-02,6.964,35.05,84.85,0.4699,-10.55,0,-1.3618,7.398,,7.3492,0.0652,0.926,0.0003
p002,Lionel Messi,Inter Miami,FW,5,2024-09-09,6.912,34.04,82.05,0.719,-13.56,0,-1.1067,7.3008,-0.2156,7.2313,0.228,1.076,0.0018
p002,Lionel Messi,Inter Miami,FW,6,2024-09-16,7.186,33.86,78.93,0.4099,-14.4,0,-0.0596,7.2028,-0.126,7.2204,0.4169,1.138,0.0008
p002,Lionel Messi,Inter Miami,FW,7,2024-09-23,7.458,33.06,77.11,-0.242,-10.91,0,1.1809,7.176,0.0418,7.2729,0.3392,1.039,0.0003
p002,Lionel Messi,Inter Miami,FW,8,2024-09-30,7.461,33.76,78.2,0.5422,-12.1,0,1.0128,7.1962,0.154,7.3117,0.3573,1.077,0.0002
p002,Lionel Messi,Inter Miami,FW,9,2024-10-07,7.308,35.74,80.07,-0.0399,-8.48,0,0.1884,7.265,0.1067,7.3109,0.1675,0.926,0.0002
p002,Lionel Messi,Inter Miami,FW,10,2024-10-14,7.541,34.43,78.45,-0.0168,-6.55,0,1.0568,7.3908,0.056,7.3539,0.0609,0.85,0.0004
p002,Lionel Messi,Inter Miami,FW,11,2024-10-21,7.206,33.83,81.8,0.6656,-11.14,0,-1.3982,7.3948,-0.0424,7.3273,0.2878,1.048,0.0004
p002,Lionel Messi,Inter Miami,FW,12,2024-10-28,6.773,33.47,84.31,0.2621,-14.1,0,-1.6121,7.2578,-0.1478,7.2303,0.2177,0.887,0.9993
p002,Lionel Messi,Inter Miami,FW,13,2024-11-04,6.866,32.37,81.35,0.1326,-12.3,0,-0.8593,7.1388,-0.1652,7.1682,0.2609,0.922,0.0013
p002,Lionel Messi,Inter Miami,FW,14,2024-11-11,7.088,32.23,78.22,-0.0228,-1.89,0,-0.0224,7.0948,-0.1246,7.1548,0.2594,1.036,0.0013
p002,Lionel Messi,Inter Miami,FW,15,2024-11-18,7.198,32.67,77.07,0.2181,-14.03,0,0.8715,7.0262,0.0299,7.1619,0.1475,1.257,0.0002
p002,Lionel Messi,Inter Miami,FW,16,2024-11-25,7.361,32.97,76.01,-0.031,-8.02,0,1.2658,7.0572,0.1508,7.1941,0.0742,0.753,0.0002
p002,Lionel Messi,Inter Miami,FW,17,2024-12-02,6.643,33.27,82.28,0.3647,-9.15,0,-1.3772,7.0312,-0.0173,7.1059,0.1322,0.772,0.0005
p002,Lionel Messi,Inter Miami,FW,18,2024-12-09,6.877,32.78,78.34,-0.0383,-8.36,0,-0.558,7.0334,-0.0977,7.0696,0.1284,1.018,0.001
p002,Lionel Messi,Inter Miami,FW,19,2024-12-16,7.379,33.53,72.99,0.3374,-8.94,0,0.8936,7.0916,-0.0122,7.1182,0.1582,1.389,0.0002
p002,Lionel Messi,Inter Miami,FW,20,2024-12-23,7.688,34.1,72.36,0.2481,-13.94,0,1.1829,7.1896,0.139,7.2072,0.228,0.992,0.0003
p002,Lionel Messi,Inter Miami,FW,21,2024-12-30,7.992,33.46,72.16,0.4706,-9.87,0,1.2121,7.3158,0.3509,7.3289,0.2544,0.893,0.0002
p002,Lionel Messi,Inter Miami,FW,22,2025-01-06,8.07,33.54,74.54,0.2776,-14.43,0,0.96,7.6012,0.2999,7.4433,0.3334,0.736,0.0003
p002,Lionel Messi,Inter Miami,FW,23,2025-01-13,8.183,32.75,76.47,-0.277,-28.52,0,0.9815,7.8624,0.199,7.5569,0.1798,0.989,0.0003
p002,Lionel Messi,Inter Miami,FW,24,2025-01-20,8.129,35.26,79.11,0.3193,-19.07,0,0.5988,8.0124,0.1073,7.6445,0.1976,0.996,0.0003
p002,Lionel Messi,Inter Miami,FW,25,2025-01-27,8.251,36.07,80.88,-0.3035,-0.88,0,1.2605,8.125,0.0577,7.7371,0.0041,1.191,0.0003
p002,Lionel Messi,Inter Miami,FW,26,2025-02-03,7.908,36.33,85.87,0.6897,-5.25,0,-1.5359,8.1082,-0.0256,7.7631,0.1071,1.275,0.0004
p003,Kylian Mbappé,Real Madrid,FW,1,2024-08-12,8.085,181.09,181.09,-0.159,-10.57,0,,,,,-0.159,1.0,0.0008
p003,Kylian Mbappé,Real Madrid,FW,2,2024-08-19,8.152,181.37,93.32,0.0181,25.47,0,0.7071,8.1185,,8.1212,-0.0704,0.9,0.0005
p003,Kylian Mbappé,Real Madrid,FW,3,2024-08-26,8.825,180.86,93.01,-0.3244,29.12,0,1.1508,8.354,,8.3948,-0.1551,0.881,0.0003
p003,Kylian Mbappé,Real Madrid,FW,4,2024-09-02,9.395,182.33,95.14,-0.0652,22.45,0,1.2623,8.6142,,8.7087,-0.1326,1.079,0.0003
p003,Kylian Mbappé,Real Madrid,FW,5,2024-09-09,9.584,181.33,99.7,0.3652,36.41,0,1.1256,8.8082,0.4241,8.9447,-0.0016,0.942,0.0004
p003,Kylian Mbappé,Real Madrid,FW,6,2024-09-16,9.261,182.3,105.91,0.3907,29.75,0,0.3809,9.0434,0.2977,9.0209,0.0916,1.052,0.0003
p003,Kylian Mbappé,Real Madrid,FW,7,2024-09-23,9.697,182.41,104.89,0.7083,27.22,0,1.0154,9.3524,0.161,9.1701,0.3498,1.15,0.0003
p003,Kylian Mbappé,Real Madrid,FW,8,2024-09-30,9.106,182.45,111.79,0.4771,43.3,0,-1.2689,9.4086,-0.0465,9.1569,0.4853,1.123,0.0006
p003,Kylian Mbappé,Real Madrid,FW,9,2024-10-07,8.808,182.12,112.89,0.1793,40.68,0,-1.3413,9.2912,-0.1707,9.0888,0.4388,0.721,0.0016
p003,Kylian Mbappé,Real Madrid,FW,10,2024-10-14,8.773,182.59,112.18,0.399,37.57,0,-0.9428,9.129,-0.1865,9.0298,0.4409,1.081,0.0015
p003,Kylian Mbappé,Real Madrid,FW,11,2024-10-21,8.2,183.15,114.88,-0.0265,18.11,0,-1.3137,8.9168,-0.3327,8.8803,0.2572,0.871,0.0007
p003,Kylian Mbappé,Real Madrid,FW,12,2024-10-28,8.042,183.37,112.55,0.0692,20.79,0,-1.2163,8.5858,-0.2736,8.7337,0.1552,0.958,0.0014
p003,Kylian Mbappé,Real Madrid,FW,13,2024-11-04,8.334,183.74,106.38,0.4062,32.88,0,-0.2832,8.4314,-0.1679,8.6655,0.212,0.881,0.001
p003,Kylian Mbappé,Real Madrid,FW,14,2024-11-11,8.097,183.35,107.1,0.1555,42.45,0,-0.6572,8.2892,-0.1218,8.5705,0.1511,0.887,0.0024
p003,Kylian Mbappé,Real Madrid,FW,15,2024-11-18,8.381,184.03,102.7,0.1974,34.13,0,1.1627,8.2108,0.0417,8.5393,0.2071,1.287,0.0002
p003,Kylian Mbappé,Real Madrid,FW,16,2024-11-25,9.203,183.63,95.71,-0.1393,36.58,0,1.6985,8.4114,0.2369,8.6469,0.155,0.94,0.0003
p003,Kylian Mbappé,Real Madrid,FW,17,2024-12-02,9.347,183.24,97.2,0.3656,5.8,0,1.1986,8.6724,0.3132,8.759,0.1448,1.024,0.0004
p003,Kylian Mbappé,Real Madrid,FW,18,2024-12-09,9.652,184.04,97.57,0.1603,5.39,0,1.0779,8.936,0.4076,8.9005,0.146,0.878,0.0003
p003,Kylian Mbappé,Real Madrid,FW,19,2024-12-16,10.0,183.93,98.33,0.3044,15.99,0,1.1278,9.3166,0.3687,9.0733,0.1728,1.143,0.0003
p003,Kylian Mbappé,Real Madrid,FW,20,2024-12-23,9.861,182.88,103.63,-0.1949,-0.62,0,0.7392,9.6126,0.1969,9.1962,0.1588,0.847,0.0004
p003,Kylian Mbappé,Real Madrid,FW,21,2024-12-30,10.0,183.41,105.56,0.6875,-24.19,0,0.8231,9.772,0.1515,9.3209,0.2393,1.035,0.0003
p003,Kylian Mbappé,Real Madrid,FW,22,2025-01-06,9.825,183.58,109.98,0.0619,-9.39,0,-0.295,9.8676,0.0346,9.3987,0.2147,1.176,0.0003
p003,Kylian Mbappé,Real Madrid,FW,23,2025-01-13,9.962,183.79,110.82,0.824,4.16,0,0.3972,9.9296,-0.0112,9.4853,0.3446,1.278,0.0006
p003,Kylian Mbappé,Real Madrid,FW,24,2025-01-20,10.0,183.66,112.65,0.0519,-0.48,0,0.8632,9.9296,0.024,9.5641,0.4063,0.786,0.0005
p003,Kylian Mbappé,Real Madrid,FW,25,2025-01-27,9.739,183.47,116.65,-0.2763,30.16,0,-1.4141,9.9052,-0.0347,9.5908,0.1654,0.94,0.0005
p003,Kylian Mbappé,Real Madrid,FW,26,2025-02-03,8.909,183.84,123.85,0.2705,21.87,0,-1.739,9.687,-0.2055,9.487,0.2175,0.76,0.9984
p004,Erling Haaland,Man City,FW,1,2024-08-12,9.046,179.77,179.77,0.0598,-21.84,0,,,,,0.0598,1.0,0.0006
p004,Erling Haaland,Man City,FW,2,2024-08-19,9.29,181.2,110.13,0.2845,48.44,0,0.7071,9.168,,9.1779,0.1722,1.177,0.0004
p004,Erling Haaland,Man City,FW,3,2024-08-26,9.408,181.89,111.29,0.339,36.21,0,0.8667,9.248,,9.2673,0.2278,1.152,0.0003
p004,Erling Haaland,Man City,FW,4,2024-09-02,9.637,181.82,111.85,0.3589,44.66,0,1.1856,9.3452,,9.3833,0.2606,0.943,0.0003
p004,Erling Haaland,Man City,FW,5,2024-09-09,9.475,180.49,114.57,0.7598,39.5,0,0.47,9.3712,0.1205,9.4081,0.4356,0.805,0.0003
p004,Erling Haaland,Man City,FW,6,2024-09-16,9.988,181.74,112.32,0.1416,36.76,0,1.5847,9.5596,0.1463,9.5477,0.3998,1.062,0.0003
p004,Erling Haaland,Man City,FW,7,2024-09-23,10.0,180.95,115.09,-0.1292,20.34,0,1.0671,9.7016,0.1535,9.6476,0.2828,1.221,0.0003
p004,Erling Haaland,Man City,FW,8,2024-09-30,10.0,180.52,117.21,0.2198,19.01,0,0.7265,9.82,0.1251,9.7202,0.248,0.942,0.0003
p004,Erling Haaland,Man City,FW,9,2024-10-07,10.0,180.28,118.8,-0.2951,21.96,0,0.46,9.8926,0.1062,9.7749,-0.0157,1.044,0.0003
p004,Erling Haaland,Man City,FW,10,2024-10-14,10.0,180.61,120.03,0.2494,20.36,0,0.4472,9.9976,0.0024,9.8169,0.0112,1.08,0.0007
p004,Erling Haaland,Man City,FW,11,2024-10-21,9.757,180.02,122.71,0.239,27.36,0,-1.7889,9.9514,-0.0486,9.8061,0.1033,0.835,0.9983
p004,Erling Haaland,Man City,FW,12,2024-10-28,9.979,180.86,120.86,0.4867,13.97,0,0.298,9.9472,-0.0285,9.8363,0.17,1.139,0.0006
p004,Erling Haaland,Man City,FW,13,2024-11-04,10.0,181.09,121.41,-0.0,21.87,0,0.4948,9.9472,-0.0021,9.8643,0.2438,0.879,0.0005
p004,Erling Haaland,Man City,FW,14,2024-11-11,9.882,180.4,122.95,0.2351,25.04,0,-0.3956,9.9236,0.0007,9.8672,0.2402,0.994,0.0005
p004,Erling Haaland,Man City,FW,15,2024-11-18,10.0,179.11,122.14,-0.3455,21.66,0,0.7266,9.9236,0.0389,9.8891,0.0941,0.802,0.0004
p004,Erling Haaland,Man City,FW,16,2024-11-25,10.0,179.72,122.08,0.0905,22.13,0,0.5426,9.9722,0.0042,9.907,-0.005,1.248,0.0008
p004,Erling Haaland,Man City,FW,17,2024-12-02,9.44,178.68,127.38,-0.0348,25.78,0,-1.7488,9.8644,-0.1002,9.8323,-0.0137,0.891,0.9985
p004,Erling Haaland,Man City,FW,18,2024-12-09,9.075,178.12,128.37,-0.3832,28.11,0,-1.4776,9.6794,-0.2174,9.7122,-0.1682,1.205,0.0014
p004,Erling Haaland,Man City,FW,19,2024-12-16,8.965,178.41,126.3,0.6379,60.78,0,-1.0781,9.496,-0.2995,9.5948,0.0776,0.768,0.001
p004,Erling Haaland,Man City,FW,20,2024-12-23,9.169,178.12,121.85,0.1173,49.07,0,-0.3885,9.3298,-0.2137,9.5283,0.0843,0.973,0.0015
p004,Erling Haaland,Man City,FW,21,2024-12-30,9.293,177.97,119.26,0.0309,56.11,0,0.5644,9.1884,-0.02,9.4918,0.1007,1.199,0.0004
p004,Erling Haaland,Man City,FW,22,2025-01-06,9.499,178.38,116.75,0.6975,52.51,0,1.45,9.2002,0.1176,9.4929,0.3709,0.955,0.0003
p004,Erling Haaland,Man City,FW,23,2025-01-13,9.387,177.47,117.08,-0.1012,54.43,0,0.6041,9.2626,0.1174,9.4767,0.1861,0.996,0.0003
p004,Erling Haaland,Man City,FW,24,2025-01-20,9.41,177.38,117.07,0.1185,50.16,0,0.4647,9.3516,0.0576,9.4665,0.1864,0.98,0.0004
p004,Erling Haaland,Man City,FW,25,2025-01-27,9.787,177.34,113.86,0.4158,42.69,0,1.649,9.4752,0.0899,9.5154,0.2826,1.132,0.0003
p004,Erling Haaland,Man City,FW,26,2025-02-03,9.887,177.9,114.27,0.2166,32.46,0,1.2823,9.594,0.1176,9.572,0.1624,0.713,0.0003
p005,Kevin De Bruyne,Man City,MF,1,2024-08-12,7.62,69.33,69.33,-0.0602,-6.5,0,,,,,-0.0602,1.0,0.0006
p005,Kevin De Bruyne,Man City,MF,2,2024-08-19,7.412,69.21,84.53,0.2923,0.22,0,-0.7071,7.516,,7.5076,0.116,1.237,0.0002
p005,Kevin De Bruyne,Man City,MF,3,2024-08-26,6.864,68.75,83.98,-0.1962,-4.92,0,-1.113,7.2987,,7.2574,0.012,1.049,0.0003
p005,Kevin De Bruyne,Man City,MF,4,2024-09-02,7.184,67.98,79.36,0.229,-10.72,0,-0.2654,7.27,,7.2344,0.0662,1.075,0.0002
p005,Kevin De Bruyne,Man City,MF,5,2024-09-09,6.634,68.5,81.41,0.5598,-4.69,0,-1.2735,7.1428,-0.22,7.0725,0.2212,0.871,0.0029
p005,Kevin De Bruyne,Man City,MF,6,2024-09-16,6.881,67.51,77.03,-0.2162,-9.02,0,-0.3748,6.995,-0.1292,7.0264,0.0941,1.022,0.0013
p005,Kevin De Bruyne,Man City,MF,7,2024-09-23,6.502,67.58,78.32,0.2117,-3.15,0,-1.1891,6.813,-0.1027,6.9106,0.1961,0.807,0.0018
p005,Kevin De Bruyne,Man City,MF,8,2024-09-30,6.624,67.79,75.09,0.653,-5.98,0,-0.519,6.765,-0.1252,6.8515,0.3021,1.198,0.0011
p005,Kevin De Bruyne,Man City,MF,9,2024-10-07,7.295,67.9,69.35,0.112,1.76,0,1.6096,6.7872,0.1065,6.9381,0.1901,0.751,0.0002
p005,Kevin De Bruyne,Man City,MF,10,2024-10-14,7.509,67.75,69.82,0.3131,-1.84,0,1.2691,6.9622,0.2049,7.0447,0.3224,0.901,0.0002
p005,Kevin De Bruyne,Man City,MF,11,2024-10-21,7.458,68.11,72.62,-0.0825,-9.09,0,0.7953,7.0776,0.2797,7.1192,0.2489,1.274,0.0002
p005,Kevin De Bruyne,Man City,MF,12,2024-10-28,7.609,68.99,73.26,0.611,-24.55,0,0.7867,7.299,0.2133,7.2048,0.2384,1.028,0.0002
p005,Kevin De Bruyne,Man City,MF,13,2024-11-04,7.407,69.64,76.76,0.0027,-16.61,0,-0.4162,7.4556,0.0324,7.2393,0.2111,1.026,0.0002
p005,Kevin De Bruyne,Man City,MF,14,2024-11-11,8.245,68.83,71.34,-0.2266,-12.28,0,1.746,7.6456,0.1421,7.4075,0.0761,1.053,0.0003
p005,Kevin De Bruyne,Man City,MF,15,2024-11-18,7.971,69.54,77.42,-0.4699,-20.63,0,0.6488,7.738,0.1662,7.5001,-0.0207,1.066,0.0002
p005,Kevin De Bruyne,Man City,MF,16,2024-11-25,7.927,70.39,79.98,0.1157,-23.45,0,0.2906,7.8318,0.12,7.5693,-0.1445,0.754,0.0002
p005,Kevin De Bruyne,Man City,MF,17,2024-12-02,8.107,71.65,80.27,-0.1607,-20.48,0,0.5513,7.9314,0.1082,7.6553,-0.1854,1.037,0.0003
p005,Kevin De Bruyne,Man City,MF,18,2024-12-09,8.252,71.15,81.25,0.0883,5.27,0,1.0065,8.1004,0.015,7.7499,-0.1066,0.874,0.0002
p005,Kevin De Bruyne,Man City,MF,19,2024-12-16,8.437,72.5,82.12,0.2914,-3.2,0,1.4226,8.1388,0.1257,7.8579,0.0837,1.233,0.0003
p005,Kevin De Bruyne,Man City,MF,20,2024-12-23,8.266,70.91,86.08,-0.1498,4.68,0,0.3565,8.1978,0.1008,7.9216,0.0173,0.815,0.0002
p005,Kevin De Bruyne,Man City,MF,21,2024-12-30,8.185,71.43,88.28,0.1541,11.53,0,-0.5263,8.2494,0.017,7.9624,0.096,0.938,0.0003
p005,Kevin De Bruyne,Man City,MF,22,2025-01-06,8.508,71.99,86.75,0.048,-20.88,0,1.3086,8.3296,0.026,8.0466,0.0859,1.066,0.0002
p005,Kevin De Bruyne,Man City,MF,23,2025-01-13,8.839,72.43,86.23,-0.0539,-24.26,0,1.5408,8.447,0.1046,8.1684,-0.0004,1.285,0.0002
p005,Kevin De Bruyne,Man City,MF,24,2025-01-20,8.96,71.6,88.27,0.0558,-21.4,0,1.1949,8.5516,0.2042,8.2896,0.051,1.139,0.0002
p005,Kevin De Bruyne,Man City,MF,25,2025-01-27,9.453,73.02,87.38,0.1574,-2.19,0,1.3872,8.789,0.2988,8.4671,0.0518,1.001,0.0002
p005,Kevin De Bruyne,Man City,MF,26,2025-02-03,9.812,75.03,88.93,0.29,-17.81,0,1.3496,9.1144,0.3222,8.6719,0.1123,0.633,0.0003
p006,Jude Bellingham,Real Madrid,MF,1,2024-08-12,7.704,178.97,178.97,0.5019,-11.92,0,,,,,0.5019,1.0,0.0006
p006,Jude Bellingham,Real Madrid,MF,2,2024-08-19,7.765,178.8,86.87,-0.027,14.62,0,0.7071,7.7345,,7.737,0.2374,1.047,0.0005
p006,Jude Bellingham,Real Madrid,MF,3,2024-08-26,7.409,178.44,87.54,-0.2246,2.0,0,-1.1398,7.626,,7.6095,0.0834,1.116,0.0002
p006,Jude Bellingham,Real Madrid,MF,4,2024-09-02,8.05,178.81,83.67,0.7794,17.23,0,1.2097,7.732,,7.7477,0.2574,0.763,0.0002
p006,Jude Bellingham,Real Madrid,MF,5,2024-09-09,7.836,178.87,87.0,0.3714,12.48,0,0.3581,7.7528,0.0549,7.7715,0.2248,1.238,0.0002
p006,Jude Bellingham,Real Madrid,MF,6,2024-09-16,7.837,179.28,87.45,0.1428,16.35,0,0.2472,7.7794,0.0571,7.7873,0.2672,0.972,0.0003
p006,Jude Bellingham,Real Madrid,MF,7,2024-09-23,7.587,179.41,89.24,0.2556,20.83,0,-0.6302,7.7438,0.0143,7.7431,0.3873,1.21,0.0003
p006,Jude Bellingham,Real Madrid,MF,8,2024-09-30,7.027,179.33,91.26,0.2807,-4.5,0,-1.6264,7.6674,-0.2295,7.5954,0.2626,0.966,0.9989
p006,Jude Bellingham,Real Madrid,MF,9,2024-10-07,7.209,179.73,87.39,-0.0308,5.27,0,-0.788,7.4992,-0.2064,7.52,0.1621,0.984,0.0011
p006,Jude Bellingham,Real Madrid,MF,10,2024-10-14,6.662,178.54,89.45,0.5197,13.16,0,-1.3035,7.2644,-0.2728,7.3597,0.2563,0.777,0.0014
p006,Jude Bellingham,Real Madrid,MF,11,2024-10-21,6.8,178.4,84.81,0.7992,-5.01,0,-0.7081,7.057,-0.1939,7.2589,0.3922,0.957,0.0018
p006,Jude Bellingham,Real Madrid,MF,12,2024-10-28,6.723,177.43,83.02,0.063,-4.54,0,-0.7063,6.8842,-0.1017,7.1652,0.3378,0.796,0.0013
p006,Jude Bellingham,Real Madrid,MF,13,2024-11-04,6.355,176.44,83.52,0.1983,8.73,0,-1.2848,6.7498,-0.1647,7.0269,0.395,1.282,0.0011
p006,Jude Bellingham,Real Madrid,MF,14,2024-11-11,6.793,177.72,76.99,0.2831,7.37,0,0.6904,6.6666,-0.0183,6.9878,0.3359,1.082,0.0003
p006,Jude Bellingham,Real Madrid,MF,15,2024-11-18,7.0,178.53,74.49,0.3195,3.94,0,1.1274,6.7342,0.047,6.9898,0.216,0.765,0.0002
p006,Jude Bellingham,Real Madrid,MF,16,2024-11-25,7.11,179.04,73.13,-0.0659,12.74,0,1.0763,6.7962,0.1419,7.0093,0.1838,1.14,0.0004
p006,Jude Bellingham,Real Madrid,MF,17,2024-12-02,7.415,178.91,71.26,0.488,0.69,0,1.2184,6.9346,0.2437,7.0743,0.2562,0.948,0.0002
p006,Jude Bellingham,Real Madrid,MF,18,2024-12-09,6.848,180.97,77.78,0.4012,-3.85,0,-0.7487,7.0332,0.0525,7.0384,0.2857,0.988,0.0004
p006,Jude Bellingham,Real Madrid,MF,19,2024-12-16,6.685,181.0,78.17,-0.5741,3.72,0,-1.1809,7.0116,-0.0892,6.9829,0.0623,0.994,0.0015
p006,Jude Bellingham,Real Madrid,MF,20,2024-12-23,6.819,180.6,75.77,0.05,-8.58,0,-0.5393,6.9754,-0.1312,6.9573,0.0913,1.206,0.0022
p006,Jude Bellingham,Real Madrid,MF,21,2024-12-30,7.669,180.26,68.52,0.4755,-6.03,0,1.3555,7.0872,0.0479,7.0677,0.0881,1.047,0.0002
p006,Jude Bellingham,Real Madrid,MF,22,2025-01-06,7.732,181.58,70.74,0.1525,-9.26,0,1.1485,7.1506,0.2752,7.1702,0.026,0.858,0.0003
p006,Jude Bellingham,Real Madrid,MF,23,2025-01-13,7.587,181.45,74.39,-0.2688,-12.27,0,0.573,7.2984,0.2717,7.2342,0.1023,1.096,0.0002
p006,Jude Bellingham,Real Madrid,MF,24,2025-01-20,6.785,181.57,82.27,0.225,-4.25,0,-1.1245,7.3184,-0.015,7.1655,0.1461,0.969,0.0004
p006,Jude Bellingham,Real Madrid,MF,25,2025-01-27,7.458,182.29,75.28,0.2982,-12.18,0,0.0308,7.4462,-0.1369,7.2101,0.1017,1.008,0.0008
p006,Jude Bellingham,Real Madrid,MF,26,2025-02-03,7.551,182.45,75.65,-0.6989,-11.09,0,0.3472,7.4226,-0.0491,7.262,-0.1111,0.899,0.0008
p007,Vinícius Júnior,Real Madrid,FW,1,2024-08-12,8.555,181.08,181.08,0.5544,-12.82,0,,,,,0.5544,1.0,0.0006
p007,Vinícius Júnior,Real Madrid,FW,2,2024-08-19,8.543,182.25,100.39,0.2077,21.31,0,-0.7071,8.549,,8.5485,0.381,1.1,0.0005
p007,Vinícius Júnior,Real Madrid,FW,3,2024-08-26,9.344,181.79,100.12,0.0378,22.53,0,1.1546,8.814,,8.8577,0.2666,1.21,0.0003
p007,Vinícius Júnior,Real Madrid,FW,4,2024-09-02,9.093,180.75,105.37,-0.1026,33.15,0,0.5232,8.8837,,8.9316,0.1743,0.994,0.0003
p007,Vinícius Júnior,Real Madrid,FW,5,2024-09-09,9.189,182.37,106.21,0.2156,34.48,0,0.656,8.9448,0.1818,9.001,0.0896,1.1,0.0003
p007,Vinícius Júnior,Real Madrid,FW,6,2024-09-16,9.578,182.96,104.9,0.1334,51.85,0,1.1122,9.1494,0.1915,9.1399,0.071,0.776,0.0003
p007,Vinícius Júnior,Real Madrid,FW,7,2024-09-23,9.17,183.23,110.7,0.0706,46.99,0,-0.5446,9.2748,0.0137,9.1466,0.0792,0.859,0.0003
p007,Vinícius Júnior,Real Madrid,FW,8,2024-09-30,9.412,183.76,109.31,-0.1827,41.01,0,0.6156,9.2884,0.0619,9.2013,0.0592,1.17,0.0003
p007,Vinícius Júnior,Real Madrid,FW,9,2024-10-07,10.0,183.47,106.61,0.0727,16.98,0,1.5552,9.4698,0.1456,9.3572,0.0235,1.205,0.0003
p007,Vinícius Júnior,Real Madrid,FW,10,2024-10-14,10.0,182.92,110.12,0.2188,36.83,0,1.0057,9.632,0.1674,9.4773,0.0448,0.983,0.0004
p007,Vinícius Júnior,Real Madrid,FW,11,2024-10-21,10.0,182.61,112.87,0.4728,14.79,0,0.7132,9.7164,0.2248,9.5714,0.1454,1.101,0.0004
p007,Vinícius Júnior,Real Madrid,FW,12,2024-10-28,9.774,181.96,116.69,0.1279,35.46,0,-0.2459,9.8372,0.0724,9.6069,0.223,0.99,0.0004
p007,Vinícius Júnior,Real Madrid,FW,13,2024-11-04,9.942,180.76,116.28,0.1706,22.08,0,-0.0123,9.9432,-0.0342,9.664,0.2475,1.043,0.0005
p007,Vinícius Júnior,Real Madrid,FW,14,2024-11-11,9.671,180.09,119.66,0.367,26.65,0,-1.3953,9.8774,-0.0716,9.6652,0.2846,0.863,0.0007
p007,Vinícius Júnior,Real Madrid,FW,15,2024-11-18,9.639,180.26,119.93,-0.9551,37.53,0,-1.0344,9.8052,-0.0825,9.6609,-0.0724,1.102,0.0019
p007,Vinícius Júnior,Real Madrid,FW,16,2024-11-25,9.147,181.51,123.56,0.2331,29.72,0,-1.6413,9.6346,-0.1557,9.5776,-0.0461,0.806,0.9988
p007,Vinícius Júnior,Real Madrid,FW,17,2024-12-02,8.23,180.56,128.56,0.5169,34.65,0,-1.6202,9.3258,-0.3948,9.3619,0.0405,0.92,0.9963
p007,Vinícius Júnior,Real Madrid,FW,18,2024-12-09,8.063,180.81,124.61,-0.0135,37.32,0,-1.1601,8.95,-0.4625,9.156,-0.0546,0.77,0.001
p007,Vinícius Júnior,Real Madrid,FW,19,2024-12-16,7.919,182.3,120.71,-0.1141,20.41,0,-0.9039,8.5996,-0.4524,8.9616,0.1556,1.03,0.0007
p007,Vinícius Júnior,Real Madrid,FW,20,2024-12-23,7.775,182.89,117.08,0.1758,8.83,0,-0.8345,8.2268,-0.3055,8.7764,0.1413,1.318,0.0006
p007,Vinícius Júnior,Real Madrid,FW,21,2024-12-30,8.032,183.3,110.55,0.0001,22.56,0,0.1663,8.0038,-0.0684,8.661,0.0121,1.063,0.0007
p007,Vinícius Júnior,Real Madrid,FW,22,2025-01-06,8.395,182.97,104.87,-0.236,33.09,0,1.558,8.0368,0.0777,8.6199,-0.0435,1.095,0.0003
p007,Vinícius Júnior,Real Madrid,FW,23,2025-01-13,8.512,181.88,102.95,0.6457,26.32,0,1.2245,8.1266,0.1806,8.6033,0.1464,0.768,0.0004
p007,Vinícius Júnior,Real Madrid,FW,24,2025-01-20,8.741,181.79,100.74,0.1568,24.85,0,1.1663,8.291,0.2412,8.6244,0.1417,0.791,0.0003
p007,Vinícius Júnior,Real Madrid,FW,25,2025-01-27,8.489,182.7,103.24,0.869,17.83,0,0.2139,8.4338,0.126,8.6037,0.3589,0.935,0.0003
p007,Vinícius Júnior,Real Madrid,FW,26,2025-02-03,8.139,182.27,105.49,-0.2525,12.2,0,-1.4521,8.4552,-0.0535,8.533,0.3548,1.112,0.0004
p008,Mohamed Salah,Liverpool,FW,1,2024-08-12,7.776,100.83,100.83,0.1402,-14.48,0,,,,,0.1402,1.0,0.0007
p008,Mohamed Salah,Liverpool,FW,2,2024-08-19,7.788,100.5,87.92,0.9182,14.12,0,0.7071,7.782,,7.7825,0.5292,0.905,0.0005
p008,Mohamed Salah,Liverpool,FW,3,2024-08-26,8.109,100.49,87.66,0.4279,-0.89,0,1.1541,7.891,,7.9094,0.4954,1.164,0.0002
p008,Mohamed Salah,Liverpool,FW,4,2024-09-02,8.422,100.65,88.5,-0.1872,2.53,0,1.297,8.0238,,8.0703,0.3248,0.845,0.0003
p008,Mohamed Salah,Liverpool,FW,5,2024-09-09,8.365,101.77,90.94,0.1342,8.86,0,0.8904,8.092,0.1812,8.1497,0.3233,1.192,0.0003
p008,Mohamed Salah,Liverpool,FW,6,2024-09-16,8.297,102.97,93.4,0.244,23.74,0,0.3925,8.1962,0.1274,8.1852,0.1547,1.089,0.0002
p008,Mohamed Salah,Liverpool,FW,7,2024-09-23,7.967,103.4,96.06,-0.5707,1.96,0,-1.3997,8.232,-0.0409,8.137,-0.0949,0.812,0.0003
p008,Mohamed Salah,Liverpool,FW,8,2024-09-30,7.718,103.54,96.6,0.4684,11.24,0,-1.4489,8.1538,-0.1806,8.0506,0.069,0.748,0.0015
p008,Mohamed Salah,Liverpool,FW,9,2024-10-07,7.967,103.31,93.06,-0.1599,0.32,0,-0.3599,8.0628,-0.1375,8.0343,-0.0046,0.987,0.0011
p008,Mohamed Salah,Liverpool,FW,10,2024-10-14,8.194,104.96,91.13,-0.0783,8.65,0,0.7334,8.0286,-0.0206,8.0641,-0.0851,1.045,0.0003
p008,Mohamed Salah,Liverpool,FW,11,2024-10-21,8.281,106.18,91.2,-0.2417,8.67,0,1.1574,8.0254,0.1104,8.1032,-0.0029,1.252,0.0002
p008,Mohamed Salah,Liverpool,FW,12,2024-10-28,7.536,106.43,97.49,0.4055,2.96,0,-1.2847,7.9392,-0.005,8.004,-0.0186,1.146,0.0005
p008,Mohamed Salah,Liverpool,FW,13,2024-11-04,7.657,105.69,93.69,0.2936,-0.61,0,-0.8293,7.927,-0.1278,7.9448,0.0948,0.96,0.0016
p008,Mohamed Salah,Liverpool,FW,14,2024-11-11,8.203,106.13,88.8,0.4237,10.81,0,0.6554,7.9742,-0.0606,7.988,0.2203,0.725,0.0004
p008,Mohamed Salah,Liverpool,FW,15,2024-11-18,7.868,106.16,92.35,0.5665,-0.03,0,-0.1252,7.909,-0.0159,7.9682,0.4223,1.138,0.0003
p008,Mohamed Salah,Liverpool,FW,16,2024-11-25,8.037,107.54,90.59,0.1732,4.53,0,0.6508,7.8602,0.1213,7.9794,0.3642,0.82,0.0003
p008,Mohamed Salah,Liverpool,FW,17,2024-12-02,8.56,107.17,86.86,-0.0395,-7.58,0,1.4439,8.065,0.164,8.0723,0.281,1.226,0.0002
p008,Mohamed Salah,Liverpool,FW,18,2024-12-09,8.416,106.51,90.23,0.1787,6.62,0,0.7137,8.2168,0.1118,8.1268,0.2197,0.79,0.0002
p008,Mohamed Salah,Liverpool,FW,19,2024-12-16,8.675,105.44,89.55,-0.0805,5.06,0,1.0537,8.3112,0.1993,8.213,0.058,1.226,0.0002
p008,Mohamed Salah,Liverpool,FW,20,2024-12-23,8.578,107.23,92.41,0.2715,-11.97,0,0.4984,8.4532,0.1197,8.2699,0.0826,0.778,0.0003
p008,Mohamed Salah,Liverpool,FW,21,2024-12-30,9.154,106.77,89.31,0.4803,-1.23,0,1.6901,8.6766,0.135,8.4071,0.2125,1.052,0.0003
p008,Mohamed Salah,Liverpool,FW,22,2025-01-06,8.325,107.86,99.16,-0.1423,0.74,0,-0.9421,8.6296,0.0297,8.3944,0.1322,1.028,0.0003
p008,Mohamed Salah,Liverpool,FW,23,2025-01-13,8.064,108.09,100.31,0.1813,6.13,0,-1.2121,8.5592,-0.1475,8.3436,0.1977,1.18,0.0011
p008,Mohamed Salah,Liverpool,FW,24,2025-01-20,8.045,108.01,99.79,0.0776,-0.16,0,-0.8475,8.4332,-0.2156,8.2979,0.1492,1.081,0.001
p008,Mohamed Salah,Liverpool,FW,25,2025-01-27,8.343,108.08,96.32,0.0981,0.35,0,-0.0957,8.3862,-0.1902,8.3048,0.0537,0.788,0.001
p008,Mohamed Salah,Liverpool,FW,26,2025-02-03,8.171,109.23,97.84,0.3991,35.07,0,-0.1324,8.1896,-0.0029,8.2844,0.189,1.12,0.0004
p009,Harry Kane,Bayern Munich,FW,1,2024-08-12,8.51,102.61,102.61,-0.6911,-14.14,0,,,,,-0.6911,1.0,0.0006
p009,Harry Kane,Bayern Munich,FW,2,2024-08-19,8.674,103.81,100.82,0.2807,21.29,0,0.7071,8.592,,8.5986,-0.2052,0.768,0.0003
p009,Harry Kane,Bayern Munich,FW,3,2024-08-26,8.791,102.62,101.56,0.3982,7.76,0,0.9399,8.6583,,8.6734,-0.0041,0.961,0.0003
p009,Harry Kane,Bayern Munich,FW,4,2024-09-02,8.984,103.27,102.02,-0.1205,14.56,0,1.2244,8.7398,,8.7709,-0.0332,1.211,0.0003
p009,Harry Kane,Bayern Munich,FW,5,2024-09-09,9.128,103.12,102.48,0.2321,23.76,0,1.2681,8.8174,0.1546,8.8672,0.1976,0.922,0.0003
p009,Harry Kane,Bayern Munich,FW,6,2024-09-16,9.039,103.38,105.36,0.1623,-2.21,0,0.622,8.9232,0.1067,8.9086,0.168,1.025,0.0003
p009,Harry Kane,Bayern Munich,FW,7,2024-09-23,8.795,102.7,107.64,-0.1337,-1.49,0,-1.0158,8.9474,0.0063,8.8835,0.035,0.844,0.0003
p009,Harry Kane,Bayern Munich,FW,8,2024-09-30,8.835,103.35,106.85,-0.2778,0.33,0,-0.8689,8.9562,-0.0631,8.8735,-0.0043,0.867,0.0006
p009,Harry Kane,Bayern Munich,FW,9,2024-10-07,8.756,103.21,107.16,0.304,-4.29,0,-0.9465,8.9106,-0.0948,8.8506,0.0137,1.195,0.0019
p009,Harry Kane,Bayern Munich,FW,10,2024-10-14,8.079,103.87,111.29,0.6377,-5.04,0,-1.7067,8.7008,-0.1959,8.7065,0.1326,1.118,0.9987
p009,Harry Kane,Bayern Munich,FW,11,2024-10-21,7.74,103.41,110.39,0.0277,-3.32,0,-1.4004,8.441,-0.2866,8.5323,0.1729,0.776,0.0005
p009,Harry Kane,Bayern Munich,FW,12,2024-10-28,7.636,103.97,107.1,-0.4474,8.03,0,-1.0228,8.2092,-0.3414,8.3756,0.1305,0.832,0.0006
p009,Harry Kane,Bayern Munich,FW,13,2024-11-04,7.993,104.0,100.79,-0.5716,10.83,0,-0.109,8.0408,-0.1969,8.3103,-0.0884,0.996,0.0015
p009,Harry Kane,Bayern Munich,FW,14,2024-11-11,8.058,104.13,98.18,0.1356,8.33,0,0.7817,7.9012,0.0211,8.2681,-0.2139,1.347,0.0003
p009,Harry Kane,Bayern Munich,FW,15,2024-11-18,7.769,103.84,99.93,-0.3452,6.05,0,-0.3931,7.8392,0.048,8.1861,-0.3072,0.914,0.0003
p009,Harry Kane,Bayern Munich,FW,16,2024-11-25,7.365,104.79,101.02,-0.3985,11.37,0,-1.4237,7.7642,-0.0766,8.0531,-0.2949,0.864,0.0013
p009,Harry Kane,Bayern Munich,FW,17,2024-12-02,7.763,104.92,94.76,-0.1402,8.2,0,-0.098,7.7896,-0.1153,8.0066,-0.1871,1.139,0.0016
p009,Harry Kane,Bayern Munich,FW,18,2024-12-09,7.704,105.25,94.09,0.2954,15.65,0,-0.1125,7.7318,-0.0714,7.9586,-0.1471,0.901,0.0004
p009,Harry Kane,Bayern Munich,FW,19,2024-12-16,6.724,105.37,100.5,0.2684,8.14,0,-1.6596,7.465,-0.1751,7.7646,0.0063,0.839,0.999
p009,Harry Kane,Bayern Munich,FW,20,2024-12-23,6.673,106.49,96.16,0.3151,7.83,0,-1.0963,7.2458,-0.2423,7.5943,0.1847,0.917,0.0015
p009,Harry Kane,Bayern Munich,FW,21,2024-12-30,6.945,106.5,89.87,-0.0474,6.45,0,-0.4074,7.1618,-0.2667,7.4936,0.2079,1.246,0.0013
p009,Harry Kane,Bayern Munich,FW,22,2025-01-06,6.563,107.7,90.39,-0.027,-2.0,0,-0.782,6.9218,-0.2061,7.3499,0.1273,0.909,0.0022
p009,Harry Kane,Bayern Munich,FW,23,2025-01-13,6.599,107.81,86.58,0.4205,-6.05,0,-0.6776,6.7008,-0.036,7.2346,0.1653,1.285,0.0003
p009,Harry Kane,Bayern Munich,FW,24,2025-01-20,6.649,108.64,83.34,0.0109,-4.01,0,-0.2436,6.6858,-0.0394,7.1449,0.0892,0.915,0.0003
p009,Harry Kane,Bayern Munich,FW,25,2025-01-27,6.255,108.62,84.23,-0.2835,9.4,0,-1.4122,6.6022,-0.1294,7.0091,0.0302,0.939,0.0008
p009,Harry Kane,Bayern Munich,FW,26,2025-02-03,6.718,108.31,77.24,-0.1255,5.77,0,0.9033,6.5568,-0.0034,6.9648,0.0056,1.011,0.0003
p010,Robert Lewandowski,Barcelona,FW,1,2024-08-12,6.916,50.01,50.01,0.2459,-2.85,0,,,,,0.2459,1.0,0.0009
p010,Robert Lewandowski,Barcelona,FW,2,2024-08-19,7.733,51.75,76.19,0.1145,-13.07,0,0.7071,7.3245,,7.3576,0.1802,0.913,0.0002
p010,Robert Lewandowski,Barcelona,FW,3,2024-08-26,7.598,52.42,80.58,-0.2302,-12.14,0,0.4163,7.4157,,7.4511,0.0434,1.065,0.0002
p010,Robert Lewandowski,Barcelona,FW,4,2024-09-02,7.962,52.38,80.78,0.048,-13.19,0,0.9106,7.5522,,7.6114,0.0446,0.781,0.0002
p010,Robert Lewandowski,Barcelona,FW,5,2024-09-09,7.731,51.93,83.99,0.0419,-8.42,0,0.3595,7.588,0.1859,7.6436,-0.0064,0.953,0.0002
p010,Robert Lewandowski,Barcelona,FW,6,2024-09-16,7.871,52.32,84.44,0.0587,-4.28,0,0.6541,7.779,0.0409,7.6984,-0.0204,0.817,0.0002
p010,Robert Lewandowski,Barcelona,FW,7,2024-09-23,7.709,50.69,85.92,-0.2126,-3.47,0,-0.4559,7.7742,0.0131,7.7007,-0.016,1.361,0.0002
p010,Robert Lewandowski,Barcelona,FW,8,2024-09-30,7.303,50.57,89.11,0.6431,-12.95,0,-1.6313,7.7152,-0.134,7.6187,0.1328,1.049,0.999
p010,Robert Lewandowski,Barcelona,FW,9,2024-10-07,7.447,50.41,86.36,-0.3383,-5.12,0,-0.7153,7.6122,-0.1136,7.5852,0.0377,0.979,0.0008
p010,Robert Lewandowski,Barcelona,FW,10,2024-10-14,7.371,49.2,86.13,0.4771,-6.77,0,-0.7033,7.5402,-0.1262,7.5452,0.1423,1.1,0.0008
p010,Robert Lewandowski,Barcelona,FW,11,2024-10-21,7.173,48.53,86.61,0.0873,-3.12,0,-1.1399,7.4006,-0.1004,7.4782,0.2173,0.932,0.0014
p010,Robert Lewandowski,Barcelona,FW,12,2024-10-28,6.726,47.77,88.28,-0.1679,-6.74,0,-1.6739,7.204,-0.1428,7.3466,0.0146,1.051,0.9993
p010,Robert Lewandowski,Barcelona,FW,13,2024-11-04,6.849,47.77,84.29,0.5818,-10.3,0,-0.8342,7.1132,-0.1841,7.2617,0.2446,1.111,0.0018
p010,Robert Lewandowski,Barcelona,FW,14,2024-11-11,7.061,47.68,80.7,-0.656,-12.68,0,0.0976,7.036,-0.0944,7.2282,-0.0387,0.807,0.0014
p010,Robert Lewandowski,Barcelona,FW,15,2024-11-18,7.183,47.24,78.98,-0.1713,-18.5,0,0.9089,6.9984,0.0355,7.2207,-0.1034,0.734,0.0002
p010,Robert Lewandowski,Barcelona,FW,16,2024-11-25,7.343,46.45,77.58,0.0285,-9.47,0,1.2487,7.0324,0.1568,7.2405,-0.0542,1.115,0.0003
p010,Robert Lewandowski,Barcelona,FW,17,2024-12-02,7.304,47.08,78.36,-0.1343,-13.84,0,0.7786,7.148,0.1192,7.2507,-0.2333,1.031,0.0002
p010,Robert Lewandowski,Barcelona,FW,18,2024-12-09,7.295,47.9,78.68,0.0622,-2.99,0,0.5022,7.2372,0.0589,7.2577,-0.0537,0.854,0.0002
p010,Robert Lewandowski,Barcelona,FW,19,2024-12-16,7.255,46.95,79.16,0.2635,-4.94,0,-0.3461,7.276,0.0096,7.2573,0.055,1.081,0.0004
p010,Robert Lewandowski,Barcelona,FW,20,2024-12-23,7.071,46.57,80.0,-0.2792,-20.59,0,-1.7104,7.2536,-0.0593,7.2282,-0.0219,1.106,0.9976
p010,Robert Lewandowski,Barcelona,FW,21,2024-12-30,6.934,46.21,80.93,0.1609,-15.19,0,-1.4588,7.1718,-0.0964,7.1826,0.0519,0.797,0.0028
p010,Robert Lewandowski,Barcelona,FW,22,2025-01-06,7.105,46.36,78.47,0.2933,-5.33,0,-0.1848,7.132,-0.0701,7.1706,0.1096,0.838,0.0004
p010,Robert Lewandowski,Barcelona,FW,23,2025-01-13,7.6,46.41,74.3,-0.2515,-2.93,0,1.5988,7.193,0.0724,7.2366,-0.0191,1.368,0.0002
p010,Robert Lewandowski,Barcelona,FW,24,2025-01-20,7.262,47.45,78.58,0.1363,-11.1,0,0.2651,7.1944,0.1048,7.2405,0.0848,1.094,0.0002
p010,Robert Lewandowski,Barcelona,FW,25,2025-01-27,7.243,46.36,78.82,0.0393,-8.8,0,0.0578,7.2288,0.0775,7.2409,0.0544,0.835,0.0002
p010,Robert Lewandowski,Barcelona,FW,26,2025-02-03,6.859,47.26,81.28,-0.2005,-5.22,0,-1.3176,7.2138,-0.0849,7.1827,-0.0691,0.746,0.0018
p011,Bukayo Saka,Arsenal,FW,1,2024-08-12,8.396,150.44,150.44,-0.3151,-7.64,0,,,,,-0.3151,1.0,0.0006
p011,Bukayo Saka,Arsenal,FW,2,2024-08-19,8.312,149.89,98.04,0.1326,38.91,0,-0.7071,8.354,,8.3506,-0.0912,0.985,0.0007
p011,Bukayo Saka,Arsenal,FW,3,2024-08-26,8.374,149.5,97.54,-0.1275,28.08,0,0.3061,8.3607,,8.3597,-0.1033,0.902,0.0005
p011,Bukayo Saka,Arsenal,FW,4,2024-09-02,8.06,148.85,98.66,0.4329,23.09,0,-1.4597,8.2855,,8.2656,0.0307,1.043,0.0002
p011,Bukayo Saka,Arsenal,FW,5,2024-09-09,8.231,150.49,96.28,0.0145,41.99,0,-0.3206,8.2746,-0.0582,8.2563,0.1131,0.746,0.0005
p011,Bukayo Saka,Arsenal,FW,6,2024-09-16,7.97,150.35,97.49,0.2618,37.32,0,-1.2899,8.1894,-0.0827,8.1874,0.1454,0.869,0.0012
p011,Bukayo Saka,Arsenal,FW,7,2024-09-23,7.031,150.05,101.61,0.376,3.36,0,-1.7093,7.9332,-0.2776,7.9321,0.2713,0.826,0.9987
p011,Bukayo Saka,Arsenal,FW,8,2024-09-30,7.465,149.05,93.45,0.223,22.79,0,-0.5804,7.7514,-0.239,7.8358,0.2188,1.116,0.0018
p011,Bukayo Saka,Arsenal,FW,9,2024-10-07,7.116,149.38,93.65,-0.0261,14.07,0,-0.85,7.5626,-0.2735,7.6953,0.2087,1.27,0.0008
p011,Bukayo Saka,Arsenal,FW,10,2024-10-14,7.093,149.18,90.65,0.0842,21.86,0,-0.6151,7.335,-0.1669,7.5828,0.1643,0.973,0.001
p011,Bukayo Saka,Arsenal,FW,11,2024-10-21,7.178,149.49,87.48,-0.3133,12.35,0,0.0083,7.1766,-0.0078,7.5099,-0.0081,0.867,0.0002
p011,Bukayo Saka,Arsenal,FW,12,2024-10-28,7.337,150.78,84.63,0.2669,14.76,0,0.6248,7.2378,-0.0194,7.4796,0.0029,1.192,0.0002
p011,Bukayo Saka,Arsenal,FW,13,2024-11-04,7.346,151.16,83.86,0.7163,16.48,0,1.0953,7.214,0.0704,7.4568,0.1885,1.172,0.0002
p011,Bukayo Saka,Arsenal,FW,14,2024-11-11,7.449,150.47,82.55,0.3491,12.98,0,1.1795,7.2806,0.088,7.4555,0.2548,0.971,0.0002
p011,Bukayo Saka,Arsenal,FW,15,2024-11-18,7.377,150.17,82.48,-0.0385,6.04,0,0.3985,7.3374,0.051,7.4426,0.3234,0.965,0.0004
p011,Bukayo Saka,Arsenal,FW,16,2024-11-25,6.881,149.26,86.52,-0.0127,-8.15,0,-1.7547,7.278,-0.0881,7.3516,0.2536,1.026,0.9988
p011,Bukayo Saka,Arsenal,FW,17,2024-12-02,6.886,148.85,84.28,0.3629,-10.11,0,-1.0767,7.1878,-0.1488,7.2771,0.1652,0.8,0.0008
p011,Bukayo Saka,Arsenal,FW,18,2024-12-09,7.087,149.78,80.92,-0.5151,-6.37,0,-0.1833,7.136,-0.1215,7.2469,-0.0509,1.114,0.0009
p011,Bukayo Saka,Arsenal,FW,19,2024-12-16,6.768,149.01,82.66,-0.2739,-13.9,0,-0.9652,6.9998,-0.1012,7.1717,-0.1097,0.85,0.0014
p011,Bukayo Saka,Arsenal,FW,20,2024-12-23,6.873,150.02,79.43,-0.1142,-8.41,0,-0.2245,6.899,-0.0134,7.1251,-0.1351,1.077,0.0004
p011,Bukayo Saka,Arsenal,FW,21,2024-12-30,7.55,149.95,73.59,-0.0914,-7.66,0,1.6614,7.0328,0.1114,7.191,-0.2486,0.986,0.0004
p011,Bukayo Saka,Arsenal,FW,22,2025-01-06,7.543,150.84,75.26,-0.4299,-15.06,0,1.0309,7.1642,0.1694,7.2453,-0.2274,1.011,0.0002
p011,Bukayo Saka,Arsenal,FW,23,2025-01-13,7.53,150.51,76.69,0.2027,-8.24,0,0.6992,7.2528,0.2194,7.289,-0.1082,0.96,0.0002
p011,Bukayo Saka,Arsenal,FW,24,2025-01-20,7.007,149.39,81.88,-0.0344,-4.14,0,-0.8826,7.3006,0.0248,7.2459,-0.0883,1.061,0.0003
p011,Bukayo Saka,Arsenal,FW,25,2025-01-27,6.626,151.08,83.81,-0.032,-16.28,0,-1.4917,7.2512,-0.2384,7.1513,-0.0734,1.041,0.0027
p011,Bukayo Saka,Arsenal,FW,26,2025-02-03,6.376,150.56,83.45,0.1191,0.43,0,-1.2191,7.0164,-0.3238,7.0332,0.0638,1.043,0.0006
p012,Phil Foden,Man City,MF,1,2024-08-12,7.684,151.05,151.05,0.2627,-9.5,0,,,,,0.2627,1.0,0.0006
p012,Phil Foden,Man City,MF,2,2024-08-19,7.745,151.74,86.53,0.4127,6.35,0,0.7071,7.7145,,7.717,0.3377,0.892,0.0005
p012,Phil Foden,Man City,MF,3,2024-08-26,7.404,151.2,87.18,-0.0845,9.43,0,-1.1383,7.611,,7.5953,0.197,1.211,0.0002
p012,Phil Foden,Man City,MF,4,2024-09-02,6.994,150.62,86.73,0.3622,-0.05,0,-1.3516,7.4568,,7.4066,0.2383,0.818,0.0003
p012,Phil Foden,Man City,MF,5,2024-09-09,7.933,150.88,79.3,0.4181,0.03,0,1.0436,7.552,-0.0253,7.5485,0.2771,1.149,0.0003
p012,Phil Foden,Man City,MF,6,2024-09-16,8.2,151.74,80.59,-0.3157,9.76,0,1.16,7.6552,0.1439,7.7054,0.095,0.776,0.0002
p012,Phil Foden,Man City,MF,7,2024-09-23,7.539,151.56,87.66,0.1141,8.34,0,-0.16,7.614,0.1476,7.6687,0.1447,0.86,0.0002
p012,Phil Foden,Man City,MF,8,2024-09-30,7.972,152.41,84.15,0.1025,8.94,0,0.5156,7.7276,0.1562,7.7312,0.0798,1.111,0.0002
p012,Phil Foden,Man City,MF,9,2024-10-07,7.754,152.72,86.97,0.4384,2.99,0,-0.5066,7.8796,-0.0586,7.7357,0.0848,1.23,0.0004
p012,Phil Foden,Man City,MF,10,2024-10-14,7.389,152.74,89.58,0.8167,6.92,0,-1.172,7.7708,-0.1407,7.6709,0.3679,0.838,0.0019
p012,Phil Foden,Man City,MF,11,2024-10-21,7.399,154.35,88.02,0.2661,2.17,0,-0.8461,7.6106,-0.0863,7.6219,0.4059,1.197,0.0007
p012,Phil Foden,Man City,MF,12,2024-10-28,7.137,154.58,88.78,0.6653,6.01,0,-1.1896,7.5302,-0.2025,7.5371,0.5466,1.161,0.0009
p012,Phil Foden,Man City,MF,13,2024-11-04,7.311,154.7,85.51,0.6518,8.68,0,-0.3867,7.398,-0.1138,7.4986,0.6,0.975,0.0016
p012,Phil Foden,Man City,MF,14,2024-11-11,7.23,153.3,84.62,-0.1355,14.06,0,-0.5705,7.2932,-0.0406,7.4537,0.3619,0.678,0.0003
p012,Phil Foden,Man City,MF,15,2024-11-18,7.188,154.6,84.44,0.237,14.38,0,-0.6277,7.253,-0.0329,7.41,0.3546,1.15,0.0005
p012,Phil Foden,Man City,MF,16,2024-11-25,7.365,154.95,82.04,0.0593,11.3,0,1.2907,7.2462,0.0333,7.4027,0.2032,1.07,0.0002
p012,Phil Foden,Man City,MF,17,2024-12-02,7.314,155.34,82.26,0.2082,10.16,0,0.4549,7.2816,0.0141,7.3885,0.0922,1.11,0.0007
p012,Phil Foden,Man City,MF,18,2024-12-09,7.021,155.16,84.17,0.2714,-6.38,0,-1.5258,7.2236,-0.0292,7.3303,0.194,0.852,0.0003
p012,Phil Foden,Man City,MF,19,2024-12-16,7.286,154.23,80.7,0.3231,-4.66,0,0.3771,7.2348,-0.0148,7.3233,0.2155,1.123,0.0004
p012,Phil Foden,Man City,MF,20,2024-12-23,7.427,154.99,79.44,-0.016,-7.18,0,0.9269,7.2826,0.0096,7.3395,0.1967,0.951,0.0002
p012,Phil Foden,Man City,MF,21,2024-12-30,7.456,155.09,79.61,0.0338,-2.18,0,0.901,7.3008,0.069,7.3576,0.1531,1.087,0.0002
p012,Phil Foden,Man City,MF,22,2025-01-06,7.81,156.67,77.28,0.2975,-8.44,0,1.4305,7.4,0.1748,7.4274,0.1596,0.701,0.0003
p012,Phil Foden,Man City,MF,23,2025-01-13,7.783,157.01,79.21,0.1653,-2.97,0,0.9934,7.5524,0.1377,7.482,0.1202,1.061,0.0002
p012,Phil Foden,Man City,MF,24,2025-01-20,7.871,157.04,79.86,-0.1095,-23.5,0,0.9567,7.6694,0.1215,7.5416,0.0968,0.887,0.0002
p012,Phil Foden,Man City,MF,25,2025-01-27,7.972,158.91,80.53,0.0415,-18.53,0,0.9964,7.7784,0.1093,7.6073,0.0987,1.136,0.0002
p012,Phil Foden,Man City,MF,26,2025-02-03,7.716,159.12,84.17,0.3854,-20.1,0,-1.1823,7.8304,0.0001,7.6238,0.1207,0.839,0.0003
p013,Rodri,Man City,MF,1,2024-08-12,7.509,151.16,151.16,0.2471,-6.84,0,,,,,0.2471,1.0,0.0006
p013,Rodri,Man City,MF,2,2024-08-19,7.582,149.85,83.62,-0.0608,-5.41,0,0.7071,7.5455,,7.5485,0.0932,0.814,0.0004
p013,Rodri,Man City,MF,3,2024-08-26,7.101,152.2,84.47,0.127,7.02,0,-1.1432,7.3973,,7.3745,0.1044,1.253,0.0003
p013,Rodri,Man City,MF,4,2024-09-02,6.814,153.19,82.88,-0.2393,-4.08,0,-1.214,7.2515,,7.1986,0.0185,0.917,0.0003
p013,Rodri,Man City,MF,5,2024-09-09,6.593,152.91,80.84,0.1243,3.81,0,-1.2277,7.1198,-0.26,7.0353,-0.0122,1.216,0.0023
p013,Rodri,Man City,MF,6,2024-09-16,6.553,154.4,77.94,0.4644,-8.48,0,-0.8832,6.9286,-0.2566,6.9192,0.1191,0.945,0.0014
p013,Rodri,Man City,MF,7,2024-09-23,6.124,152.75,78.1,0.2891,0.27,0,-1.4245,6.637,-0.2215,6.7436,0.1596,0.908,0.001
p013,Rodri,Man City,MF,8,2024-09-30,6.317,151.75,73.16,0.4057,9.88,0,-0.6136,6.4802,-0.1463,6.6557,0.3209,1.09,0.0006
p013,Rodri,Man City,MF,9,2024-10-07,6.068,152.3,72.88,0.3806,17.65,0,-1.0964,6.331,-0.1286,6.5409,0.385,1.053,0.0008
p013,Rodri,Man City,MF,10,2024-10-14,6.863,153.66,64.84,0.2207,28.17,0,1.458,6.385,0.0564,6.6011,0.324,0.886,0.0002
p013,Rodri,Man City,MF,11,2024-10-21,6.631,153.76,67.85,0.0534,15.66,0,0.6787,6.4006,0.156,6.6065,0.2651,0.857,0.0002
p013,Rodri,Man City,MF,12,2024-10-28,6.669,152.97,67.7,-0.0106,11.22,0,0.5059,6.5096,0.1267,6.6174,0.161,0.916,0.0003
p013,Rodri,Man City,MF,13,2024-11-04,6.639,152.47,68.18,0.5463,11.15,0,0.2179,6.574,0.0948,6.6211,0.2025,1.177,0.0003
p013,Rodri,Man City,MF,14,2024-11-11,6.325,151.95,70.6,0.258,5.6,0,-1.5574,6.6254,-0.1068,6.5716,0.2118,1.14,0.0016
p013,Rodri,Man City,MF,15,2024-11-18,6.287,152.8,69.71,0.2347,7.47,0,-1.1909,6.5102,-0.1032,6.5248,0.2571,1.151,0.002
p013,Rodri,Man City,MF,16,2024-11-25,6.232,152.98,69.0,0.2562,1.77,0,-0.9582,6.4304,-0.1226,6.4774,0.3238,1.025,0.0009
p013,Rodri,Man City,MF,17,2024-12-02,6.542,154.51,65.48,0.0174,0.54,0,0.7788,6.405,-0.0287,6.4877,0.1916,0.699,0.0003
p013,Rodri,Man City,MF,18,2024-12-09,6.674,156.0,64.72,0.2159,0.54,0,1.3948,6.412,0.0953,6.5172,0.1811,1.111,0.0002
p013,Rodri,Man City,MF,19,2024-12-16,6.889,154.52,63.77,-0.0879,4.11,0,1.3355,6.5248,0.1646,6.5757,0.1004,0.884,0.0002
p013,Rodri,Man City,MF,20,2024-12-23,7.193,155.19,62.84,-0.0356,-3.32,0,1.3465,6.706,0.2269,6.672,0.0275,0.802,0.0003
p013,Rodri,Man City,MF,21,2024-12-30,7.403,154.04,62.98,0.3022,-2.09,0,1.2959,6.9402,0.2241,6.7854,0.0987,0.819,0.0002
p013,Rodri,Man City,MF,22,2025-01-06,7.469,155.66,65.83,0.247,-17.4,0,1.0134,7.1256,0.2104,6.8909,0.1064,1.343,0.0002
p013,Rodri,Man City,MF,23,2025-01-13,7.224,156.66,70.34,-1.0,-6.32,0,-0.0513,7.2356,0.0946,6.9421,-0.1216,1.065,0.0002
p013,Rodri,Man City,MF,24,2025-01-20,7.278,157.06,71.17,0.3122,1.21,0,-0.2992,7.3134,-0.0009,6.9935,-0.0346,0.933,0.0002
p013,Rodri,Man City,MF,25,2025-01-27,6.984,156.56,74.75,0.3566,-8.7,0,-1.5305,7.2716,-0.1029,6.9921,-0.021,1.003,0.0013
p013,Rodri,Man City,MF,26,2025-02-03,6.95,157.21,74.41,0.0204,-7.8,0,-1.0702,7.181,-0.1278,6.9856,-0.0777,1.151,0.001
p014,Virgil van Dijk,Liverpool,DF,1,2024-08-12,7.617,71.34,71.34,-0.3117,-8.05,0,,,,,-0.3117,1.0,0.0006
p014,Virgil van Dijk,Liverpool,DF,2,2024-08-19,7.461,71.77,84.65,0.5576,-12.85,0,-0.7071,7.539,,7.5327,0.123,1.047,0.0002
p014,Virgil van Dijk,Liverpool,DF,3,2024-08-26,7.612,71.65,83.69,-0.238,-5.83,0,0.5489,7.5633,,7.5635,0.0026,0.771,0.0002
p014,Virgil van Dijk,Liverpool,DF,4,2024-09-02,7.471,71.22,84.58,-0.1238,-7.9,0,-0.8066,7.5402,,7.5345,-0.029,1.001,0.0004
p014,Virgil van Dijk,Liverpool,DF,5,2024-09-09,6.718,70.83,87.44,0.018,-17.29,0,-1.7534,7.3758,-0.1788,7.3143,0.0534,1.15,0.9989
p014,Virgil van Dijk,Liverpool,DF,6,2024-09-16,6.867,72.21,82.46,-0.1341,-13.02,0,-0.8893,7.2258,-0.2082,7.2066,-0.1195,1.183,0.0016
p014,Virgil van Dijk,Liverpool,DF,7,2024-09-23,6.813,72.92,80.59,-0.1186,-12.31,0,-0.6857,7.0962,-0.2202,7.1197,-0.0896,0.757,0.0017
p014,Virgil van Dijk,Liverpool,DF,8,2024-09-30,6.251,74.02,82.28,-0.1175,-5.51,0,-1.3144,6.824,-0.2345,6.9406,-0.088,0.886,0.0017
p014,Virgil van Dijk,Liverpool,DF,9,2024-10-07,5.866,73.56,80.91,0.1408,0.73,0,-1.4769,6.503,-0.232,6.7308,-0.0574,0.842,0.0019
p014,Virgil van Dijk,Liverpool,DF,10,2024-10-14,6.164,72.34,74.15,-0.3626,14.11,0,-0.5265,6.3922,-0.2353,6.6249,-0.1145,1.013,0.0016
p014,Virgil van Dijk,Liverpool,DF,11,2024-10-21,5.663,72.99,75.26,0.3287,9.86,0,-1.1148,6.1514,-0.2387,6.4517,-0.0026,1.369,0.002
p014,Virgil van Dijk,Liverpool,DF,12,2024-10-28,5.509,71.6,72.35,-0.6261,-5.53,0,-1.2027,5.8906,-0.1687,6.2868,-0.1298,1.21,0.0024
p014,Virgil van Dijk,Liverpool,DF,13,2024-11-04,6.182,72.82,63.53,-0.3112,9.56,0,1.022,5.8768,-0.0023,6.2689,-0.2428,0.808,0.0004
p014,Virgil van Dijk,Liverpool,DF,14,2024-11-11,6.342,73.64,61.92,0.5166,2.69,0,1.0187,5.972,0.0875,6.2811,-0.023,1.069,0.0003
p014,Virgil van Dijk,Liverpool,DF,15,2024-11-18,6.581,73.9,60.41,-0.0425,3.04,0,1.156,6.0554,0.2669,6.3304,-0.1158,1.089,0.0003
p014,Virgil van Dijk,Liverpool,DF,16,2024-11-25,6.488,73.31,62.3,0.5878,-9.41,0,0.629,6.2204,0.2357,6.356,0.1877,1.162,0.0002
p014,Virgil van Dijk,Liverpool,DF,17,2024-12-02,5.94,73.53,67.11,-0.0669,-4.58,0,-1.4397,6.3066,-0.0338,6.2894,0.2488,0.668,0.0002
p014,Virgil van Dijk,Liverpool,DF,18,2024-12-09,5.99,73.33,65.11,-0.4164,-21.39,0,-0.9589,6.2682,-0.1345,6.2419,0.0155,0.977,0.0012
p014,Virgil van Dijk,Liverpool,DF,19,2024-12-16,5.611,73.69,66.89,-0.4409,-17.1,0,-1.2615,6.122,-0.2438,6.1428,-0.0841,0.942,0.0018
p014,Virgil van Dijk,Liverpool,DF,20,2024-12-23,5.209,74.95,67.59,0.0764,-2.05,0,-1.3443,5.8476,-0.2887,5.997,-0.2119,1.103,0.0017
p014,Virgil van Dijk,Liverpool,DF,21,2024-12-30,5.251,74.47,63.69,-0.4203,7.14,0,-0.9482,5.6002,-0.2159,5.8813,-0.3003,0.887,0.0033
p014,Virgil van Dijk,Liverpool,DF,22,2025-01-06,4.899,74.62,63.61,-0.1285,-7.7,0,-1.1768,5.392,-0.2542,5.7297,-0.2283,0.959,0.0042
p014,Virgil van Dijk,Liverpool,DF,23,2025-01-13,4.885,74.79,59.99,0.2548,-4.77,0,-0.957,5.171,-0.1762,5.5999,-0.0544,0.935,0.0059
p014,Virgil van Dijk,Liverpool,DF,24,2025-01-20,4.645,76.37,58.68,0.133,2.15,0,-1.3215,4.9778,-0.1494,5.4537,-0.0402,1.305,0.0036
p014,Virgil van Dijk,Liverpool,DF,25,2025-01-27,4.605,76.38,55.4,-0.0077,-7.58,0,-0.9768,4.857,-0.1546,5.3242,0.0629,1.149,0.0015
p014,Virgil van Dijk,Liverpool,DF,26,2025-02-03,4.415,77.35,53.7,0.1031,-5.23,0,-1.3466,4.6898,-0.1248,5.1858,0.1208,0.892,0.0048
p015,Thibaut Courtois,Real Madrid,GK,1,2024-08-12,6.893,71.18,71.18,-0.314,-1.96,0,,,,,-0.314,1.0,0.0008
p015,Thibaut Courtois,Real Madrid,GK,2,2024-08-19,6.997,71.53,73.34,-0.0994,-5.72,0,0.7071,6.945,,6.9492,-0.2067,0.85,0.0005
p015,Thibaut Courtois,Real Madrid,GK,3,2024-08-26,6.743,71.29,74.13,-0.1068,-16.66,0,-1.0546,6.8777,,6.8691,-0.1734,0.902,0.0003
p015,Thibaut Courtois,Real Madrid,GK,4,2024-09-02,6.875,72.39,72.56,0.4502,-10.99,0,-0.0192,6.877,,6.8709,-0.0175,0.998,0.0003
p015,Thibaut Courtois,Real Madrid,GK,5,2024-09-09,6.843,74.18,72.74,-0.0782,-2.13,0,-0.297,6.8702,-0.0222,6.8634,0.0414,1.346,0.0007
p015,Thibaut Courtois,Real Madrid,GK,6,2024-09-16,6.838,75.1,72.62,0.7037,-13.12,0,-0.2318,6.8592,-0.0218,6.8573,0.2422,0.913,0.0004
p015,Thibaut Courtois,Real Madrid,GK,7,2024-09-23,6.674,75.09,73.46,-0.0396,-7.64,0,-1.4441,6.7946,-0.0175,6.8168,0.259,1.219,0.0006
p015,Thibaut Courtois,Real Madrid,GK,8,2024-09-30,6.783,74.57,71.91,0.2415,-9.65,0,-0.2477,6.8026,-0.0353,6.8098,0.2068,0.82,0.0004
p015,Thibaut Courtois,Real Madrid,GK,9,2024-10-07,6.998,75.81,70.34,0.1548,-3.72,0,1.4571,6.8272,0.0255,6.8466,0.2651,1.117,0.0004
p015,Thibaut Courtois,Real Madrid,GK,10,2024-10-14,6.876,76.88,72.0,0.1099,-10.34,0,0.3539,6.8338,0.04,6.8521,0.1166,0.732,0.0003
p015,Thibaut Courtois,Real Madrid,GK,11,2024-10-21,7.058,76.4,70.84,0.3446,-5.9,0,1.1545,6.8778,0.0861,6.8892,0.2127,1.207,0.0002
p015,Thibaut Courtois,Real Madrid,GK,12,2024-10-28,6.881,74.95,72.98,0.0673,-10.14,0,-0.3511,6.9192,0.0256,6.8877,0.1692,1.024,0.0003
p015,Thibaut Courtois,Real Madrid,GK,13,2024-11-04,6.582,75.78,75.14,-0.0996,-3.29,0,-1.6201,6.879,-0.0827,6.8356,0.1056,0.781,0.9991
p015,Thibaut Courtois,Real Madrid,GK,14,2024-11-11,7.169,76.44,69.54,0.29,-3.14,0,1.1482,6.9132,0.011,6.8913,0.1506,0.922,0.0002
p015,Thibaut Courtois,Real Madrid,GK,15,2024-11-18,7.04,76.98,71.84,-0.2108,-5.11,0,0.4124,6.946,0.0252,6.9158,0.0117,1.173,0.0002
p015,Thibaut Courtois,Real Madrid,GK,16,2024-11-25,7.078,76.83,72.14,-0.0268,-5.17,0,0.5552,6.95,0.0852,6.942,-0.0118,1.104,0.0002
p015,Thibaut Courtois,Real Madrid,GK,17,2024-12-02,6.747,77.01,75.3,0.3437,-9.82,0,-0.7112,6.9232,0.0239,6.9108,0.099,0.967,0.0003
p015,Thibaut Courtois,Real Madrid,GK,18,2024-12-09,6.646,77.8,75.32,0.0378,-12.45,0,-1.2807,6.936,-0.1339,6.8688,0.036,1.051,0.0012
p015,Thibaut Courtois,Real Madrid,GK,19,2024-12-16,7.035,76.31,71.29,0.2139,-5.09,0,0.635,6.9092,-0.0442,6.895,0.1422,0.959,0.0007
p015,Thibaut Courtois,Real Madrid,GK,20,2024-12-23,6.665,76.28,74.8,0.1627,-14.13,0,-0.8174,6.8342,-0.0538,6.8591,0.1895,0.84,0.0006
p015,Thibaut Courtois,Real Madrid,GK,21,2024-12-30,6.537,75.48,74.92,-0.082,-12.07,0,-1.0039,6.726,-0.0401,6.8091,0.0831,1.132,0.0003
p015,Thibaut Courtois,Real Madrid,GK,22,2025-01-06,6.422,74.76,74.02,0.0485,-10.77,0,-1.0366,6.661,-0.0946,6.7494,0.0858,1.222,0.0009
p015,Thibaut Courtois,Real Madrid,GK,23,2025-01-13,5.628,75.67,79.35,-0.2234,-8.27,0,-1.602,6.4574,-0.3057,6.5771,-0.0235,0.953,0.9979
p015,Thibaut Courtois,Real Madrid,GK,24,2025-01-20,5.647,75.45,74.96,0.3968,7.54,0,-1.0603,6.1798,-0.2945,6.4347,0.035,0.999,0.0008
p015,Thibaut Courtois,Real Madrid,GK,25,2025-01-27,5.946,75.08,68.52,-0.0174,-9.93,0,-0.2113,6.036,-0.1957,6.3601,0.0511,0.691,0.0013
p015,Thibaut Courtois,Real Madrid,GK,26,2025-02-03,5.933,75.2,67.37,0.4217,0.93,0,0.0554,5.9152,-0.066,6.2951,0.1444,1.233,0.0008
p016,Alisson Becker,Liverpool,GK,1,2024-08-12,7.165,69.43,69.43,0.3654,-0.98,0,,,,,0.3654,1.0,0.0006
p016,Alisson Becker,Liverpool,GK,2,2024-08-19,6.518,69.07,75.34,0.0093,-13.89,0,-0.7071,6.8415,,6.8153,0.1874,0.924,0.0003
p016,Alisson Becker,Liverpool,GK,3,2024-08-26,6.809,69.2,71.68,-0.0671,-10.52,0,-0.0669,6.8307,,6.8128,0.1025,0.926,0.0004
p016,Alisson Becker,Liverpool,GK,4,2024-09-02,6.773,70.43,71.76,-0.0229,-9.79,0,-0.1625,6.8162,,6.8003,0.0712,0.771,0.0003
p016,Alisson Becker,Liverpool,GK,5,2024-09-09,6.255,70.78,73.85,0.4501,0.59,0,-1.3176,6.704,-0.1565,6.6533,0.0924,0.976,0.0009
p016,Alisson Becker,Liverpool,GK,6,2024-09-16,5.988,70.3,71.89,0.0849,-5.99,0,-1.3766,6.4686,-0.1614,6.4931,0.1113,0.89,0.001
p016,Alisson Becker,Liverpool,GK,7,2024-09-23,5.624,70.82,71.35,0.3814,-4.71,0,-1.3066,6.2898,-0.3155,6.3012,0.2234,1.346,0.0011
p016,Alisson Becker,Liverpool,GK,8,2024-09-30,5.322,71.26,69.18,0.3907,-12.03,0,-1.1928,5.9924,-0.3533,6.0993,0.3268,0.959,0.0021
p016,Alisson Becker,Liverpool,GK,9,2024-10-07,4.701,70.68,68.87,0.1359,-4.89,0,-1.45,5.578,-0.3774,5.8263,0.2482,0.966,0.0035
p016,Alisson Becker,Liverpool,GK,10,2024-10-14,5.18,70.81,59.44,0.2966,-2.6,0,-0.3791,5.363,-0.2539,5.7056,0.3011,0.807,0.0027
p016,Alisson Becker,Liverpool,GK,11,2024-10-21,4.813,70.99,59.27,-0.2339,-1.53,0,-0.836,5.128,-0.1764,5.5448,0.1473,1.039,0.0026
p016,Alisson Becker,Liverpool,GK,12,2024-10-28,4.827,72.28,55.43,0.2622,6.34,0,-0.5301,4.9686,-0.0878,5.4193,0.1152,1.075,0.0024
p016,Alisson Becker,Liverpool,GK,13,2024-11-04,4.996,70.65,51.24,-0.2026,7.95,0,0.4949,4.9034,0.0237,5.3471,0.0306,0.913,0.0006
p016,Alisson Becker,Liverpool,GK,14,2024-11-11,5.368,71.03,46.76,-0.0044,5.54,0,1.3935,5.0368,0.0559,5.3506,-0.0447,1.155,0.0008
p016,Alisson Becker,Liverpool,GK,15,2024-11-18,5.369,71.52,46.84,-0.222,6.36,0,1.0598,5.0746,0.1653,5.3536,-0.0417,1.212,0.0006
p016,Alisson Becker,Liverpool,GK,16,2024-11-25,5.278,72.22,47.6,0.1957,2.56,0,0.4522,5.1676,0.1275,5.3413,-0.0583,1.008,0.0005
p016,Alisson Becker,Liverpool,GK,17,2024-12-02,5.317,71.45,47.01,0.5346,-2.34,0,0.3307,5.2656,0.0552,5.3374,0.126,0.841,0.0006
p016,Alisson Becker,Liverpool,GK,18,2024-12-09,4.93,70.27,49.89,0.2613,-15.21,0,-1.7502,5.2524,-0.0928,5.2729,0.1924,1.158,0.9986
p016,Alisson Becker,Liverpool,GK,19,2024-12-16,4.571,70.14,51.1,0.0235,-19.36,0,-1.5399,5.093,-0.1944,5.1626,0.2538,1.013,0.0021
p016,Alisson Becker,Liverpool,GK,20,2024-12-23,4.449,70.61,49.35,0.3138,-9.23,0,-1.1601,4.909,-0.2404,5.0512,0.2833,0.811,0.0066
p016,Alisson Becker,Liverpool,GK,21,2024-12-30,3.732,71.32,52.21,0.0275,-19.55,0,-1.4668,4.5998,-0.3651,4.8466,0.1565,1.174,0.0018
p016,Alisson Becker,Liverpool,GK,22,2025-01-06,3.505,70.31,48.97,0.3852,-15.04,0,-1.226,4.2374,-0.3689,4.6395,0.1875,0.975,0.0018
p016,Alisson Becker,Liverpool,GK,23,2025-01-13,3.324,70.74,45.3,-0.2872,-11.53,0,-1.0525,3.9162,-0.3438,4.4374,0.1098,0.903,0.0018
p016,Alisson Becker,Liverpool,GK,24,2025-01-20,4.018,72.76,34.87,-0.5581,-8.4,0,0.4789,3.8056,-0.127,4.3732,-0.1082,1.163,0.0037
p016,Alisson Becker,Liverpool,GK,25,2025-01-27,4.454,74.0,29.86,-0.1112,-9.88,0,1.4538,3.8066,0.1957,4.3855,-0.1428,0.779,0.0008
p016,Alisson Becker,Liverpool,GK,26,2025-02-03,4.617,74.11,28.88,-0.0443,-5.68,0,1.1163,3.9836,0.3354,4.4208,-0.2502,1.031,0.0013
p017,Neymar Jr,Al Hilal,FW,1,2024-08-12,5.687,50.42,50.42,-0.5183,-0.32,0,,,,,-0.5183,1.0,0.0008
p017,Neymar Jr,Al Hilal,FW,2,2024-08-19,5.789,48.49,53.0,0.0751,1.93,0,0.7071,5.738,,5.7421,-0.2216,0.878,0.0008
p017,Neymar Jr,Al Hilal,FW,3,2024-08-26,6.487,48.57,52.85,-0.1151,-10.37,0,1.1468,5.9877,,6.0317,-0.1861,0.948,0.0003
p017,Neymar Jr,Al Hilal,FW,4,2024-09-02,6.294,47.57,57.63,0.6591,-19.89,0,0.5935,6.0642,,6.114,0.0252,1.069,0.0003
p017,Neymar Jr,Al Hilal,FW,5,2024-09-09,6.93,46.94,56.22,0.4258,0.92,0,1.3523,6.2374,0.2991,6.334,0.2612,1.124,0.0004
p017,Neymar Jr,Al Hilal,FW,6,2024-09-16,6.931,47.35,60.4,0.48,-0.13,0,0.9286,6.4862,0.2727,6.4778,0.3624,1.018,0.0003
p017,Neymar Jr,Al Hilal,FW,7,2024-09-23,7.555,45.4,59.65,-0.099,-6.0,0,1.4681,6.8394,0.2773,6.7156,0.3665,0.936,0.0003
p017,Neymar Jr,Al Hilal,FW,8,2024-09-30,7.818,44.11,63.04,-0.3382,-22.0,0,1.1917,7.1056,0.3673,6.9429,0.1172,0.909,0.0002
p017,Neymar Jr,Al Hilal,FW,9,2024-10-07,7.925,44.19,67.32,0.1088,-21.36,0,1.0339,7.4318,0.2877,7.1346,0.0379,1.317,0.0002
p017,Neymar Jr,Al Hilal,FW,10,2024-10-14,7.902,42.9,71.79,0.3368,-21.66,0,0.6638,7.6262,0.2312,7.278,0.0021,1.126,0.0002
p017,Neymar Jr,Al Hilal,FW,11,2024-10-21,7.684,41.02,76.61,-0.0307,-26.53,0,-0.5955,7.7768,0.0342,7.3511,0.0192,0.88,0.0002
p017,Neymar Jr,Al Hilal,FW,12,2024-10-28,7.71,40.33,78.12,0.1802,-28.93,0,-0.8965,7.8078,-0.0457,7.4139,0.1488,0.753,0.0007
p017,Neymar Jr,Al Hilal,FW,13,2024-11-04,8.024,39.62,77.29,0.0549,-26.85,0,1.1952,7.849,0.0006,7.518,0.1353,0.877,0.0003
p017,Neymar Jr,Al Hilal,FW,14,2024-11-11,7.9,39.87,80.68,-0.4173,-25.64,0,0.39,7.844,0.0336,7.5818,-0.0532,1.526,0.0002
p017,Neymar Jr,Al Hilal,FW,15,2024-11-18,7.669,40.54,83.94,-0.4648,-25.31,0,-0.8167,7.7974,0.016,7.5962,-0.1618,1.135,0.0003
p017,Neymar Jr,Al Hilal,FW,16,2024-11-25,7.461,40.23,85.29,-0.4229,-19.39,0,-1.3416,7.7528,-0.0853,7.5743,-0.3125,1.248,0.0013
p017,Neymar Jr,Al Hilal,FW,17,2024-12-02,7.689,40.66,83.59,-0.7402,-23.82,0,-0.2725,7.7486,-0.1109,7.5926,-0.5113,1.052,0.0009
p017,Neymar Jr,Al Hilal,FW,18,2024-12-09,7.997,41.72,81.67,-0.1443,-18.06,0,1.2062,7.7432,0.0214,7.6567,-0.443,1.061,0.0002
p017,Neymar Jr,Al Hilal,FW,19,2024-12-16,7.644,40.32,85.96,-0.2964,-18.93,0,-0.2485,7.692,0.0486,7.6547,-0.4009,0.871,0.0003
p017,Neymar Jr,Al Hilal,FW,20,2024-12-23,7.29,40.66,88.66,-0.2655,-0.06,0,-1.2295,7.6162,-0.0387,7.5978,-0.3616,1.069,0.0002
p017,Neymar Jr,Al Hilal,FW,21,2024-12-30,7.303,40.35,87.17,-0.1353,-3.78,0,-0.9512,7.5846,-0.1479,7.5521,-0.2104,0.802,0.0008
p017,Neymar Jr,Al Hilal,FW,22,2025-01-06,7.717,39.87,82.81,-0.5509,-9.34,0,0.4244,7.5902,-0.0901,7.5775,-0.312,1.103,0.001
p017,Neymar Jr,Al Hilal,FW,23,2025-01-13,7.998,39.72,81.23,-0.3813,2.57,0,1.3627,7.5904,0.1135,7.6421,-0.3332,1.075,0.0004
p017,Neymar Jr,Al Hilal,FW,24,2025-01-20,7.44,39.29,87.2,-0.2053,1.53,0,-0.3607,7.5496,0.0995,7.6112,-0.3182,0.841,0.0002
p017,Neymar Jr,Al Hilal,FW,25,2025-01-27,7.228,38.59,88.11,-0.1887,-3.98,0,-0.9722,7.5372,-0.0427,7.5527,-0.3316,1.017,0.0005
p017,Neymar Jr,Al Hilal,FW,26,2025-02-03,6.782,38.12,90.18,-0.1128,-3.13,0,-1.3993,7.433,-0.264,7.4354,-0.222,1.111,0.0015
p018,Karim Benzema,Al Ittihad,FW,1,2024-08-12,4.938,26.56,26.56,0.3966,-3.98,0,,,,,0.3966,1.0,0.0016
p018,Karim Benzema,Al Ittihad,FW,2,2024-08-19,5.025,25.93,39.74,0.3393,-0.27,0,0.7071,4.9815,,4.985,0.368,0.929,0.0016
p018,Karim Benzema,Al Ittihad,FW,3,2024-08-26,4.834,26.21,40.96,-0.6925,-6.57,0,-1.0283,4.9323,,4.9263,0.0145,0.728,0.0009
p018,Karim Benzema,Al Ittihad,FW,4,2024-09-02,4.699,25.93,40.54,0.0335,-7.06,0,-1.2466,4.874,,4.855,0.0192,1.004,0.0007
p018,Karim Benzema,Al Ittihad,FW,5,2024-09-09,4.366,26.06,40.8,-0.0267,-17.01,0,-1.5772,4.7724,-0.147,4.7231,-0.0866,1.193,0.6365
p018,Karim Benzema,Al Ittihad,FW,6,2024-09-16,4.918,26.17,34.79,-0.1764,-7.34,0,0.5876,4.7684,-0.0682,4.7701,-0.2155,0.936,0.0016
p018,Karim Benzema,Al Ittihad,FW,7,2024-09-23,5.127,26.48,35.09,-0.3559,-2.7,0,1.1958,4.7888,0.0805,4.8489,-0.1314,0.97,0.0008
p018,Karim Benzema,Al Ittihad,FW,8,2024-09-30,5.775,27.08,32.68,0.3317,-1.18,0,1.5125,4.977,0.2913,5.0398,-0.0568,1.081,0.0004
p018,Karim Benzema,Al Ittihad,FW,9,2024-10-07,5.687,27.6,37.45,0.1552,-1.64,0,0.8837,5.1746,0.3499,5.1662,-0.0114,0.983,0.0004
p018,Karim Benzema,Al Ittihad,FW,10,2024-10-14,5.931,27.48,38.61,-0.065,4.32,0,1.0084,5.4876,0.2586,5.309,0.0165,1.138,0.0003
p018,Karim Benzema,Al Ittihad,FW,11,2024-10-21,6.015,27.27,41.29,-0.1057,-11.23,0,0.8832,5.707,0.1932,5.4362,0.079,0.752,0.0003
p018,Karim Benzema,Al Ittihad,FW,12,2024-10-28,5.808,26.97,45.74,-0.2376,-6.47,0,-0.2709,5.8432,0.0394,5.5012,-0.0633,0.778,0.0005
p018,Karim Benzema,Al Ittihad,FW,13,2024-11-04,5.735,27.3,47.8,-0.4158,-14.5,0,-0.7354,5.8352,-0.0027,5.5411,-0.206,1.044,0.0004
p018,Karim Benzema,Al Ittihad,FW,14,2024-11-11,5.948,28.12,47.16,-0.271,-13.79,0,0.5347,5.8874,-0.0246,5.6091,-0.2575,0.97,0.0005
p018,Karim Benzema,Al Ittihad,FW,15,2024-11-18,5.598,28.93,51.42,-0.2115,-14.1,0,-1.3371,5.8208,-0.0694,5.6073,-0.284,1.044,0.0008
p018,Karim Benzema,Al Ittihad,FW,16,2024-11-25,5.947,28.97,48.73,0.3769,-5.99,0,0.9407,5.8072,0.0141,5.6623,-0.1304,0.921,0.0003
p018,Karim Benzema,Al Ittihad,FW,17,2024-12-02,6.008,31.06,49.01,0.0302,-6.87,0,0.9258,5.8472,0.0545,5.7177,-0.0189,1.194,0.0003
p018,Karim Benzema,Al Ittihad,FW,18,2024-12-09,6.339,31.22,48.39,0.1798,-9.83,0,1.4099,5.968,0.1192,5.8162,0.0938,0.805,0.0003
p018,Karim Benzema,Al Ittihad,FW,19,2024-12-16,6.458,31.22,49.86,0.118,-2.63,0,1.1384,6.07,0.2112,5.917,0.1762,1.078,0.0004
p018,Karim Benzema,Al Ittihad,FW,20,2024-12-23,5.959,32.52,56.2,-0.1414,-22.23,0,-0.7671,6.1422,0.0474,5.9236,0.0466,1.151,0.0003
p018,Karim Benzema,Al Ittihad,FW,21,2024-12-30,5.938,32.68,56.53,0.3555,-24.46,0,-0.8409,6.1404,-0.052,5.9258,0.128,0.902,0.0004
p018,Karim Benzema,Al Ittihad,FW,22,2025-01-06,6.283,32.5,53.88,0.4872,-12.77,0,0.374,6.1954,-0.0632,5.9809,0.2048,0.877,0.0004
p018,Karim Benzema,Al Ittihad,FW,23,2025-01-13,6.345,32.61,54.75,0.2769,-13.38,0,0.6311,6.1966,0.0098,6.0369,0.2446,0.993,0.0002
p018,Karim Benzema,Al Ittihad,FW,24,2025-01-20,6.359,32.24,56.02,0.2303,-14.76,0,0.8656,6.1768,0.1207,6.0862,0.3375,1.304,0.0003
p018,Karim Benzema,Al Ittihad,FW,25,2025-01-27,6.422,32.38,56.74,-0.2116,-20.64,0,0.7959,6.2694,0.1044,6.1374,0.1957,1.208,0.0003
p018,Karim Benzema,Al Ittihad,FW,26,2025-02-03,5.835,31.94,62.63,0.3619,-14.98,0,-1.7494,6.2488,-0.0819,6.0914,0.1644,0.905,0.9982
p019,Luka Modrić,Real Madrid,MF,1,2024-08-12,7.07,18.97,18.97,-0.2652,1.89,0,,,,,-0.2652,1.0,0.0006
p019,Luka Modrić,Real Madrid,MF,2,2024-08-19,6.746,19.44,74.85,-0.0242,-14.27,0,-0.7071,6.908,,6.8949,-0.1447,1.186,0.0003
p019,Luka Modrić,Real Madrid,MF,3,2024-08-26,7.12,17.73,72.8,0.2892,-3.5,0,0.6961,6.9787,,6.9824,-0.0001,0.926,0.0003
p019,Luka Modrić,Real Madrid,MF,4,2024-09-02,7.489,17.08,72.89,-0.1868,-17.97,0,1.2578,7.1062,,7.1414,-0.0467,1.271,0.0002
p019,Luka Modrić,Real Madrid,MF,5,2024-09-09,7.48,16.61,75.67,-0.3613,-19.74,0,0.9581,7.181,0.1563,7.2327,-0.0708,0.789,0.0002
p019,Luka Modrić,Real Madrid,MF,6,2024-09-16,7.439,16.69,77.62,-0.5154,-9.72,0,0.5708,7.2548,0.1746,7.2824,-0.1936,1.243,0.0003
p019,Luka Modrić,Real Madrid,MF,7,2024-09-23,6.986,17.22,81.29,0.0329,-19.36,0,-1.3558,7.3028,-0.0318,7.2169,-0.2576,0.759,0.0003
p019,Luka Modrić,Real Madrid,MF,8,2024-09-30,7.019,17.15,79.7,-0.2568,-11.92,0,-1.0271,7.2826,-0.1434,7.1761,-0.2752,0.995,0.0009
p019,Luka Modrić,Real Madrid,MF,9,2024-10-07,7.319,18.09,76.81,0.1858,-8.41,0,0.3027,7.2486,-0.0742,7.204,-0.1384,1.03,0.0007
p019,Luka Modrić,Real Madrid,MF,10,2024-10-14,7.47,17.66,76.4,0.0658,-16.08,0,0.9707,7.2466,0.0395,7.2537,0.0069,1.033,0.0002
p019,Luka Modrić,Real Madrid,MF,11,2024-10-21,7.972,16.19,73.99,0.0225,-8.84,0,1.5419,7.3532,0.2423,7.3831,0.0043,1.048,0.0002
p019,Luka Modrić,Real Madrid,MF,12,2024-10-28,7.868,15.25,77.75,0.7392,-20.68,0,0.8603,7.5296,0.2351,7.4679,0.2533,0.998,0.0002
p019,Luka Modrić,Real Madrid,MF,13,2024-11-04,7.768,15.55,80.48,0.2296,-25.29,0,0.322,7.6794,0.1296,7.5191,0.2643,0.953,0.0002
p019,Luka Modrić,Real Madrid,MF,14,2024-11-11,7.499,15.19,83.69,-0.4163,-22.72,0,-0.9703,7.7154,-0.0146,7.5157,0.1438,1.199,0.0005
p019,Luka Modrić,Real Madrid,MF,15,2024-11-18,8.262,13.52,77.87,-0.5947,-22.34,0,1.3899,7.8738,0.0211,7.6384,-0.0106,0.98,0.0002
p019,Luka Modrić,Real Madrid,MF,16,2024-11-25,7.785,13.47,84.44,0.6836,-18.85,0,-0.1867,7.8364,0.0328,7.6621,-0.0244,1.026,0.0002
p019,Luka Modrić,Real Madrid,MF,17,2024-12-02,8.067,14.32,82.86,0.1133,-8.7,0,0.6473,7.8762,0.0884,7.727,-0.0535,0.796,0.0004
p019,Luka Modrić,Real Madrid,MF,18,2024-12-09,8.361,15.73,82.17,-0.0057,0.92,0,1.0352,7.9948,0.1529,7.8275,0.0491,0.87,0.0002
p019,Luka Modrić,Real Madrid,MF,19,2024-12-16,8.656,14.67,82.33,0.1647,-24.61,0,1.3198,8.2262,0.1364,7.9577,0.239,1.214,0.0003
p019,Luka Modrić,Real Madrid,MF,20,2024-12-23,8.4,14.36,87.5,-0.231,-0.02,0,0.4362,8.2538,0.1819,8.0267,0.0103,1.042,0.0003
p019,Luka Modrić,Real Madrid,MF,21,2024-12-30,7.968,14.69,92.56,0.055,3.73,0,-1.1685,8.2904,-0.0159,8.0176,-0.0042,1.153,0.0003
p019,Luka Modrić,Real Madrid,MF,22,2025-01-06,7.964,15.59,92.37,0.3997,-5.06,0,-1.0207,8.2698,-0.1482,8.0093,0.0971,0.927,0.0014
p019,Luka Modrić,Real Madrid,MF,23,2025-01-13,8.187,14.96,90.42,0.0113,4.77,0,-0.1619,8.235,-0.1374,8.0366,0.0588,0.723,0.0016
p019,Luka Modrić,Real Madrid,MF,24,2025-01-20,7.988,15.0,92.07,-0.0586,2.19,0,-0.5935,8.1014,-0.0605,8.0292,0.1019,0.975,0.0005
p019,Luka Modrić,Real Madrid,MF,25,2025-01-27,7.92,15.96,93.0,-0.1183,-1.72,0,-0.8172,8.0054,-0.0072,8.0125,0.0585,0.85,0.0004
p019,Luka Modrić,Real Madrid,MF,26,2025-02-03,7.732,16.13,94.07,0.3475,-5.98,0,-1.3902,7.9582,-0.0731,7.9698,0.0455,1.031,0.0007
p020,Toni Kroos,Real Madrid,MF,1,2024-08-12,7.212,17.81,17.81,0.1081,0.59,0,,,,,0.1081,1.0,0.0006
p020,Toni Kroos,Real Madrid,MF,2,2024-08-19,7.364,17.44,78.89,-0.9493,-10.73,0,0.7071,7.288,,7.2942,-0.4206,1.148,0.0002
p020,Toni Kroos,Real Madrid,MF,3,2024-08-26,8.092,16.78,78.97,0.4523,-4.33,0,1.1395,7.556,,7.6043,-0.1296,1.062,0.0002
p020,Toni Kroos,Real Madrid,MF,4,2024-09-02,8.649,16.44,81.09,0.2581,-20.3,0,1.2273,7.8292,,7.9321,-0.0327,0.865,0.0003
p020,Toni Kroos,Real Madrid,MF,5,2024-09-09,8.927,16.03,86.08,0.0171,-17.64,0,1.1575,8.0488,0.4715,8.2004,-0.0555,0.954,0.0003
p020,Toni Kroos,Real Madrid,MF,6,2024-09-16,9.33,14.62,89.05,0.3806,-3.76,0,1.1197,8.4724,0.4767,8.4724,0.277,1.157,0.0002
p020,Toni Kroos,Real Madrid,MF,7,2024-09-23,9.698,15.97,92.41,0.0813,-26.78,0,1.2267,8.9392,0.3893,8.743,0.1843,1.092,0.0004
p020,Toni Kroos,Real Madrid,MF,8,2024-09-30,9.849,16.82,97.21,0.3881,-13.32,0,1.1041,9.2906,0.3171,8.971,0.2168,0.834,0.0003
p020,Toni Kroos,Real Madrid,MF,9,2024-10-07,9.843,18.27,102.25,0.1916,-5.46,0,0.7892,9.5294,0.2351,9.1413,0.2604,0.93,0.0003
p020,Toni Kroos,Real Madrid,MF,10,2024-10-14,9.706,20.31,107.01,-0.0386,-11.46,0,0.0985,9.6852,0.0897,9.2467,0.1556,0.932,0.0003
p020,Toni Kroos,Real Madrid,MF,11,2024-10-21,9.384,20.34,111.7,-0.2093,8.55,0,-1.6532,9.696,-0.0771,9.2715,0.0829,0.844,0.9987
p020,Toni Kroos,Real Madrid,MF,12,2024-10-28,9.93,19.79,108.34,0.3303,-20.37,0,0.8689,9.7424,-0.0297,9.3866,0.0685,1.15,0.0004
p020,Toni Kroos,Real Madrid,MF,13,2024-11-04,10.0,19.96,110.53,0.3614,-4.46,0,0.9344,9.7726,0.0538,9.4913,0.1109,0.994,0.0003
p020,Toni Kroos,Real Madrid,MF,14,2024-11-11,10.0,20.33,113.01,0.4976,5.11,0,0.7425,9.804,0.1204,9.5763,0.245,1.026,0.0003
p020,Toni Kroos,Real Madrid,MF,15,2024-11-18,10.0,19.96,115.04,0.2885,18.32,0,0.5093,9.8628,0.1302,9.646,0.3694,0.777,0.0003
p020,Toni Kroos,Real Madrid,MF,16,2024-11-25,10.0,19.49,116.72,0.0512,14.7,0,0.4472,9.986,0.014,9.7033,0.2997,1.098,0.0008
p020,Toni Kroos,Real Madrid,MF,17,2024-12-02,9.986,19.81,118.21,0.1803,15.21,0,-1.7889,9.9972,-0.0028,9.7486,0.2544,1.002,0.9978
p020,Toni Kroos,Real Madrid,MF,18,2024-12-09,9.695,19.55,121.55,0.1254,24.64,0,-1.787,9.9362,-0.0624,9.7401,0.1614,0.974,0.9956
p020,Toni Kroos,Real Madrid,MF,19,2024-12-16,9.293,19.98,124.45,0.0414,31.51,1,-1.6227,9.7948,-0.1719,9.6698,0.0996,0.946,0.9988
p020,Toni Kroos,Real Madrid,MF,20,2024-12-23,10.0,18.9,117.24,-0.2403,19.12,0,0.6635,9.7948,-0.0693,9.7213,0.0267,0.948,0.0008
p020,Toni Kroos,Real Madrid,MF,21,2024-12-30,9.465,19.96,122.67,-0.2036,35.63,0,-0.7118,9.6878,-0.0737,9.6816,-0.0693,1.336,0.0009
p020,Toni Kroos,Real Madrid,MF,22,2025-01-06,9.597,20.79,120.67,0.3412,52.96,0,-0.049,9.61,-0.0024,9.6685,-0.0153,0.768,0.0004
p020,Toni Kroos,Real Madrid,MF,23,2025-01-13,9.106,22.79,124.19,-0.1226,60.74,0,-1.1408,9.4922,-0.0777,9.5821,-0.0563,1.171,0.0014
p020,Toni Kroos,Real Madrid,MF,24,2025-01-20,9.09,24.47,122.19,0.0262,53.3,0,-0.956,9.4516,-0.2179,9.5068,0.0103,1.127,0.0021
p020,Toni Kroos,Real Madrid,MF,25,2025-01-27,8.992,26.14,121.11,-0.3521,44.85,0,-0.976,9.25,-0.1453,9.4282,-0.0268,1.083,0.0017
p020,Toni Kroos,Real Madrid,MF,26,2025-02-03,8.547,26.81,122.68,-0.3324,29.62,0,-1.3894,9.0664,-0.2214,9.2941,-0.1952,0.918,0.0016
p021,Casemiro,Man United,MF,1,2024-08-12,5.406,38.8,38.8,0.3088,-2.78,0,,,,,0.3088,1.0,0.0015
p021,Casemiro,Man United,MF,2,2024-08-19,4.803,38.01,45.83,-0.2172,-9.73,0,-0.7071,5.1045,,5.0801,0.0458,1.129,0.001
p021,Casemiro,Man United,MF,3,2024-08-26,5.09,39.07,42.41,0.3082,-7.28,0,-0.032,5.0997,,5.0839,0.1333,1.143,0.0012
p021,Casemiro,Man United,MF,4,2024-09-02,4.71,40.02,43.67,0.2658,-5.69,0,-0.9307,5.0022,,4.9666,0.1664,1.065,0.0009
p021,Casemiro,Man United,MF,5,2024-09-09,5.233,38.97,39.32,0.2731,2.97,0,0.6346,5.0484,-0.0439,5.0384,0.1575,0.794,0.0014
p021,Casemiro,Man United,MF,6,2024-09-16,5.87,36.72,37.31,0.2648,-1.51,0,1.588,5.1412,0.2277,5.2387,0.278,0.972,0.0004
p021,Casemiro,Man United,MF,7,2024-09-23,5.783,36.15,41.89,0.3776,-9.46,0,0.9157,5.3372,0.2546,5.3589,0.2953,1.255,0.0005
p021,Casemiro,Man United,MF,8,2024-09-30,5.937,34.26,43.47,0.2324,-2.65,0,0.8196,5.5066,0.3004,5.4781,0.287,0.825,0.0005
p021,Casemiro,Man United,MF,9,2024-10-07,5.505,34.32,48.95,-0.4118,13.13,0,-0.5491,5.6656,0.0611,5.4833,0.1158,1.136,0.0011
p021,Casemiro,Man United,MF,10,2024-10-14,5.724,34.68,47.56,0.2003,-8.49,0,-0.2398,5.7638,-0.057,5.5283,0.0996,0.817,0.0008
p021,Casemiro,Man United,MF,11,2024-10-21,5.549,35.74,49.83,-0.1398,-14.34,0,-0.8538,5.6996,-0.0681,5.532,-0.0297,0.99,0.0013
p021,Casemiro,Man United,MF,12,2024-10-28,5.169,33.32,52.66,-0.293,-8.47,0,-1.4337,5.5768,-0.1492,5.4685,-0.1611,1.212,0.0016
p021,Casemiro,Man United,MF,13,2024-11-04,5.068,33.58,51.91,-0.1819,-6.75,0,-1.2197,5.403,-0.1429,5.4002,-0.1036,0.96,0.0025
p021,Casemiro,Man United,MF,14,2024-11-11,4.785,33.22,52.39,-0.3692,-9.11,0,-1.2561,5.259,-0.2359,5.2973,-0.246,1.432,0.0034
p021,Casemiro,Man United,MF,15,2024-11-18,4.551,33.86,51.7,-0.129,-6.78,0,-1.2438,5.0244,-0.238,5.1747,-0.2433,1.185,0.0028
p021,Casemiro,Man United,MF,16,2024-11-25,4.763,34.5,46.56,-0.2999,-2.2,0,-0.4176,4.8672,-0.1329,5.108,-0.245,1.099,0.0047
p021,Casemiro,Man United,MF,17,2024-12-02,4.368,33.84,48.55,-0.0689,-9.59,0,-1.2841,4.707,-0.1422,4.9895,-0.2168,0.801,0.0044
p021,Casemiro,Man United,MF,18,2024-12-09,4.856,32.9,41.92,-0.3845,-3.02,0,0.952,4.6646,-0.0041,4.9683,-0.2206,0.864,0.0012
p021,Casemiro,Man United,MF,19,2024-12-16,4.272,32.28,45.92,-0.2936,-12.69,0,-1.163,4.562,-0.0465,4.8589,-0.2617,1.033,0.001
p021,Casemiro,Man United,MF,20,2024-12-23,4.717,33.11,39.21,-0.3762,-2.85,0,0.4714,4.5952,-0.0188,4.8368,-0.2808,0.924,0.0012
p021,Casemiro,Man United,MF,21,2024-12-30,4.241,32.21,42.96,-0.6419,-12.19,0,-0.8975,4.4908,-0.0393,4.7443,-0.424,0.948,0.0012
p021,Casemiro,Man United,MF,22,2025-01-06,4.121,31.84,41.63,-0.2409,-12.52,0,-0.9895,4.4414,-0.1501,4.6481,-0.3882,1.137,0.004
p021,Casemiro,Man United,MF,23,2025-01-13,3.829,31.56,41.55,0.2538,-16.39,0,-1.2688,4.236,-0.1482,4.5223,-0.2513,0.996,0.0025
p021,Casemiro,Man United,MF,24,2025-01-20,3.589,30.5,40.34,-0.506,-14.32,0,-1.1902,4.0994,-0.2668,4.3794,-0.2838,1.119,0.0029
p021,Casemiro,Man United,MF,25,2025-01-27,3.75,28.75,35.55,-0.1094,-8.82,0,-0.5802,3.906,-0.1514,4.2833,-0.1506,1.115,0.0015
p021,Casemiro,Man United,MF,26,2025-02-03,4.155,27.74,29.99,-0.0634,-3.9,0,1.0925,3.8888,-0.0011,4.2638,-0.1062,0.904,0.0006
p022,Bruno Fernandes,Man United,MF,1,2024-08-12,7.408,82.94,82.94,0.4649,1.68,0,,,,,0.4649,1.0,0.0006
p022,Bruno Fernandes,Man United,MF,2,2024-08-19,7.433,83.44,81.76,0.1498,-0.36,0,0.7071,7.4205,,7.4215,0.3074,0.735,0.0004
p022,Bruno Fernandes,Man United,MF,3,2024-08-26,6.907,84.41,82.4,0.0372,-5.57,0,-1.1537,7.2493,,7.2215,0.2173,1.164,0.0003
p022,Bruno Fernandes,Man United,MF,4,2024-09-02,6.682,84.85,80.23,-0.3502,-2.38,0,-1.1406,7.1075,,7.0522,0.0754,0.998,0.0004
p022,Bruno Fernandes,Man United,MF,5,2024-09-09,6.408,86.27,78.54,0.3701,-6.82,0,-1.2444,6.9676,-0.2751,6.8785,0.0517,1.037,0.0017
p022,Bruno Fernandes,Man United,MF,6,2024-09-16,5.861,87.78,78.13,0.4563,1.87,0,-1.3667,6.6582,-0.3643,6.6335,0.1284,0.736,0.0006
p022,Bruno Fernandes,Man United,MF,7,2024-09-23,5.727,89.48,73.94,0.1251,6.86,0,-1.154,6.317,-0.3181,6.4333,0.1503,1.128,0.001
p022,Bruno Fernandes,Man United,MF,8,2024-09-30,5.211,91.33,72.94,0.4709,-8.58,0,-1.3221,5.9778,-0.3623,6.1813,0.3556,0.829,0.0015
p022,Bruno Fernandes,Man United,MF,9,2024-10-07,5.059,90.72,68.42,0.0825,8.59,0,-1.1001,5.6532,-0.3348,5.9622,0.2837,0.883,0.0022
p022,Bruno Fernandes,Man United,MF,10,2024-10-14,5.119,91.63,63.09,-0.2567,-1.3,0,-0.7452,5.3954,-0.2152,5.8047,0.1054,0.998,0.0028
p022,Bruno Fernandes,Man United,MF,11,2024-10-21,5.644,91.51,55.77,-0.0594,7.67,0,0.9401,5.352,-0.0258,5.7758,0.0593,1.086,0.0005
p022,Bruno Fernandes,Man United,MF,12,2024-10-28,5.381,91.38,57.0,0.2594,4.62,0,0.4167,5.2828,0.0925,5.7067,0.0065,1.11,0.0008
p022,Bruno Fernandes,Man United,MF,13,2024-11-04,5.411,91.46,55.15,-0.0408,11.83,0,0.3715,5.3228,0.0966,5.6563,-0.0244,0.974,0.0006
p022,Bruno Fernandes,Man United,MF,14,2024-11-11,5.216,93.09,55.41,0.2582,-5.26,0,-0.686,5.3542,-0.0039,5.5827,0.1044,0.996,0.0007
p022,Bruno Fernandes,Man United,MF,15,2024-11-18,4.689,93.81,57.04,0.3442,-11.49,0,-1.6181,5.2682,-0.2075,5.4358,0.2052,1.031,0.999
p022,Bruno Fernandes,Man United,MF,16,2024-11-25,5.192,93.68,50.27,0.4441,4.06,0,0.049,5.1778,-0.11,5.3963,0.2514,1.064,0.0032
p022,Bruno Fernandes,Man United,MF,17,2024-12-02,5.271,94.4,48.71,0.0878,0.65,0,0.4198,5.1558,-0.0304,5.3762,0.2836,1.118,0.0006
p022,Bruno Fernandes,Man United,MF,18,2024-12-09,5.455,94.64,46.8,0.298,0.76,0,1.0184,5.1646,0.106,5.3887,0.2935,0.85,0.0008
p022,Bruno Fernandes,Man United,MF,19,2024-12-16,6.032,94.39,42.07,0.2433,-0.39,0,1.4513,5.3278,0.2949,5.4898,0.2683,1.014,0.0003
p022,Bruno Fernandes,Man United,MF,20,2024-12-23,5.896,94.05,46.17,0.0422,1.22,0,0.8694,5.5692,0.2169,5.5532,0.1678,1.008,0.0003
p022,Bruno Fernandes,Man United,MF,21,2024-12-30,5.484,94.44,50.93,-0.4023,10.98,0,-0.4468,5.6276,0.0867,5.5425,0.0453,0.804,0.0007
p022,Bruno Fernandes,Man United,MF,22,2025-01-06,5.218,95.41,52.75,0.5776,10.15,0,-1.1854,5.617,-0.1022,5.4924,0.1152,0.951,0.0083
p022,Bruno Fernandes,Man United,MF,23,2025-01-13,4.78,97.14,54.95,0.0766,-14.55,0,-1.3791,5.482,-0.3182,5.3829,0.0735,1.247,0.0021
p022,Bruno Fernandes,Man United,MF,24,2025-01-20,5.176,97.59,49.15,0.0622,-1.95,0,-0.3267,5.3108,-0.2144,5.3512,0.0785,0.952,0.0032
p022,Bruno Fernandes,Man United,MF,25,2025-01-27,5.873,97.52,42.88,0.4595,-10.58,0,1.4012,5.3062,0.0736,5.4309,0.294,1.134,0.0004
p022,Bruno Fernandes,Man United,MF,26,2025-02-03,5.929,97.28,44.41,0.0337,-1.65,0,1.0833,5.3952,0.2515,5.5067,0.158,1.138,0.0003
p023,Son Heung-min,Tottenham,FW,1,2024-08-12,8.004,70.38,70.38,0.1291,-12.04,0,,,,,0.1291,1.0,0.0006
p023,Son Heung-min,Tottenham,FW,2,2024-08-19,8.453,69.31,93.27,-0.0307,5.46,0,0.7071,8.2285,,8.2467,0.0492,0.972,0.0003
p023,Son Heung-min,Tottenham,FW,3,2024-08-26,8.092,71.8,95.96,0.2773,21.49,0,-0.3825,8.183,,8.1866,0.1252,0.764,0.0002
p023,Son Heung-min,Tottenham,FW,4,2024-09-02,7.719,72.08,96.28,0.3919,-2.71,0,-1.15,8.067,,8.0398,0.1919,1.109,0.0003
p023,Son Heung-min,Tottenham,FW,5,2024-09-09,7.944,73.62,92.75,0.2687,-2.99,0,-0.3675,8.0424,-0.0854,8.014,0.2268,0.892,0.0008
p023,Son Heung-min,Tottenham,FW,6,2024-09-16,7.981,74.47,91.48,0.4297,-6.45,0,-0.2113,8.0378,-0.1092,8.006,0.3419,0.848,0.0015
p023,Son Heung-min,Tottenham,FW,7,2024-09-23,7.32,75.24,95.79,0.3453,-4.27,0,-1.604,7.8112,-0.1282,7.8546,0.3589,0.817,0.9993
p023,Son Heung-min,Tottenham,FW,8,2024-09-30,7.182,75.48,93.44,0.442,7.31,0,-1.2326,7.6292,-0.1698,7.7159,0.3714,0.969,0.0008
p023,Son Heung-min,Tottenham,FW,9,2024-10-07,7.381,76.67,89.08,0.6419,7.31,0,-0.4839,7.5616,-0.1925,7.6505,0.4647,1.117,0.0012
p023,Son Heung-min,Tottenham,FW,10,2024-10-14,7.373,76.75,87.67,-0.0853,6.56,0,-0.241,7.4474,-0.1155,7.5987,0.336,0.942,0.0013
p023,Son Heung-min,Tottenham,FW,11,2024-10-21,7.414,76.78,86.19,0.0725,5.01,0,0.8751,7.334,0.0379,7.5654,0.2678,1.024,0.0002
p023,Son Heung-min,Tottenham,FW,12,2024-10-28,7.045,77.34,88.08,0.1351,-5.38,0,-1.468,7.279,-0.0241,7.4744,0.191,1.098,0.0005
p023,Son Heung-min,Tottenham,FW,13,2024-11-04,6.918,76.53,86.87,0.0523,13.01,0,-1.3496,7.2262,-0.1254,7.3795,0.0436,1.05,0.0018
p023,Son Heung-min,Tottenham,FW,14,2024-11-11,7.182,76.37,82.66,-0.2492,-2.82,0,-0.0208,7.1864,-0.0878,7.3465,0.0027,1.06,0.0008
p023,Son Heung-min,Tottenham,FW,15,2024-11-18,7.035,76.14,82.98,-0.2052,-3.56,0,-0.4418,7.1188,-0.0621,7.2953,-0.0668,0.83,0.0004
p023,Son Heung-min,Tottenham,FW,16,2024-11-25,7.45,75.12,78.59,-0.0227,2.31,0,1.5894,7.126,0.0927,7.3203,-0.1062,1.089,0.0002
p023,Son Heung-min,Tottenham,FW,17,2024-12-02,7.458,75.96,79.14,-0.0026,-5.89,0,1.0273,7.2086,0.1348,7.3424,-0.1199,0.823,0.0002
p023,Son Heung-min,Tottenham,FW,18,2024-12-09,7.634,76.75,78.32,0.3968,-6.78,0,1.1775,7.3518,0.1327,7.3886,0.0416,1.264,0.0002
p023,Son Heung-min,Tottenham,FW,19,2024-12-16,7.851,77.31,77.76,0.1464,-7.34,0,1.217,7.4856,0.1816,7.4613,0.1295,0.885,0.0004
p023,Son Heung-min,Tottenham,FW,20,2024-12-23,8.09,78.77,77.68,-0.119,-18.22,0,1.4359,7.6966,0.1673,7.5594,0.1054,1.071,0.0002
p023,Son Heung-min,Tottenham,FW,21,2024-12-30,7.779,80.02,82.51,-0.0294,-23.01,0,0.0701,7.7624,0.1098,7.5935,0.0987,0.952,0.0002
p023,Son Heung-min,Tottenham,FW,22,2025-01-06,7.55,81.16,85.14,0.0795,-16.89,0,-1.1023,7.7808,-0.024,7.5867,0.0194,0.893,0.0003
p023,Son Heung-min,Tottenham,FW,23,2025-01-13,6.889,81.27,90.15,-0.0862,-12.22,0,-1.6228,7.6318,-0.2464,7.4795,-0.0388,1.04,0.9985
p023,Son Heung-min,Tottenham,FW,24,2025-01-20,6.801,80.89,88.2,0.5814,-4.18,0,-1.1062,7.4218,-0.3468,7.3757,0.1363,1.255,0.0008
p023,Son Heung-min,Tottenham,FW,25,2025-01-27,6.548,81.23,87.64,-0.137,-6.38,0,-1.0776,7.1134,-0.3211,7.2493,0.1094,0.821,0.0013
p023,Son Heung-min,Tottenham,FW,26,2025-02-03,6.408,81.99,85.62,0.0625,-9.89,0,-0.9765,6.8392,-0.2625,7.1213,0.1052,1.097,0.0017
p024,Declan Rice,Arsenal,MF,1,2024-08-12,8.254,130.44,130.44,0.1834,-2.53,0,,,,,0.1834,1.0,0.0009
p024,Declan Rice,Arsenal,MF,2,2024-08-19,8.053,130.01,95.24,-0.2257,19.97,0,-0.7071,8.1535,,8.1454,-0.0212,1.035,0.0002
p024,Declan Rice,Arsenal,MF,3,2024-08-26,7.59,130.39,94.64,-0.135,6.84,0,-1.1033,7.9657,,7.9295,-0.0591,1.132,0.0004
p024,Declan Rice,Arsenal,MF,4,2024-09-02,7.352,131.79,92.29,0.5568,1.85,0,-1.1116,7.8122,,7.7483,0.0949,1.028,0.0003
p024,Declan Rice,Arsenal,MF,5,2024-09-09,7.099,131.7,90.3,0.0204,1.92,0,-1.1889,7.6696,-0.3011,7.5732,0.0541,0.933,0.0011
p024,Declan Rice,Arsenal,MF,6,2024-09-16,7.267,130.62,86.08,-0.1467,9.2,0,-0.5549,7.4722,-0.2063,7.4994,0.0739,0.832,0.0011
p024,Declan Rice,Arsenal,MF,7,2024-09-23,6.607,128.57,88.46,-0.269,-3.33,0,-1.5675,7.183,-0.2051,7.3024,0.0404,1.213,0.0025
p024,Declan Rice,Arsenal,MF,8,2024-09-30,6.083,128.2,87.0,0.076,3.85,0,-1.5024,6.8816,-0.303,7.051,-0.0798,0.944,0.0006
p024,Declan Rice,Arsenal,MF,9,2024-10-07,6.271,127.47,80.24,-0.2517,3.29,0,-0.7705,6.6654,-0.284,6.8987,-0.1478,0.794,0.0008
p024,Declan Rice,Arsenal,MF,10,2024-10-14,6.024,127.99,79.09,0.4396,6.84,0,-0.8361,6.4504,-0.2822,6.7354,-0.0013,1.039,0.0008
p024,Declan Rice,Arsenal,MF,11,2024-10-21,5.853,128.29,76.56,0.2979,16.59,0,-1.0944,6.1676,-0.1567,6.5764,0.1405,0.851,0.0011
p024,Declan Rice,Arsenal,MF,12,2024-10-28,6.109,126.89,71.02,-0.0711,12.19,0,0.2714,6.068,-0.0366,6.4947,0.1037,1.005,0.0003
p024,Declan Rice,Arsenal,MF,13,2024-11-04,6.424,128.25,66.79,0.6346,16.89,0,1.305,6.1362,0.0391,6.4826,0.3253,1.09,0.0003
p024,Declan Rice,Arsenal,MF,14,2024-11-11,6.832,128.24,63.46,-0.0386,18.39,0,1.5099,6.2484,0.2187,6.541,0.2057,1.289,0.0003
p024,Declan Rice,Arsenal,MF,15,2024-11-18,7.076,127.41,63.02,0.02,19.18,0,1.2278,6.4588,0.3169,6.6289,0.1362,1.049,0.0002
p024,Declan Rice,Arsenal,MF,16,2024-11-25,7.005,128.1,65.68,-0.1291,-4.79,0,0.7678,6.6892,0.2444,6.6899,0.1217,0.746,0.0004
p024,Declan Rice,Arsenal,MF,17,2024-12-02,6.884,127.57,68.08,0.2704,-12.97,0,0.1567,6.8442,0.1093,6.721,0.0307,0.973,0.0002
p024,Declan Rice,Arsenal,MF,18,2024-12-09,6.74,128.24,69.94,-0.2259,-5.49,0,-1.2459,6.9074,-0.0376,6.724,-0.0162,1.161,0.0003
p024,Declan Rice,Arsenal,MF,19,2024-12-16,6.342,128.08,73.09,-0.058,-13.52,0,-1.6075,6.8094,-0.1733,6.6639,-0.0356,1.072,0.9979
p024,Declan Rice,Arsenal,MF,20,2024-12-23,6.053,129.31,73.87,-0.1,-1.89,0,-1.3905,6.6048,-0.2446,6.5686,-0.0284,1.185,0.0011
p024,Declan Rice,Arsenal,MF,21,2024-12-30,6.412,129.49,68.74,0.1561,2.4,0,-0.2246,6.4862,-0.1631,6.5443,-0.057,0.894,0.0007
p024,Declan Rice,Arsenal,MF,22,2025-01-06,6.194,129.77,69.85,-0.2989,9.57,0,-0.5951,6.3482,-0.1022,6.4903,-0.0752,0.968,0.0013
p024,Declan Rice,Arsenal,MF,23,2025-01-13,5.817,130.03,71.47,0.046,-7.27,0,-1.4555,6.1636,-0.0909,6.3868,-0.0492,0.961,0.0021
p024,Declan Rice,Arsenal,MF,24,2025-01-20,6.22,131.44,65.76,0.4386,-6.6,0,0.3658,6.1392,-0.0261,6.3613,0.0854,0.822,0.0002
p024,Declan Rice,Arsenal,MF,25,2025-01-27,5.737,131.08,68.93,-0.2585,-10.17,0,-1.181,6.076,-0.1324,6.266,-0.0182,0.896,0.0029
p024,Declan Rice,Arsenal,MF,26,2025-02-03,5.826,131.57,65.88,0.2883,-1.44,0,-0.5789,5.9588,-0.0816,6.199,0.1286,0.896,0.0012
p025,Martin Ødegaard,Arsenal,MF,1,2024-08-12,7.305,120.49,120.49,0.1898,-0.19,0,,,,,0.1898,1.0,0.0009
p025,Martin Ødegaard,Arsenal,MF,2,2024-08-19,6.711,120.61,77.88,0.3179,-2.42,0,-0.7071,7.008,,6.9839,0.2538,0.926,0.0004
p025,Martin Ødegaard,Arsenal,MF,3,2024-08-26,6.294,119.87,75.19,0.0092,-2.02,0,-0.9369,6.77,,6.7157,0.1723,0.816,0.0003
p025,Martin Ødegaard,Arsenal,MF,4,2024-09-02,6.699,119.79,70.05,0.022,-1.65,0,-0.1279,6.7522,,6.7105,0.1347,1.102,0.0003
p025,Martin Ødegaard,Arsenal,MF,5,2024-09-09,7.115,119.28,68.11,-0.4875,1.72,0,0.734,6.8248,-0.0392,6.8196,-0.0346,0.801,0.0004
p025,Martin Ødegaard,Arsenal,MF,6,2024-09-16,6.836,119.54,71.66,0.0294,-2.42,0,0.3545,6.731,0.1071,6.8235,-0.1067,1.19,0.0003
p025,Martin Ødegaard,Arsenal,MF,7,2024-09-23,6.346,118.89,74.62,0.3851,-1.82,0,-0.9082,6.658,0.0241,6.7181,-0.0128,0.919,0.0002
p025,Martin Ødegaard,Arsenal,MF,8,2024-09-30,6.174,117.44,73.47,0.174,10.32,0,-1.2176,6.634,-0.1819,6.6059,0.0252,1.065,0.0009
p025,Martin Ødegaard,Arsenal,MF,9,2024-10-07,6.385,117.43,69.61,0.0617,10.58,0,-0.4772,6.5712,-0.2122,6.5628,0.1625,0.887,0.0011
p025,Martin Ødegaard,Arsenal,MF,10,2024-10-14,6.701,118.34,66.47,-0.2386,8.88,0,0.7817,6.4884,-0.0231,6.5886,0.0955,1.186,0.0002
p025,Martin Ødegaard,Arsenal,MF,11,2024-10-21,6.741,118.58,66.78,-0.0602,14.31,0,1.1158,6.4694,0.1317,6.6161,-0.0158,0.991,0.0002
p025,Martin Ødegaard,Arsenal,MF,12,2024-10-28,6.862,118.75,66.54,-0.1133,9.74,0,1.0189,6.5726,0.1732,6.6591,-0.0876,1.108,0.0003
p025,Martin Ødegaard,Arsenal,MF,13,2024-11-04,6.961,117.92,66.82,-0.2081,3.01,0,1.0578,6.73,0.1313,6.7106,-0.1551,0.87,0.0002
p025,Martin Ødegaard,Arsenal,MF,14,2024-11-11,6.383,116.04,72.35,0.1726,-1.04,0,-1.5814,6.7296,-0.0416,6.6558,-0.0523,0.725,0.3395
p025,Martin Ødegaard,Arsenal,MF,15,2024-11-18,5.925,115.78,74.49,-0.0494,4.98,0,-1.5325,6.5744,-0.2111,6.5357,-0.0496,1.021,0.0015
p025,Martin Ødegaard,Arsenal,MF,16,2024-11-25,6.524,115.41,67.05,0.3518,2.81,0,-0.0169,6.531,-0.1712,6.5338,0.0667,1.119,0.0011
p025,Martin Ødegaard,Arsenal,MF,17,2024-12-02,6.595,114.5,66.46,0.0647,4.1,0,0.3127,6.4776,-0.0591,6.5436,0.1349,0.923,0.0006
p025,Martin Ødegaard,Arsenal,MF,18,2024-12-09,5.885,114.75,72.16,0.6498,4.72,0,-1.1254,6.2624,-0.0326,6.4392,0.2542,0.931,0.0004
p025,Martin Ødegaard,Arsenal,MF,19,2024-12-16,5.995,115.46,68.77,-0.0547,-9.92,0,-0.5498,6.1848,-0.0499,6.3694,0.2529,1.104,0.0005
p025,Martin Ødegaard,Arsenal,MF,20,2024-12-23,5.683,115.0,69.49,0.4311,-13.11,0,-1.1253,6.1364,-0.2282,6.2623,0.2727,1.114,0.0016
p025,Martin Ødegaard,Arsenal,MF,21,2024-12-30,6.061,114.86,63.92,0.5002,-10.01,0,0.0506,6.0438,-0.127,6.2311,0.3816,1.154,0.001
p025,Martin Ødegaard,Arsenal,MF,22,2025-01-06,6.358,114.73,60.83,-0.0792,-6.1,0,1.4594,5.9964,0.1012,6.2507,0.1993,0.746,0.0002
p025,Martin Ødegaard,Arsenal,MF,23,2025-01-13,6.552,115.15,59.79,0.0413,0.54,0,1.2548,6.1298,0.1789,6.297,0.2233,0.804,0.0002
p025,Martin Ødegaard,Arsenal,MF,24,2025-01-20,6.592,114.4,60.62,-0.0279,-13.85,0,0.9025,6.2492,0.2309,6.3421,0.1086,1.26,0.0003
p025,Martin Ødegaard,Arsenal,MF,25,2025-01-27,7.051,116.82,58.12,-0.0934,5.12,0,1.4579,6.5228,0.2214,6.4503,-0.0398,1.189,0.0002
p025,Martin Ødegaard,Arsenal,MF,26,2025-02-03,7.548,115.73,56.87,0.261,-4.88,0,1.5171,6.8202,0.2879,6.6174,0.0452,0.805,0.0002
p026,Federico Valverde,Real Madrid,MF,1,2024-08-12,7.252,119.31,119.31,-0.2815,2.3,0,,,,,-0.2815,1.0,0.0006
p026,Federico Valverde,Real Madrid,MF,2,2024-08-19,6.969,119.69,78.06,-0.3201,-7.86,0,-0.7071,7.1105,,7.099,-0.3008,1.06,0.0002
p026,Federico Valverde,Real Madrid,MF,3,2024-08-26,7.068,121.51,76.49,-0.0021,-1.62,0,-0.1973,7.0963,,7.087,-0.2012,1.138,0.0002
p026,Federico Valverde,Real Madrid,MF,4,2024-09-02,7.349,120.96,75.43,0.4867,2.24,0,1.0994,7.1595,,7.1692,-0.0292,0.86,0.0002
p026,Federico Valverde,Real Madrid,MF,5,2024-09-09,7.1,120.61,77.95,0.1307,-4.33,0,-0.3139,7.1476,0.0076,7.1505,0.0738,0.907,0.0002
p026,Federico Valverde,Real Madrid,MF,6,2024-09-16,7.723,120.35,74.3,0.3339,4.48,0,1.5869,7.2418,0.154,7.2884,0.2373,1.223,0.0004
p026,Federico Valverde,Real Madrid,MF,7,2024-09-23,8.345,121.45,73.44,-0.1898,6.61,0,1.5566,7.517,0.2928,7.5217,0.1904,1.223,0.0002
p026,Federico Valverde,Real Madrid,MF,8,2024-09-30,8.37,122.58,78.24,0.0898,8.14,0,1.0321,7.7774,0.3287,7.6966,0.0912,1.075,0.0002
p026,Federico Valverde,Real Madrid,MF,9,2024-10-07,8.264,123.48,82.78,0.4201,8.72,0,0.5533,7.9604,0.2975,7.8074,0.1635,1.003,0.0002
p026,Federico Valverde,Real Madrid,MF,10,2024-10-14,8.086,125.51,86.49,0.3395,13.32,0,-0.268,8.1576,0.0645,7.8594,0.1649,0.828,0.0002
p026,Federico Valverde,Real Madrid,MF,11,2024-10-21,8.102,126.52,87.57,-0.0995,10.04,0,-0.986,8.2334,-0.077,7.9031,0.1875,0.859,0.0014
p026,Federico Valverde,Real Madrid,MF,12,2024-10-28,7.945,127.7,89.71,0.0392,19.65,0,-1.2581,8.1534,-0.1012,7.9104,0.1748,0.894,0.0012
p026,Federico Valverde,Real Madrid,MF,13,2024-11-04,7.603,128.86,92.4,0.3609,-0.31,0,-1.594,8.0,-0.1463,7.858,0.16,1.27,0.9988
p026,Federico Valverde,Real Madrid,MF,14,2024-11-11,7.444,128.36,92.34,-0.1224,2.07,0,-1.3194,7.836,-0.1783,7.7888,0.0445,1.005,0.0018
p026,Federico Valverde,Real Madrid,MF,15,2024-11-18,7.921,128.47,87.09,0.0203,6.81,0,0.4365,7.803,-0.0863,7.8105,0.0745,1.015,0.0007
p026,Federico Valverde,Real Madrid,MF,16,2024-11-25,8.231,127.59,85.26,-0.4655,6.85,0,1.3001,7.8288,0.089,7.8786,-0.0517,0.724,0.0003
p026,Federico Valverde,Real Madrid,MF,17,2024-12-02,8.064,127.22,88.19,0.3072,2.18,0,0.651,7.8526,0.1709,7.9083,-0.0651,1.04,0.0003
p026,Federico Valverde,Real Madrid,MF,18,2024-12-09,8.718,126.85,83.87,0.2875,-19.67,0,1.3856,8.0756,0.2691,8.0366,0.0374,1.184,0.0003
p026,Federico Valverde,Real Madrid,MF,19,2024-12-16,8.682,127.01,87.28,-0.432,-15.91,0,0.9932,8.3232,0.2009,8.1381,-0.0757,0.899,0.0003
p026,Federico Valverde,Real Madrid,MF,20,2024-12-23,8.409,128.75,91.87,0.0205,-12.03,0,-0.0417,8.4208,0.0974,8.1804,0.0458,0.866,0.0002
p026,Federico Valverde,Real Madrid,MF,21,2024-12-30,8.537,129.49,91.91,0.3871,-13.35,0,0.2083,8.482,0.0637,8.2357,0.0658,1.248,0.0003
p026,Federico Valverde,Real Madrid,MF,22,2025-01-06,9.067,130.13,89.12,-0.2443,-1.78,0,1.553,8.6826,0.0553,8.364,-0.0672,0.921,0.0002
p026,Federico Valverde,Real Madrid,MF,23,2025-01-13,9.535,130.19,88.61,0.161,7.36,0,1.5063,8.846,0.2364,8.5439,0.0811,1.069,0.0003
p026,Federico Valverde,Real Madrid,MF,24,2025-01-20,9.294,131.84,94.93,-0.0547,-8.95,0,0.6732,8.9684,0.2768,8.6587,0.0623,0.9,0.0003
p026,Federico Valverde,Real Madrid,MF,25,2025-01-27,8.901,130.87,100.85,0.3816,-11.24,0,-0.4358,9.0668,0.0955,8.6957,0.0609,1.115,0.0003
p026,Federico Valverde,Real Madrid,MF,26,2025-02-03,8.767,132.0,102.82,-0.4784,-3.81,0,-1.1255,9.1128,-0.1234,8.7066,0.0024,0.895,0.0024
p027,Jamal Musiala,Bayern Munich,MF,1,2024-08-12,8.206,148.61,148.61,-0.0495,-4.44,0,,,,,-0.0495,1.0,0.0008
p027,Jamal Musiala,Bayern Munich,MF,2,2024-08-19,8.28,149.17,95.38,0.2153,35.91,0,0.7071,8.243,,8.246,0.0829,0.941,0.0005
p027,Jamal Musiala,Bayern Munich,MF,3,2024-08-26,8.069,149.93,95.39,0.1246,25.83,0,-1.0835,8.185,,8.1772,0.0968,0.978,0.0003
p027,Jamal Musiala,Bayern Munich,MF,4,2024-09-02,8.271,150.1,94.34,0.28,31.34,0,0.6621,8.2065,,8.2066,0.1426,0.798,0.0003
p027,Jamal Musiala,Bayern Munich,MF,5,2024-09-09,8.156,151.75,95.36,0.2355,38.55,0,-0.4626,8.1964,-0.0109,8.193,0.2138,1.047,0.0004
p027,Jamal Musiala,Bayern Munich,MF,6,2024-09-16,8.024,150.8,95.22,-0.1893,29.89,0,-1.1758,8.16,-0.0425,8.1523,0.1127,1.081,0.0013
p027,Jamal Musiala,Bayern Munich,MF,7,2024-09-23,8.246,148.69,93.67,0.4583,29.14,0,0.8628,8.1532,0.0107,8.173,0.1961,1.19,0.0003
p027,Jamal Musiala,Bayern Munich,MF,8,2024-09-30,8.122,147.7,94.89,-0.4333,31.01,0,-0.4201,8.1638,-0.0208,8.1625,0.0178,1.002,0.0003
p027,Jamal Musiala,Bayern Munich,MF,9,2024-10-07,7.665,147.65,97.69,-0.0155,2.6,0,-1.6742,8.0426,-0.0884,8.0654,-0.045,0.885,0.9988
p027,Jamal Musiala,Bayern Munich,MF,10,2024-10-14,7.232,149.59,98.48,0.2165,-2.43,0,-1.5212,7.8578,-0.2165,7.9097,0.0565,1.038,0.0025
p027,Jamal Musiala,Bayern Munich,MF,11,2024-10-21,7.658,150.44,91.91,0.0576,16.58,0,-0.3111,7.7846,-0.2066,7.8644,-0.0437,1.01,0.0013
p027,Jamal Musiala,Bayern Munich,MF,12,2024-10-28,7.491,149.98,92.06,0.0279,20.16,0,-0.4392,7.6336,-0.1269,7.7991,0.0716,0.711,0.0016
p027,Jamal Musiala,Bayern Munich,MF,13,2024-11-04,7.685,150.16,89.1,-0.0216,16.31,0,0.7224,7.5462,0.0299,7.7796,0.0701,0.865,0.0002
p027,Jamal Musiala,Bayern Munich,MF,14,2024-11-11,7.489,150.87,90.1,-0.0576,19.99,0,-0.1217,7.511,0.0541,7.731,0.0016,1.013,0.0002
p027,Jamal Musiala,Bayern Munich,MF,15,2024-11-18,7.307,150.26,90.31,0.4188,14.66,0,-1.4343,7.526,-0.0704,7.6613,0.0919,1.183,0.0006
p027,Jamal Musiala,Bayern Munich,MF,16,2024-11-25,7.356,149.78,88.26,0.0327,4.36,0,-0.7453,7.4656,-0.0648,7.6119,0.0931,1.108,0.0003
p027,Jamal Musiala,Bayern Munich,MF,17,2024-12-02,7.786,148.89,83.77,0.0328,5.97,0,1.2639,7.5246,0.0069,7.6397,0.1067,0.99,0.0003
p027,Jamal Musiala,Bayern Munich,MF,18,2024-12-09,8.286,150.02,80.6,-0.1337,19.29,0,1.5871,7.6448,0.2073,7.7422,0.0876,0.993,0.0002
p027,Jamal Musiala,Bayern Munich,MF,19,2024-12-16,8.334,151.03,82.73,0.2438,2.06,0,1.0614,7.8138,0.2984,7.8352,0.0439,0.836,0.0003
p027,Jamal Musiala,Bayern Munich,MF,20,2024-12-23,9.133,150.99,78.79,-0.3124,-19.26,0,1.4312,8.179,0.4102,8.0377,-0.0424,1.126,0.0003
p027,Jamal Musiala,Bayern Munich,MF,21,2024-12-30,9.013,150.34,84.68,0.6071,-39.58,0,0.9004,8.5104,0.3301,8.189,0.1012,1.199,0.0003
p027,Jamal Musiala,Bayern Munich,MF,22,2025-01-06,9.287,152.05,86.25,-0.1873,-12.51,0,1.019,8.8106,0.2681,8.3584,0.0878,0.822,0.0003
p027,Jamal Musiala,Bayern Munich,MF,23,2025-01-13,9.083,151.71,92.02,0.028,-13.87,0,0.3058,8.97,0.1652,8.4698,0.0338,1.01,0.0002
p027,Jamal Musiala,Bayern Munich,MF,24,2025-01-20,8.649,150.7,98.16,0.1786,-15.27,0,-1.6195,9.033,-0.0898,8.4972,0.1566,0.933,0.9978
p027,Jamal Musiala,Bayern Munich,MF,25,2025-01-27,8.668,150.07,98.69,0.3512,-8.48,0,-0.9853,8.94,-0.1328,8.5233,0.0926,1.022,0.0013
p027,Jamal Musiala,Bayern Munich,MF,26,2025-02-03,8.6,149.23,99.87,-0.0317,-0.22,0,-0.834,8.8574,-0.1789,8.535,0.1315,0.99,0.0012
p028,Florian Wirtz,Bayer Leverkusen,MF,1,2024-08-12,8.375,149.06,149.06,0.2471,-7.64,0,,,,,0.2471,1.0,0.0006
p028,Florian Wirtz,Bayer Leverkusen,MF,2,2024-08-19,8.514,148.98,98.45,0.0736,16.49,0,0.7071,8.4445,,8.4501,0.1604,1.22,0.0003
p028,Florian Wirtz,Bayer Leverkusen,MF,3,2024-08-26,8.137,149.44,99.55,0.2879,40.24,0,-1.0752,8.342,,8.3284,0.2029,0.794,0.0002
p028,Florian Wirtz,Bayer Leverkusen,MF,4,2024-09-02,7.904,150.45,97.95,0.1322,28.46,0,-1.2226,8.2325,,8.1952,0.1852,0.899,0.0002
p028,Florian Wirtz,Bayer Leverkusen,MF,5,2024-09-09,8.139,150.29,95.19,0.1717,27.8,0,-0.3164,8.2138,-0.1082,8.1801,0.1664,1.153,0.0015
p028,Florian Wirtz,Bayer Leverkusen,MF,6,2024-09-16,8.133,150.22,94.94,0.289,33.27,0,-0.1477,8.1654,-0.076,8.1687,0.2202,1.157,0.001
p028,Florian Wirtz,Bayer Leverkusen,MF,7,2024-09-23,8.632,150.27,91.77,0.1167,20.26,0,1.6573,8.189,0.1219,8.271,0.1774,0.872,0.0003
p028,Florian Wirtz,Bayer Leverkusen,MF,8,2024-09-30,8.903,149.35,92.24,0.3248,27.35,0,1.3646,8.3422,0.2491,8.4013,0.2255,0.934,0.0002
p028,Florian Wirtz,Bayer Leverkusen,MF,9,2024-10-07,8.411,150.26,98.35,0.4421,19.28,0,-0.0986,8.4436,0.1314,8.4032,0.2931,1.108,0.0003
p028,Florian Wirtz,Bayer Leverkusen,MF,10,2024-10-14,8.056,151.29,100.84,0.1987,25.76,0,-1.0568,8.427,-0.0375,8.3384,0.2706,1.235,0.0003
p028,Florian Wirtz,Bayer Leverkusen,MF,11,2024-10-21,8.268,152.81,97.85,0.2961,3.59,0,-0.5685,8.454,-0.1575,8.3257,0.3154,0.79,0.0009
p028,Florian Wirtz,Bayer Leverkusen,MF,12,2024-10-28,7.885,152.33,100.32,0.0749,25.05,0,-1.0757,8.3046,-0.2179,8.2486,0.253,1.118,0.0011
p028,Florian Wirtz,Bayer Leverkusen,MF,13,2024-11-04,7.927,153.91,98.2,0.4481,20.71,0,-0.8105,8.1094,-0.1139,8.1937,0.2544,0.797,0.0013
p028,Florian Wirtz,Bayer Leverkusen,MF,14,2024-11-11,8.225,154.65,94.68,0.1541,27.06,0,0.8894,8.0722,-0.0003,8.199,0.2433,1.073,0.0002
p028,Florian Wirtz,Bayer Leverkusen,MF,15,2024-11-18,8.401,153.87,93.49,0.2688,28.84,0,1.1558,8.1412,0.0606,8.2322,0.2365,0.956,0.0003
p028,Florian Wirtz,Bayer Leverkusen,MF,16,2024-11-25,7.963,153.56,97.61,-0.3038,24.54,0,-0.5252,8.0802,0.063,8.1886,0.1418,1.09,0.0002
p028,Florian Wirtz,Bayer Leverkusen,MF,17,2024-12-02,7.621,154.05,99.17,0.2425,-8.95,0,-1.3584,8.0274,-0.0874,8.0977,0.0904,0.869,0.0018
p028,Florian Wirtz,Bayer Leverkusen,MF,18,2024-12-09,7.783,153.75,95.72,0.0982,-5.9,0,-0.6788,7.9986,-0.1664,8.0478,0.0764,1.195,0.0011
p028,Florian Wirtz,Bayer Leverkusen,MF,19,2024-12-16,8.503,152.98,88.94,0.2311,-13.28,0,1.1674,8.0542,0.0024,8.1194,0.067,0.898,0.0003
p028,Florian Wirtz,Bayer Leverkusen,MF,20,2024-12-23,8.444,153.37,91.14,0.2613,-0.88,0,0.9663,8.0628,0.1844,8.17,0.2083,1.164,0.0003
p028,Florian Wirtz,Bayer Leverkusen,MF,21,2024-12-30,8.783,153.71,89.74,0.291,12.36,0,1.1142,8.2268,0.2985,8.2651,0.2204,0.723,0.0003
p028,Florian Wirtz,Bayer Leverkusen,MF,22,2025-01-06,8.943,154.78,90.82,0.2462,2.9,0,1.0146,8.4912,0.26,8.3697,0.2574,0.864,0.0003
p028,Florian Wirtz,Bayer Leverkusen,MF,23,2025-01-13,8.733,154.74,95.04,0.0103,-3.98,0,0.2516,8.6812,0.0959,8.4255,0.2022,0.952,0.0002
p028,Florian Wirtz,Bayer Leverkusen,MF,24,2025-01-20,9.045,154.62,93.96,0.5628,3.88,0,1.1108,8.7896,0.1152,8.5204,0.2776,1.3,0.0002
p028,Florian Wirtz,Bayer Leverkusen,MF,25,2025-01-27,8.488,153.18,100.68,0.3863,4.57,0,-1.4529,8.7984,-0.0488,8.5154,0.3014,1.231,0.0005
p028,Florian Wirtz,Bayer Leverkusen,MF,26,2025-02-03,8.78,153.89,98.26,0.0378,13.1,0,-0.0833,8.7978,-0.0571,8.5557,0.2493,0.889,0.0005
p029,Pedri,Barcelona,MF,1,2024-08-12,7.851,130.23,130.23,0.3318,-7.71,0,,,,,0.3318,1.0,0.0008
p029,Pedri,Barcelona,MF,2,2024-08-19,7.735,131.59,88.74,-0.3242,17.47,0,-0.7071,7.793,,7.7883,0.0038,1.09,0.0003
p029,Pedri,Barcelona,MF,3,2024-08-26,8.785,132.1,87.11,0.519,7.9,0,1.1488,8.1237,,8.1757,0.1755,1.101,0.0003
p029,Pedri,Barcelona,MF,4,2024-09-02,8.044,131.82,95.03,-0.4478,15.8,0,-0.1267,8.1038,,8.1344,0.0197,1.038,0.0003
p029,Pedri,Barcelona,MF,5,2024-09-09,8.293,131.68,93.21,0.6277,24.98,0,0.3629,8.1416,0.1193,8.1772,0.0937,1.114,0.0003
p029,Pedri,Barcelona,MF,6,2024-09-16,8.076,130.55,95.17,0.5379,27.17,0,-0.2842,8.1866,0.019,8.1528,0.3092,0.689,0.0002
p029,Pedri,Barcelona,MF,7,2024-09-23,8.358,130.4,93.02,-0.049,16.62,0,0.1574,8.3112,-0.0822,8.1981,0.1672,0.941,0.0012
p029,Pedri,Barcelona,MF,8,2024-09-30,8.273,130.32,94.52,-0.0115,31.78,0,0.459,8.2088,0.0523,8.2135,0.2763,0.863,0.0003
p029,Pedri,Barcelona,MF,9,2024-10-07,8.567,132.15,92.91,0.2382,19.1,0,1.4362,8.3134,0.0745,8.2825,0.1789,1.301,0.0002
p029,Pedri,Barcelona,MF,10,2024-10-14,8.315,131.58,96.19,0.3335,25.82,0,-0.0159,8.3178,0.0687,8.2886,0.1278,0.948,0.0003
p029,Pedri,Barcelona,MF,11,2024-10-21,9.021,133.05,91.34,0.2457,15.95,0,1.6647,8.5068,0.1368,8.4205,0.2015,1.14,0.0003
p029,Pedri,Barcelona,MF,12,2024-10-28,8.606,133.7,96.82,-0.3987,12.11,0,0.166,8.5564,0.112,8.453,0.1047,0.944,0.0003
p029,Pedri,Barcelona,MF,13,2024-11-04,8.792,134.5,96.8,-0.1232,14.84,0,0.4996,8.6602,0.0741,8.5108,0.0143,1.166,0.0002
p029,Pedri,Barcelona,MF,14,2024-11-11,8.837,134.58,97.84,-0.1445,12.32,0,0.459,8.7142,0.0815,8.5654,-0.1052,0.96,0.0002
p029,Pedri,Barcelona,MF,15,2024-11-18,9.078,133.89,97.33,-0.244,16.71,0,1.1175,8.8668,0.0345,8.6496,-0.2276,0.85,0.0003
p029,Pedri,Barcelona,MF,16,2024-11-25,8.835,134.75,101.2,0.3062,16.86,0,0.0321,8.8296,0.0744,8.6797,-0.0514,1.039,0.0003
p029,Pedri,Barcelona,MF,17,2024-12-02,8.839,134.34,101.31,-0.02,19.26,0,-0.3249,8.8762,0.0092,8.7052,-0.0256,0.978,0.0004
p029,Pedri,Barcelona,MF,18,2024-12-09,9.783,135.38,95.25,0.1496,-12.25,0,1.7298,9.0744,0.1653,8.876,0.048,1.053,0.0003
p029,Pedri,Barcelona,MF,19,2024-12-16,10.0,134.12,97.73,0.0527,18.52,0,1.2647,9.307,0.2792,9.0527,0.1221,1.109,0.0003
p029,Pedri,Barcelona,MF,20,2024-12-23,10.0,133.38,101.46,0.4259,1.73,0,0.8422,9.4914,0.3491,9.2005,0.1521,1.1,0.0003
p029,Pedri,Barcelona,MF,21,2024-12-30,9.655,131.83,108.35,-0.1366,9.79,0,-0.0008,9.6554,0.1849,9.271,0.1229,0.983,0.0003
p029,Pedri,Barcelona,MF,22,2025-01-06,9.651,131.68,110.11,0.5348,17.94,0,-0.9554,9.8178,-0.0609,9.3296,0.2192,0.831,0.001
p029,Pedri,Barcelona,MF,23,2025-01-13,9.97,132.04,109.05,-0.2013,-8.83,0,0.6206,9.8552,-0.0409,9.428,0.1557,0.905,0.0005
p029,Pedri,Barcelona,MF,24,2025-01-20,10.0,132.57,111.24,0.213,-4.39,0,0.7827,9.8552,0.0315,9.5156,0.1025,0.993,0.0003
p029,Pedri,Barcelona,MF,25,2025-01-27,9.395,131.42,118.15,-0.0212,22.38,0,-1.3447,9.7342,-0.0171,9.4972,0.1313,1.125,0.0004
p029,Pedri,Barcelona,MF,26,2025-02-03,8.865,130.6,121.88,-0.2325,28.81,0,-1.5172,9.5762,-0.2147,9.401,-0.0605,0.768,0.0016
p030,Gavi,Barcelona,MF,1,2024-08-12,7.393,100.71,100.71,-0.0308,-2.22,0,,,,,-0.0308,1.0,0.0009
p030,Gavi,Barcelona,MF,2,2024-08-19,7.62,100.28,82.2,-0.2365,-6.24,0,0.7071,7.5065,,7.5157,-0.1336,1.17,0.0002
p030,Gavi,Barcelona,MF,3,2024-08-26,7.399,100.66,83.6,0.0799,-0.5,0,-0.554,7.4707,,7.4703,-0.0625,1.036,0.0002
p030,Gavi,Barcelona,MF,4,2024-09-02,7.259,100.61,83.39,0.2703,0.31,0,-1.0617,7.4178,,7.404,0.0207,1.152,0.0002
p030,Gavi,Barcelona,MF,5,2024-09-09,7.257,101.38,82.26,0.6027,0.75,0,-0.8683,7.3856,-0.0633,7.3644,0.1791,0.973,0.0004
p030,Gavi,Barcelona,MF,6,2024-09-16,7.055,100.92,82.57,-0.0507,3.97,0,-1.2605,7.318,-0.1272,7.2899,0.2256,0.843,0.0011
p030,Gavi,Barcelona,MF,7,2024-09-23,7.267,100.58,79.23,0.4639,-0.88,0,0.1592,7.2474,-0.0468,7.2848,0.3216,1.052,0.0006
p030,Gavi,Barcelona,MF,8,2024-09-30,7.481,101.4,78.36,-0.1243,-3.78,0,1.4412,7.2638,0.0454,7.3253,0.2229,0.989,0.0003
p030,Gavi,Barcelona,MF,9,2024-10-07,7.6,101.41,78.45,0.3074,7.18,0,1.2612,7.332,0.1112,7.3789,0.1491,0.797,0.0002
p030,Gavi,Barcelona,MF,10,2024-10-14,7.373,100.91,81.22,0.1946,6.32,0,0.0854,7.3552,0.0969,7.3778,0.2104,0.893,0.0002
p030,Gavi,Barcelona,MF,11,2024-10-21,6.809,100.05,85.18,-0.3026,-7.43,0,-1.6339,7.306,-0.1024,7.2753,0.0188,0.938,0.9993
p030,Gavi,Barcelona,MF,12,2024-10-28,6.396,100.96,85.78,0.4696,-4.91,0,-1.4396,7.1318,-0.2961,7.1216,0.1672,1.432,0.0006
p030,Gavi,Barcelona,MF,13,2024-11-04,6.618,99.76,80.54,0.4212,-7.07,0,-0.6698,6.9592,-0.2941,7.0356,0.1957,1.21,0.0006
p030,Gavi,Barcelona,MF,14,2024-11-11,6.018,99.11,82.96,0.7633,7.7,0,-1.2417,6.6428,-0.2901,6.8655,0.3379,1.11,0.0008
p030,Gavi,Barcelona,MF,15,2024-11-18,6.19,97.85,77.03,0.1693,8.34,0,-0.6797,6.4062,-0.1616,6.7545,0.4558,0.898,0.001
p030,Gavi,Barcelona,MF,16,2024-11-25,6.641,98.15,71.51,0.5657,10.97,0,0.9936,6.3726,0.0062,6.7361,0.4799,0.951,0.0002
p030,Gavi,Barcelona,MF,17,2024-12-02,5.944,98.76,76.4,0.4026,5.56,0,-1.0265,6.2822,-0.0725,6.6093,0.4752,0.792,0.0007
p030,Gavi,Barcelona,MF,18,2024-12-09,5.771,99.36,74.65,0.2261,3.39,0,-1.0314,6.1128,-0.074,6.4764,0.3409,1.032,0.0008
p030,Gavi,Barcelona,MF,19,2024-12-16,5.732,99.33,71.14,0.0959,-10.16,0,-0.8657,6.0556,-0.1786,6.3594,0.3226,0.946,0.0014
p030,Gavi,Barcelona,MF,20,2024-12-23,5.292,100.74,71.7,0.3759,-3.99,0,-1.1904,5.876,-0.291,6.1928,0.2751,1.081,0.0013
p030,Gavi,Barcelona,MF,21,2024-12-30,5.002,101.27,70.46,0.3674,-3.7,0,-1.4055,5.5482,-0.2363,6.0081,0.2663,0.905,0.0053
p030,Gavi,Barcelona,MF,22,2025-01-06,4.563,100.83,69.36,-0.0251,-14.57,0,-1.3928,5.272,-0.3146,5.7851,0.2035,0.877,0.0035
p030,Gavi,Barcelona,MF,23,2025-01-13,4.497,99.93,64.4,0.3236,-9.05,0,-1.0088,5.0172,-0.3199,5.5872,0.2604,1.014,0.0015
p030,Gavi,Barcelona,MF,24,2025-01-20,5.484,100.03,51.78,0.2842,3.81,0,1.1861,4.9676,-0.0121,5.5714,0.2375,1.006,0.0006
p030,Gavi,Barcelona,MF,25,2025-01-27,5.3,101.15,52.84,0.2769,3.08,0,0.7572,4.9692,0.1517,5.53,0.2149,1.206,0.0006
p030,Gavi,Barcelona,MF,26,2025-02-03,5.951,100.61,46.69,-0.9354,-3.8,0,1.2738,5.159,0.3579,5.5941,-0.0127,0.966,0.0003
p031,Lamine Yamal,Barcelona,FW,1,2024-08-12,7.542,120.29,120.29,0.287,-4.35,0,,,,,0.287,1.0,0.0006
p031,Lamine Yamal,Barcelona,FW,2,2024-08-19,7.656,120.12,84.32,-0.2663,1.89,0,0.7071,7.599,,7.6036,0.0103,1.029,0.0004
p031,Lamine Yamal,Barcelona,FW,3,2024-08-26,7.843,121.41,84.73,0.2001,10.68,0,1.0704,7.6803,,7.6967,0.0736,0.961,0.0003
p031,Lamine Yamal,Barcelona,FW,4,2024-09-02,7.573,120.45,86.93,-0.2676,-4.82,0,-0.5955,7.6535,,7.6579,-0.0117,0.83,0.0003
p031,Lamine Yamal,Barcelona,FW,5,2024-09-09,7.228,122.32,87.8,0.4232,0.69,0,-1.5236,7.5684,-0.0711,7.542,0.0224,0.923,0.0004
p031,Lamine Yamal,Barcelona,FW,6,2024-09-16,6.884,122.57,87.41,0.3387,-4.56,0,-1.4507,7.4368,-0.2159,7.3835,0.1736,0.942,0.0013
p031,Lamine Yamal,Barcelona,FW,7,2024-09-23,7.309,121.14,81.69,0.5576,5.75,0,-0.1612,7.3674,-0.1757,7.3671,0.263,1.089,0.0012
p031,Lamine Yamal,Barcelona,FW,8,2024-09-30,7.489,120.02,80.21,-0.2311,3.86,0,0.7164,7.2966,-0.0087,7.3922,0.2721,1.107,0.0002
p031,Lamine Yamal,Barcelona,FW,9,2024-10-07,7.394,122.11,81.39,0.8041,10.98,0,0.5743,7.2608,0.0937,7.3925,0.3673,0.928,0.0003
p031,Lamine Yamal,Barcelona,FW,10,2024-10-14,7.785,122.6,78.71,0.0982,1.86,0,1.2637,7.3722,0.1887,7.4658,0.3072,1.162,0.0002
p031,Lamine Yamal,Barcelona,FW,11,2024-10-21,7.548,122.6,82.06,0.4506,-0.19,0,0.2374,7.505,0.0774,7.4806,0.2804,1.207,0.0003
p031,Lamine Yamal,Barcelona,FW,12,2024-10-28,7.502,124.22,82.74,0.4185,-4.59,0,-0.2847,7.5436,0.018,7.4844,0.4428,1.04,0.0002
p031,Lamine Yamal,Barcelona,FW,13,2024-11-04,7.113,124.77,85.68,-0.16,7.39,0,-1.4523,7.4684,-0.0845,7.421,0.2018,0.874,0.001
p031,Lamine Yamal,Barcelona,FW,14,2024-11-11,7.45,126.03,81.67,0.2243,-2.5,0,-0.1225,7.4796,-0.1105,7.4259,0.2333,1.069,0.0008
p031,Lamine Yamal,Barcelona,FW,15,2024-11-18,7.178,125.5,83.84,0.064,7.31,0,-0.9075,7.3582,-0.0792,7.3851,0.1367,0.891,0.0008
p031,Lamine Yamal,Barcelona,FW,16,2024-11-25,6.892,125.64,85.03,0.3386,3.61,0,-1.3321,7.227,-0.1155,7.3052,0.1167,0.919,0.0016
p031,Lamine Yamal,Barcelona,FW,17,2024-12-02,7.025,125.67,82.08,-0.41,-7.49,0,-0.5131,7.1316,-0.0734,7.2604,0.0542,1.028,0.0005
p031,Lamine Yamal,Barcelona,FW,18,2024-12-09,6.261,125.37,86.87,-0.1839,-2.21,0,-1.5805,6.9612,-0.2531,7.102,-0.0478,0.795,0.6292
p031,Lamine Yamal,Barcelona,FW,19,2024-12-16,5.769,127.12,86.82,0.4541,-7.64,0,-1.4457,6.625,-0.3449,6.8925,0.0497,0.943,0.0008
p031,Lamine Yamal,Barcelona,FW,20,2024-12-23,6.021,128.67,79.75,-0.1901,5.89,0,-0.6821,6.3936,-0.2998,6.7565,-0.0825,0.931,0.0005
p031,Lamine Yamal,Barcelona,FW,21,2024-12-30,5.699,129.39,78.93,0.0692,9.9,0,-0.853,6.155,-0.2892,6.5924,0.0373,0.939,0.0012
p031,Lamine Yamal,Barcelona,FW,22,2025-01-06,6.529,128.12,68.41,0.0274,12.28,0,1.3706,6.0558,0.0466,6.5827,0.0901,1.216,0.0003
p031,Lamine Yamal,Barcelona,FW,23,2025-01-13,6.592,127.99,67.68,0.1913,21.66,0,1.1233,6.122,0.2154,6.5841,0.0244,0.983,0.0003
p031,Lamine Yamal,Barcelona,FW,24,2025-01-20,5.961,127.12,72.67,-0.1342,3.34,0,-0.5173,6.1604,0.0773,6.4887,0.0384,1.139,0.0003
p031,Lamine Yamal,Barcelona,FW,25,2025-01-27,5.09,127.92,77.17,0.4842,-10.18,0,-1.4217,5.9742,-0.1786,6.2752,0.1422,1.194,0.0035
p031,Lamine Yamal,Barcelona,FW,26,2025-02-03,5.641,128.0,67.57,0.1977,-8.1,0,-0.5114,5.9626,-0.3278,6.1787,0.1847,0.978,0.0013
p032,Antoine Griezmann,Atletico Madrid,FW,1,2024-08-12,7.078,58.33,58.33,-0.0815,1.93,0,,,,,-0.0815,1.0,0.0011
p032,Antoine Griezmann,Atletico Madrid,FW,2,2024-08-19,7.657,58.46,78.1,-0.0876,-5.2,0,0.7071,7.3675,,7.391,-0.0846,1.167,0.0003
p032,Antoine Griezmann,Atletico Madrid,FW,3,2024-08-26,7.638,58.48,81.14,0.8347,-12.54,0,0.5482,7.4577,,7.487,0.2219,0.875,0.0002
p032,Antoine Griezmann,Atletico Madrid,FW,4,2024-09-02,7.642,60.14,82.51,-0.3693,-10.26,0,0.4869,7.5038,,7.5356,0.0741,1.268,0.0002
p032,Antoine Griezmann,Atletico Madrid,FW,5,2024-09-09,7.374,59.49,84.54,0.4388,-5.94,0,-0.4108,7.4778,0.0577,7.4921,0.2042,1.143,0.0002
p032,Antoine Griezmann,Atletico Madrid,FW,6,2024-09-16,7.189,58.8,84.69,0.047,-9.71,0,-1.4807,7.5,-0.12,7.4191,0.2378,0.976,0.0009
p032,Antoine Griezmann,Atletico Madrid,FW,7,2024-09-23,7.414,58.43,81.89,-0.1678,-2.92,0,-0.1948,7.4514,-0.0901,7.418,-0.0128,0.849,0.0009
p032,Antoine Griezmann,Atletico Madrid,FW,8,2024-09-30,7.098,58.54,83.85,-0.01,-1.95,0,-1.1596,7.3434,-0.1048,7.352,0.077,1.099,0.0019
p032,Antoine Griezmann,Atletico Madrid,FW,9,2024-10-07,6.628,59.15,85.52,0.4646,-10.32,0,-1.6289,7.1406,-0.1583,7.2107,0.0834,0.984,0.9991
p032,Antoine Griezmann,Atletico Madrid,FW,10,2024-10-14,6.424,59.13,83.75,0.4801,-8.87,0,-1.2822,6.9506,-0.2316,7.0637,0.1917,0.851,0.0019
p032,Antoine Griezmann,Atletico Madrid,FW,11,2024-10-21,7.111,59.28,75.53,-0.1762,-1.08,0,0.4392,6.935,-0.128,7.0722,0.1896,1.139,0.001
p032,Antoine Griezmann,Atletico Madrid,FW,12,2024-10-28,6.863,57.84,77.52,0.2245,-1.13,0,0.1278,6.8248,0.0013,7.0357,0.2482,1.186,0.0005
p032,Antoine Griezmann,Atletico Madrid,FW,13,2024-11-04,6.92,57.06,76.24,0.2041,-3.62,0,0.4896,6.7892,0.1023,7.0159,0.1831,0.939,0.0002
p032,Antoine Griezmann,Atletico Madrid,FW,14,2024-11-11,7.208,56.52,73.63,0.0345,-0.75,0,0.9989,6.9052,0.1377,7.048,0.0717,1.036,0.0002
p032,Antoine Griezmann,Atletico Madrid,FW,15,2024-11-18,7.168,56.59,74.7,0.2554,-7.66,0,0.7421,7.054,0.0459,7.0677,0.1796,0.81,0.0002
p032,Antoine Griezmann,Atletico Madrid,FW,16,2024-11-25,6.93,57.15,76.98,0.3283,-6.31,0,-0.5554,7.0178,0.0382,7.0454,0.2056,1.181,0.0002
p032,Antoine Griezmann,Atletico Madrid,FW,17,2024-12-02,6.767,59.15,77.69,-0.1907,0.87,0,-1.2511,6.9986,-0.0584,7.0009,0.1069,0.782,0.0006
p032,Antoine Griezmann,Atletico Madrid,FW,18,2024-12-09,6.919,58.67,75.43,-0.3914,-5.97,0,-0.4287,6.9984,-0.0979,6.9879,0.0004,0.995,0.0014
p032,Antoine Griezmann,Atletico Madrid,FW,19,2024-12-16,7.209,59.15,72.87,-0.2385,-2.03,0,1.1342,6.9986,0.0071,7.0226,-0.1231,0.789,0.0002
p032,Antoine Griezmann,Atletico Madrid,FW,20,2024-12-23,6.841,60.72,76.58,-0.0189,-1.56,0,-0.55,6.9332,0.0264,6.9943,-0.2099,0.923,0.0004
p032,Antoine Griezmann,Atletico Madrid,FW,21,2024-12-30,6.329,61.53,79.3,0.0368,-8.14,0,-1.5207,6.813,-0.0954,6.8911,-0.153,0.971,0.0029
p032,Antoine Griezmann,Atletico Madrid,FW,22,2025-01-06,6.214,61.09,78.25,0.3598,-2.3,0,-1.1669,6.7024,-0.229,6.7866,0.0348,1.342,0.001
p032,Antoine Griezmann,Atletico Madrid,FW,23,2025-01-13,6.285,62.48,75.12,0.08,7.12,0,-0.6722,6.5756,-0.2475,6.7095,0.1144,1.208,0.0011
p032,Antoine Griezmann,Atletico Madrid,FW,24,2025-01-20,6.387,61.53,72.43,-0.0184,10.32,0,-0.0974,6.4112,-0.0952,6.6602,0.1146,0.907,0.0009
p032,Antoine Griezmann,Atletico Madrid,FW,25,2025-01-27,6.449,60.33,70.72,-0.4026,13.29,0,1.2822,6.3328,0.0413,6.6279,0.0047,0.924,0.0004
p032,Antoine Griezmann,Atletico Madrid,FW,26,2025-02-03,6.87,60.74,66.61,0.4531,6.55,0,1.6734,6.441,0.1476,6.6648,0.028,1.088,0.0002
p033,Ousmane Dembélé,PSG,FW,1,2024-08-12,7.092,89.53,89.53,-0.2635,-0.05,0,,,,,-0.2635,1.0,0.001
p033,Ousmane Dembélé,PSG,FW,2,2024-08-19,7.444,90.6,77.56,1.0,-6.13,0,0.7071,7.268,,7.2823,0.3682,1.143,0.0002
p033,Ousmane Dembélé,PSG,FW,3,2024-08-26,7.247,89.25,79.58,0.7404,-5.8,0,-0.0794,7.261,,7.2686,0.4923,0.996,0.0002
p033,Ousmane Dembélé,PSG,FW,4,2024-09-02,7.039,89.7,80.04,-0.3907,-6.15,0,-0.9156,7.2055,,7.1965,0.2715,0.935,0.0002
p033,Ousmane Dembélé,PSG,FW,5,2024-09-09,7.023,90.63,78.88,-0.2883,-2.92,0,-0.8231,7.169,-0.0543,7.1497,0.2653,0.776,0.001
p033,Ousmane Dembélé,PSG,FW,6,2024-09-16,6.845,89.32,78.93,-0.4655,-4.02,0,-1.1908,7.1196,-0.1422,7.0763,-0.101,0.969,0.0017
p033,Ousmane Dembélé,PSG,FW,7,2024-09-23,6.975,89.37,76.67,-0.1564,-3.43,0,-0.3498,7.0258,-0.0738,7.054,-0.3252,1.286,0.0006
p033,Ousmane Dembélé,PSG,FW,8,2024-09-30,7.039,90.14,75.79,0.1116,-0.18,0,0.6673,6.9842,-0.0048,7.0509,-0.1996,1.042,0.0004
p033,Ousmane Dembélé,PSG,FW,9,2024-10-07,7.225,89.91,74.49,0.1448,0.26,0,1.4865,7.0214,0.0598,7.0849,-0.0914,0.915,0.0002
p033,Ousmane Dembélé,PSG,FW,10,2024-10-14,7.366,90.02,74.29,0.1822,0.9,0,1.3378,7.09,0.1292,7.1374,0.0705,0.707,0.0002
p033,Ousmane Dembélé,PSG,FW,11,2024-10-21,7.773,91.12,72.62,0.2025,-7.36,0,1.5642,7.2756,0.1923,7.2519,0.1603,1.286,0.0002
p033,Ousmane Dembélé,PSG,FW,12,2024-10-28,7.441,91.79,77.67,0.3856,-6.92,0,0.2645,7.3688,0.1352,7.285,0.2288,1.098,0.0003
p033,Ousmane Dembélé,PSG,FW,13,2024-11-04,7.286,90.92,79.59,0.5656,-0.6,0,-0.6165,7.4182,0.0197,7.2851,0.334,1.022,0.0002
p033,Ousmane Dembélé,PSG,FW,14,2024-11-11,7.231,92.44,80.0,0.267,-9.18,0,-0.8841,7.4194,-0.0757,7.2761,0.3552,1.013,0.0008
p033,Ousmane Dembélé,PSG,FW,15,2024-11-18,6.851,92.49,82.64,0.0994,-6.46,0,-1.3894,7.3164,-0.2054,7.2062,0.3294,0.78,0.0009
p033,Ousmane Dembélé,PSG,FW,16,2024-11-25,5.745,91.65,89.36,-0.1825,-3.08,0,-1.6973,6.9108,-0.3827,6.9695,0.1874,0.796,0.9986
p033,Ousmane Dembélé,PSG,FW,17,2024-12-02,6.582,92.02,77.24,0.131,-4.8,0,-0.2509,6.739,-0.2894,6.9074,0.0787,1.216,0.0005
p033,Ousmane Dembélé,PSG,FW,18,2024-12-09,6.255,92.23,78.25,0.255,5.23,0,-0.4894,6.5328,-0.2221,6.804,0.0757,0.976,0.0014
p033,Ousmane Dembélé,PSG,FW,19,2024-12-16,5.732,92.78,79.78,0.0012,7.87,0,-1.0053,6.233,-0.1728,6.6355,0.0512,1.236,0.0019
p033,Ousmane Dembélé,PSG,FW,20,2024-12-23,5.334,93.0,78.75,0.3207,10.29,0,-1.2162,5.9296,-0.1672,6.4324,0.177,0.835,0.0039
p033,Ousmane Dembélé,PSG,FW,21,2024-12-30,5.288,92.18,74.14,0.1967,-8.58,0,-0.9669,5.8382,-0.3509,6.2549,0.1934,1.147,0.0013
p033,Ousmane Dembélé,PSG,FW,22,2025-01-06,5.546,92.14,67.77,-0.1347,23.85,0,-0.2172,5.631,-0.1862,6.1455,0.096,0.852,0.0021
p033,Ousmane Dembélé,PSG,FW,23,2025-01-13,5.541,92.3,65.12,-0.0904,21.24,0,0.2935,5.4882,-0.017,6.0526,0.0731,1.096,0.0004
p033,Ousmane Dembélé,PSG,FW,24,2025-01-20,5.098,92.5,66.31,0.4377,-9.61,0,-1.3987,5.3614,-0.0219,5.9065,0.1023,1.115,0.0007
p033,Ousmane Dembélé,PSG,FW,25,2025-01-27,5.312,92.53,61.03,-0.4691,0.69,0,-0.2376,5.357,-0.04,5.8157,-0.0641,0.73,0.0007
p033,Ousmane Dembélé,PSG,FW,26,2025-02-03,4.669,93.42,63.86,-0.4233,-20.88,0,-1.5421,5.2332,-0.1983,5.6412,-0.1363,1.125,0.0026
p034,Marcus Rashford,Man United,FW,1,2024-08-12,5.558,60.68,60.68,-0.2101,1.67,0,,,,,-0.2101,1.0,0.0008
p034,Marcus Rashford,Man United,FW,2,2024-08-19,5.559,58.67,50.48,-0.2002,5.31,0,0.7071,5.5585,,5.5585,-0.2052,1.054,0.0008
p034,Marcus Rashford,Man United,FW,3,2024-08-26,5.188,56.12,50.85,-0.3667,0.15,0,-1.1547,5.435,,5.4145,-0.259,0.897,0.0009
p034,Marcus Rashford,Man United,FW,4,2024-09-02,5.298,55.31,48.42,0.2022,2.63,0,-0.5477,5.4008,,5.3779,-0.1437,1.133,0.0006
p034,Marcus Rashford,Man United,FW,5,2024-09-09,5.633,55.1,46.3,-0.6035,1.36,0,0.9635,5.4472,-0.0111,5.4467,-0.2421,1.119,0.0004
p034,Marcus Rashford,Man United,FW,6,2024-09-16,5.716,54.9,47.17,0.1351,2.42,0,1.051,5.4788,0.0759,5.5116,-0.1582,0.89,0.0004
p034,Marcus Rashford,Man United,FW,7,2024-09-23,5.526,54.08,49.61,-0.0929,2.95,0,0.241,5.4722,0.1094,5.5148,-0.0898,1.213,0.0004
p034,Marcus Rashford,Man United,FW,8,2024-09-30,5.475,53.28,50.0,-0.2159,8.74,0,-0.3418,5.5296,0.0247,5.5066,-0.1943,1.149,0.0006
p034,Marcus Rashford,Man United,FW,9,2024-10-07,5.473,53.65,49.83,0.1,2.56,0,-0.8588,5.5646,-0.0561,5.5,-0.0184,0.95,0.0023
p034,Marcus Rashford,Man United,FW,10,2024-10-14,5.549,52.31,49.16,-0.0517,8.8,0,0.0121,5.5478,-0.0387,5.5092,-0.0651,1.005,0.0009
p034,Marcus Rashford,Man United,FW,11,2024-10-21,5.937,51.61,46.63,0.0929,12.23,0,1.7636,5.592,0.0896,5.5862,-0.0187,0.883,0.0004
p034,Marcus Rashford,Man United,FW,12,2024-10-28,6.033,50.61,47.73,-0.1946,9.8,0,1.2574,5.6934,0.158,5.6644,-0.0134,1.009,0.0002
p034,Marcus Rashford,Man United,FW,13,2024-11-04,5.542,50.81,53.17,0.1662,-4.25,0,-0.6389,5.7068,0.0622,5.6435,0.0032,0.807,0.0004
p034,Marcus Rashford,Man United,FW,14,2024-11-11,5.225,51.2,55.03,-0.2927,8.23,0,-1.3162,5.6572,-0.1043,5.5735,-0.0571,1.434,0.0036
p034,Marcus Rashford,Man United,FW,15,2024-11-18,5.163,52.28,53.83,-0.1129,-3.02,0,-1.0474,5.58,-0.2356,5.506,-0.1085,1.084,0.0051
p034,Marcus Rashford,Man United,FW,16,2024-11-25,5.436,50.72,50.13,-0.5328,0.96,0,-0.1268,5.4798,-0.1573,5.4947,-0.1931,1.222,0.0048
p034,Marcus Rashford,Man United,FW,17,2024-12-02,5.771,49.08,47.29,-0.352,-5.14,0,1.3965,5.4274,0.0669,5.5389,-0.3226,0.843,0.0004
p034,Marcus Rashford,Man United,FW,18,2024-12-09,6.272,49.68,44.51,-0.3753,20.76,0,1.5283,5.5734,0.2702,5.6551,-0.3433,1.177,0.0003
p034,Marcus Rashford,Man United,FW,19,2024-12-16,6.197,49.48,47.92,-0.1586,-2.73,0,0.8977,5.7678,0.2904,5.7403,-0.3547,0.878,0.0003
p034,Marcus Rashford,Man United,FW,20,2024-12-23,6.345,47.86,48.85,-0.0631,-14.18,0,0.8783,6.0042,0.2244,5.8347,-0.2372,1.026,0.0003
p034,Marcus Rashford,Man United,FW,21,2024-12-30,5.716,47.11,56.07,-0.2389,-12.44,0,-1.169,6.0602,-0.0037,5.8163,-0.209,0.904,0.0008
p034,Marcus Rashford,Man United,FW,22,2025-01-06,5.746,48.0,55.38,-0.2995,-18.22,0,-1.0282,6.0552,-0.1533,5.8054,-0.19,1.001,0.0022
p034,Marcus Rashford,Man United,FW,23,2025-01-13,5.25,47.52,59.0,-0.1126,-17.2,0,-1.3836,5.8508,-0.2493,5.7201,-0.1785,1.242,0.004
p034,Marcus Rashford,Man United,FW,24,2025-01-20,5.108,47.54,58.02,-0.3357,7.74,0,-1.0779,5.633,-0.294,5.6264,-0.2467,1.163,0.0016
p034,Marcus Rashford,Man United,FW,25,2025-01-27,6.048,46.27,48.31,0.0581,10.32,0,1.2284,5.5736,0.0026,5.6907,-0.1724,1.062,0.0003
p034,Marcus Rashford,Man United,FW,26,2025-02-03,6.035,45.09,50.0,-0.4115,14.36,0,0.9069,5.6374,0.1376,5.7431,-0.2004,0.986,0.0004
p035,Cole Palmer,Chelsea,MF,1,2024-08-12,8.661,100.92,100.92,0.4079,-14.54,0,,,,,0.4079,1.0,0.0006
p035,Cole Palmer,Chelsea,MF,2,2024-08-19,9.058,100.82,104.17,0.2535,16.5,0,0.7071,8.8595,,8.8756,0.3307,1.179,0.0003
p035,Cole Palmer,Chelsea,MF,3,2024-08-26,9.292,100.96,106.01,0.3886,23.52,0,0.9039,9.0037,,9.0375,0.35,1.004,0.0003
p035,Cole Palmer,Chelsea,MF,4,2024-09-02,9.134,101.23,108.84,-0.2059,24.94,0,0.3641,9.0362,,9.0678,0.211,0.931,0.0003
p035,Cole Palmer,Chelsea,MF,5,2024-09-09,8.435,101.04,111.89,-0.3628,-1.88,0,-1.3531,8.916,-0.0376,8.8971,0.0183,1.118,0.0004
p035,Cole Palmer,Chelsea,MF,6,2024-09-16,8.615,103.41,108.27,0.0152,-7.2,0,-0.8012,8.9068,-0.1743,8.8292,-0.0412,1.1,0.0015
p035,Cole Palmer,Chelsea,MF,7,2024-09-23,8.663,104.17,106.61,0.1972,14.63,0,-0.4502,8.8278,-0.1777,8.7925,-0.0891,1.011,0.0018
p035,Cole Palmer,Chelsea,MF,8,2024-09-30,8.573,103.34,106.4,0.5252,5.91,0,-0.418,8.684,-0.0894,8.7472,0.0937,0.646,0.0014
p035,Cole Palmer,Chelsea,MF,9,2024-10-07,8.55,101.46,105.56,0.1567,10.35,0,-0.2011,8.5672,0.0188,8.7087,0.2236,1.114,0.0004
p035,Cole Palmer,Chelsea,MF,10,2024-10-14,8.152,102.72,107.43,0.669,12.85,0,-1.7489,8.5106,-0.1039,8.6048,0.387,1.143,0.9987
p035,Cole Palmer,Chelsea,MF,11,2024-10-21,7.851,103.21,107.17,-0.0536,4.13,0,-1.4698,8.3578,-0.2045,8.469,0.3243,0.869,0.0009
p035,Cole Palmer,Chelsea,MF,12,2024-10-28,8.246,103.8,101.17,0.2352,25.73,0,-0.0946,8.2744,-0.1353,8.43,0.2518,0.993,0.0016
p035,Cole Palmer,Chelsea,MF,13,2024-11-04,7.475,103.97,105.91,-0.4248,3.08,0,-1.4178,8.0548,-0.2056,8.267,0.1064,0.772,0.0015
p035,Cole Palmer,Chelsea,MF,14,2024-11-11,7.805,103.99,99.59,0.3446,10.66,0,-0.3292,7.9058,-0.107,8.1898,0.0253,0.998,0.0012
p035,Cole Palmer,Chelsea,MF,15,2024-11-18,8.338,105.31,93.74,0.5032,13.97,0,1.1236,7.943,0.0533,8.2141,0.1645,0.949,0.0003
p035,Cole Palmer,Chelsea,MF,16,2024-11-25,8.512,104.39,92.42,0.1782,10.49,0,1.0279,8.0752,0.1395,8.2624,0.1503,1.112,0.0002
p035,Cole Palmer,Chelsea,MF,17,2024-12-02,8.67,105.87,92.96,-0.2645,25.14,0,1.0145,8.16,0.3097,8.3277,0.1904,1.027,0.0002
p035,Cole Palmer,Chelsea,MF,18,2024-12-09,8.349,105.86,96.43,0.0822,21.8,0,0.0436,8.3348,0.142,8.331,0.1248,1.253,0.0002
p035,Cole Palmer,Chelsea,MF,19,2024-12-16,8.058,105.11,99.34,-0.0616,5.53,0,-1.4365,8.3854,-0.0723,8.2881,-0.0164,0.861,0.0005
p035,Cole Palmer,Chelsea,MF,20,2024-12-23,7.904,104.01,99.49,-0.0293,24.97,0,-1.2484,8.2986,-0.1828,8.2282,-0.0683,0.887,0.0009
p035,Cole Palmer,Chelsea,MF,21,2024-12-30,7.406,103.77,101.91,0.0795,-3.82,0,-1.4106,8.0774,-0.2973,8.1007,0.0177,1.188,0.0007
p035,Cole Palmer,Chelsea,MF,22,2025-01-06,7.118,103.71,101.03,-0.2761,19.82,0,-1.3021,7.767,-0.3114,7.949,-0.0719,1.106,0.0007
p035,Cole Palmer,Chelsea,MF,23,2025-01-13,7.146,102.46,97.09,0.151,11.13,0,-0.8778,7.5264,-0.261,7.8256,-0.0187,1.082,0.0007
p035,Cole Palmer,Chelsea,MF,24,2025-01-20,6.99,102.88,95.27,-0.0412,18.79,0,-0.8883,7.3128,-0.2088,7.6977,-0.0217,0.881,0.0016
p035,Cole Palmer,Chelsea,MF,25,2025-01-27,7.069,103.58,91.5,0.2107,19.34,0,-0.489,7.1458,-0.0802,7.6017,0.0111,0.92,0.0019
p035,Cole Palmer,Chelsea,MF,26,2025-02-03,7.449,104.49,86.14,0.2111,20.03,0,1.6834,7.1544,0.0585,7.5785,0.1329,0.871,0.0003
p036,Alexander Isak,Newcastle,FW,1,2024-08-12,7.797,80.99,80.99,0.1461,-9.38,0,,,,,0.1461,1.0,0.0006
p036,Alexander Isak,Newcastle,FW,2,2024-08-19,8.014,81.08,88.98,0.0678,1.7,0,0.7071,7.9055,,7.9143,0.107,1.014,0.0002
p036,Alexander Isak,Newcastle,FW,3,2024-08-26,8.66,81.54,89.48,-0.1402,13.08,0,1.1205,8.157,,8.2042,0.0246,0.844,0.0003
p036,Alexander Isak,Newcastle,FW,4,2024-09-02,8.373,82.24,94.56,-0.1482,15.8,0,0.4239,8.211,,8.2572,-0.0186,1.02,0.0003
p036,Alexander Isak,Newcastle,FW,5,2024-09-09,8.375,82.56,95.46,0.3712,13.83,0,0.3871,8.2438,0.1515,8.2889,0.0376,0.846,0.0002
p036,Alexander Isak,Newcastle,FW,6,2024-09-16,8.312,83.07,96.4,0.1915,10.44,0,-0.1513,8.3468,0.0311,8.2945,0.0686,0.737,0.0002
p036,Alexander Isak,Newcastle,FW,7,2024-09-23,8.871,84.09,93.23,0.3732,2.37,0,1.4755,8.5182,0.0361,8.4218,0.1969,0.893,0.0003
p036,Alexander Isak,Newcastle,FW,8,2024-09-30,9.101,83.99,94.48,-0.0564,2.17,0,1.3861,8.6064,0.1952,8.5618,0.2199,1.256,0.0003
p036,Alexander Isak,Newcastle,FW,9,2024-10-07,8.544,84.19,101.24,0.4355,5.65,0,-0.2871,8.6406,0.1127,8.5583,0.236,1.162,0.0002
p036,Alexander Isak,Newcastle,FW,10,2024-10-14,8.301,84.1,102.83,0.5529,3.11,0,-0.9218,8.6258,-0.0349,8.5103,0.3263,1.122,0.0003
p036,Alexander Isak,Newcastle,FW,11,2024-10-21,8.186,84.3,102.55,-0.2726,2.07,0,-1.081,8.6006,-0.217,8.4519,0.1648,0.943,0.0013
p036,Alexander Isak,Newcastle,FW,12,2024-10-28,7.669,84.79,104.92,-0.2569,-4.23,0,-1.3216,8.3602,-0.3222,8.315,0.1147,1.042,0.0006
p036,Alexander Isak,Newcastle,FW,13,2024-11-04,7.692,83.61,101.54,0.3051,2.57,0,-1.002,8.0784,-0.2336,8.2087,0.0821,0.848,0.0011
p036,Alexander Isak,Newcastle,FW,14,2024-11-11,7.523,84.78,100.27,0.1296,-5.95,0,-1.0159,7.8742,-0.205,8.094,-0.0237,0.782,0.0012
p036,Alexander Isak,Newcastle,FW,15,2024-11-18,8.193,85.16,91.91,0.022,2.11,0,1.083,7.8526,-0.0132,8.1103,0.0499,1.234,0.0003
p036,Alexander Isak,Newcastle,FW,16,2024-11-25,8.301,83.37,92.06,0.3524,1.17,0,1.2249,7.8756,0.1765,8.1412,0.2023,1.14,0.0003
p036,Alexander Isak,Newcastle,FW,17,2024-12-02,8.157,81.98,93.91,-0.0956,18.39,0,0.5355,7.9732,0.1708,8.1437,0.1021,1.05,0.0003
p036,Alexander Isak,Newcastle,FW,18,2024-12-09,7.841,83.13,96.4,-0.0783,-3.46,0,-0.509,8.003,0.06,8.0957,0.0501,0.655,0.0003
p036,Alexander Isak,Newcastle,FW,19,2024-12-16,6.935,82.41,102.24,-0.2391,-1.23,0,-1.7026,7.8854,-0.2976,7.9133,-0.0151,1.149,0.9971
p036,Alexander Isak,Newcastle,FW,20,2024-12-23,6.929,82.33,97.84,0.394,10.39,0,-1.0647,7.6326,-0.3966,7.7597,-0.0047,1.03,0.0007
p036,Alexander Isak,Newcastle,FW,21,2024-12-30,7.462,81.41,89.92,-0.2928,14.97,0,-0.0051,7.4648,-0.2302,7.7135,-0.054,0.931,0.001
p036,Alexander Isak,Newcastle,FW,22,2025-01-06,7.361,83.34,89.58,0.3546,18.8,0,0.1438,7.3056,-0.0433,7.6591,0.0542,0.773,0.0004
p036,Alexander Isak,Newcastle,FW,23,2025-01-13,7.316,83.0,88.59,0.2516,16.11,0,0.4601,7.2006,0.1194,7.6064,0.1768,1.059,0.0003
p036,Alexander Isak,Newcastle,FW,24,2025-01-20,8.164,82.49,80.63,0.365,13.25,0,1.5974,7.4464,0.2324,7.6918,0.1696,1.186,0.0002
p036,Alexander Isak,Newcastle,FW,25,2025-01-27,8.57,83.39,79.54,-0.2195,4.18,0,1.4153,7.7746,0.3019,7.8258,0.1879,1.228,0.0002
p036,Alexander Isak,Newcastle,FW,26,2025-02-03,8.648,82.62,82.24,0.0581,-9.19,0,0.9914,8.0118,0.3828,7.951,0.1138,1.01,0.0003
p037,Victor Osimhen,Galatasaray,FW,1,2024-08-12,7.814,101.94,101.94,0.3053,-9.38,0,,,,,0.3053,1.0,0.0006
p037,Victor Osimhen,Galatasaray,FW,2,2024-08-19,8.828,102.93,92.02,0.5925,21.21,0,0.7071,8.321,,8.3621,0.4489,1.088,0.0002
p037,Victor Osimhen,Galatasaray,FW,3,2024-08-26,8.647,104.93,97.48,0.2845,23.43,0,0.4019,8.4297,,8.4729,0.3941,0.926,0.0002
p037,Victor Osimhen,Galatasaray,FW,4,2024-09-02,8.909,105.7,98.24,0.2428,15.73,0,0.7155,8.5495,,8.6097,0.3563,1.06,0.0003
p037,Victor Osimhen,Galatasaray,FW,5,2024-09-09,9.152,106.16,98.94,-0.1191,5.36,0,0.9418,8.67,0.2757,8.7559,0.2502,0.813,0.0003
p037,Victor Osimhen,Galatasaray,FW,6,2024-09-16,9.731,106.24,99.24,0.0655,-1.81,0,1.6132,9.0534,0.2311,8.9908,0.1184,1.0,0.0003
p037,Victor Osimhen,Galatasaray,FW,7,2024-09-23,10.0,106.94,102.42,0.2873,21.31,0,1.2609,9.2878,0.3528,9.2136,0.1191,0.955,0.0003
p037,Victor Osimhen,Galatasaray,FW,8,2024-09-30,10.0,107.22,107.15,0.0787,-1.55,0,0.8803,9.5584,0.303,9.3757,0.0781,1.278,0.0003
p037,Victor Osimhen,Galatasaray,FW,9,2024-10-07,10.0,108.54,110.71,-0.0499,8.29,0,0.6069,9.7766,0.1965,9.4976,0.0954,1.096,0.0003
p037,Victor Osimhen,Galatasaray,FW,10,2024-10-14,10.0,109.82,112.87,0.1139,20.64,0,0.4472,9.9462,0.0538,9.5914,0.1075,0.893,0.0005
p037,Victor Osimhen,Galatasaray,FW,11,2024-10-21,9.988,111.43,115.68,0.726,13.42,0,-1.7889,9.9976,-0.0024,9.6629,0.2172,0.771,0.9978
p037,Victor Osimhen,Galatasaray,FW,12,2024-10-28,10.0,110.17,117.26,0.0263,11.66,0,0.4472,9.9976,-0.0012,9.7218,0.2041,0.937,0.0008
p037,Victor Osimhen,Galatasaray,FW,13,2024-11-04,10.0,110.59,118.64,0.0492,15.81,0,0.4472,9.9976,0.0,9.7693,0.2288,1.291,0.0008
p037,Victor Osimhen,Galatasaray,FW,14,2024-11-11,10.0,110.88,119.77,0.5578,15.45,0,0.4472,9.9976,0.0012,9.8079,0.3398,1.15,0.0007
p037,Victor Osimhen,Galatasaray,FW,15,2024-11-18,10.0,111.18,120.69,0.4424,20.36,0,0.4472,9.9976,0.0024,9.8394,0.2689,0.915,0.001
p037,Victor Osimhen,Galatasaray,FW,16,2024-11-25,10.0,112.35,121.45,0.3159,21.32,0,,10.0,0.0,9.8655,0.3413,0.917,0.0007
p037,Victor Osimhen,Galatasaray,FW,17,2024-12-02,10.0,112.6,122.08,0.5349,24.29,0,,10.0,0.0,9.887,0.4628,0.953,0.0009
p037,Victor Osimhen,Galatasaray,FW,18,2024-12-09,9.956,112.81,122.94,0.3551,15.21,0,-1.7889,9.9912,-0.0088,9.8979,0.4121,1.147,0.9978
p037,Victor Osimhen,Galatasaray,FW,19,2024-12-16,9.85,112.34,124.02,-0.4588,13.42,0,-1.7103,9.9612,-0.0344,9.8904,0.1868,0.786,0.9977
p037,Victor Osimhen,Galatasaray,FW,20,2024-12-23,9.475,113.19,126.75,0.1856,28.14,1,-1.7192,9.8562,-0.12,9.8256,0.1542,1.103,0.9982
p037,Victor Osimhen,Galatasaray,FW,21,2024-12-30,9.479,114.67,125.13,0.9148,39.08,0,-1.0627,9.752,-0.1523,9.7718,0.2492,0.91,0.0018
p037,Victor Osimhen,Galatasaray,FW,22,2025-01-06,9.875,116.37,120.72,0.3553,21.16,0,0.6391,9.727,-0.0533,9.7877,0.2492,0.957,0.0009
p037,Victor Osimhen,Galatasaray,FW,23,2025-01-13,9.672,117.15,122.7,0.6231,30.82,0,0.0093,9.6702,0.0044,9.77,0.5197,1.153,0.0003
p037,Victor Osimhen,Galatasaray,FW,24,2025-01-20,10.0,116.37,119.69,0.6439,25.65,0,1.2758,9.7002,0.1243,9.8052,0.6343,0.919,0.0003
p037,Victor Osimhen,Galatasaray,FW,25,2025-01-27,9.272,117.13,126.28,0.4859,30.21,0,-1.3193,9.6596,-0.0289,9.7238,0.527,0.969,0.0005
p037,Victor Osimhen,Galatasaray,FW,26,2025-02-03,9.414,119.64,123.16,0.3272,36.82,0,-0.7626,9.6466,-0.1322,9.6766,0.52,1.095,0.0029
p038,Julián Álvarez,Atletico Madrid,FW,1,2024-08-12,7.769,99.35,99.35,0.2649,-11.48,0,,,,,0.2649,1.0,0.0007
p038,Julián Álvarez,Atletico Madrid,FW,2,2024-08-19,7.981,98.93,88.49,-0.0875,-1.2,0,0.7071,7.875,,7.8836,0.0887,1.007,0.0002
p038,Julián Álvarez,Atletico Madrid,FW,3,2024-08-26,8.172,99.62,89.41,0.4956,1.87,0,0.9822,7.974,,7.9957,0.2243,1.027,0.0002
p038,Julián Álvarez,Atletico Madrid,FW,4,2024-09-02,8.051,97.79,91.4,0.2278,0.3,0,0.3416,7.9932,,8.0131,0.2252,0.937,0.0003
p038,Julián Álvarez,Atletico Madrid,FW,5,2024-09-09,8.339,97.67,90.42,0.2564,7.91,0,1.299,8.0624,0.121,8.1009,0.2231,0.93,0.0002
p038,Julián Álvarez,Atletico Madrid,FW,6,2024-09-16,8.042,99.35,93.66,0.4507,12.51,0,-0.5277,8.117,0.0289,8.0867,0.3576,0.988,0.0002
p038,Julián Álvarez,Atletico Madrid,FW,7,2024-09-23,7.829,100.94,94.63,0.6795,-6.19,0,-1.3739,8.0866,-0.0695,8.0298,0.4036,1.182,0.0005
p038,Julián Álvarez,Atletico Madrid,FW,8,2024-09-30,8.137,101.91,90.9,-0.1779,11.48,0,0.3117,8.0796,-0.0338,8.0519,0.3022,0.768,0.0003
p038,Julián Álvarez,Atletico Madrid,FW,9,2024-10-07,8.373,101.4,90.4,0.0179,11.0,0,1.0238,8.144,0.0163,8.1146,0.2426,1.138,0.0002
p038,Julián Álvarez,Atletico Madrid,FW,10,2024-10-14,8.292,102.64,92.36,0.4953,15.82,0,0.7347,8.1346,0.1044,8.1477,0.2537,1.042,0.0003
p038,Julián Álvarez,Atletico Madrid,FW,11,2024-10-21,8.059,102.64,94.77,0.1175,11.95,0,-0.3717,8.138,0.0615,8.1318,0.1132,0.809,0.0002
p038,Julián Álvarez,Atletico Madrid,FW,12,2024-10-28,7.862,101.87,95.82,-0.0551,2.73,0,-1.408,8.1446,-0.0864,8.0846,0.1439,1.024,0.0009
p038,Julián Álvarez,Atletico Madrid,FW,13,2024-11-04,8.067,101.32,93.21,0.084,13.14,0,-0.3121,8.1306,-0.1042,8.0816,0.1604,1.05,0.0015
p038,Julián Álvarez,Atletico Madrid,FW,14,2024-11-11,8.191,102.13,92.21,0.6472,12.75,0,0.5992,8.0942,-0.0194,8.0999,0.1984,0.999,0.0003
p038,Julián Álvarez,Atletico Madrid,FW,15,2024-11-18,7.936,100.98,94.57,0.0985,3.77,0,-0.6828,8.023,0.0083,8.0729,0.1936,1.071,0.0002
p038,Julián Álvarez,Atletico Madrid,FW,16,2024-11-25,8.215,100.6,91.8,0.293,8.23,0,1.0399,8.0542,0.0575,8.096,0.2807,0.879,0.0002
p038,Julián Álvarez,Atletico Madrid,FW,17,2024-12-02,8.101,100.87,93.23,0.0103,12.23,0,-0.009,8.102,0.0092,8.0968,0.2622,1.055,0.0003
p038,Julián Álvarez,Atletico Madrid,FW,18,2024-12-09,7.772,101.13,95.2,-0.5756,-4.01,0,-1.4499,8.043,-0.0673,8.0453,-0.0435,1.223,0.0005
p038,Julián Álvarez,Atletico Madrid,FW,19,2024-12-16,7.637,99.79,95.57,-0.341,-2.14,0,-1.2551,7.9322,-0.1041,7.9811,-0.1533,1.055,0.0021
p038,Julián Álvarez,Atletico Madrid,FW,20,2024-12-23,7.656,99.77,93.86,0.3843,-1.14,0,-0.8295,7.8762,-0.1582,7.9304,-0.1305,0.709,0.001
p038,Julián Álvarez,Atletico Madrid,FW,21,2024-12-30,7.888,100.37,90.81,0.0099,-0.84,0,0.4043,7.8108,-0.0542,7.9238,-0.1306,0.734,0.0004
p038,Julián Álvarez,Atletico Madrid,FW,22,2025-01-06,8.128,102.13,88.77,0.4223,4.49,0,1.5488,7.8162,0.0963,7.9553,0.1189,0.881,0.0002
p038,Julián Álvarez,Atletico Madrid,FW,23,2025-01-13,8.099,101.36,89.77,0.2785,0.13,0,0.9297,7.8816,0.1396,7.9774,0.2738,1.285,0.0002
p038,Julián Álvarez,Atletico Madrid,FW,24,2025-01-20,8.188,102.83,89.62,0.199,5.6,0,0.8954,7.9918,0.1275,8.0096,0.2274,1.251,0.0002
p038,Julián Álvarez,Atletico Madrid,FW,25,2025-01-27,8.131,103.65,90.86,0.5215,10.1,0,0.382,8.0868,0.0546,8.0282,0.3553,0.904,0.0003
p038,Julián Álvarez,Atletico Madrid,FW,26,2025-02-03,7.901,104.83,93.13,0.011,-2.32,0,-1.7104,8.0894,-0.0422,8.0088,0.2525,1.086,0.9963
p039,Rodrygo,Real Madrid,FW,1,2024-08-12,6.959,98.04,98.04,0.1194,-3.64,0,,,,,0.1194,1.0,0.0009
p039,Rodrygo,Real Madrid,FW,2,2024-08-19,7.319,96.87,75.34,0.6087,-6.51,0,0.7071,7.139,,7.1536,0.364,0.871,0.0003
p039,Rodrygo,Real Madrid,FW,3,2024-08-26,7.298,97.26,77.24,0.4659,-3.61,0,0.5246,7.192,,7.2097,0.398,0.995,0.0002
p039,Rodrygo,Real Madrid,FW,4,2024-09-02,7.008,98.19,78.96,0.2055,-1.02,0,-0.7306,7.146,,7.1464,0.3499,1.087,0.0002
p039,Rodrygo,Real Madrid,FW,5,2024-09-09,7.742,98.17,74.61,0.3315,1.71,0,1.5246,7.2652,0.1255,7.307,0.4029,0.81,0.0002
p039,Rodrygo,Real Madrid,FW,6,2024-09-16,8.642,97.67,72.9,0.2556,6.05,0,1.6312,7.6018,0.309,7.6285,0.3146,0.964,0.0003
p039,Rodrygo,Real Madrid,FW,7,2024-09-23,8.192,97.46,82.07,-0.212,21.64,0,0.6297,7.7764,0.3422,7.7529,0.1452,1.042,0.0002
p039,Rodrygo,Real Madrid,FW,8,2024-09-30,8.118,98.09,85.18,0.1923,4.33,0,0.2904,7.9404,0.267,7.8282,0.1418,1.003,0.0003
p039,Rodrygo,Real Madrid,FW,9,2024-10-07,8.01,97.46,87.55,0.1759,7.11,0,-0.3987,8.1408,0.0012,7.8637,0.103,0.821,0.0003
p039,Rodrygo,Real Madrid,FW,10,2024-10-14,7.698,95.54,90.49,0.098,1.8,0,-1.27,8.132,-0.207,7.8327,0.0636,0.956,0.0009
p039,Rodrygo,Real Madrid,FW,11,2024-10-21,8.032,95.3,87.42,0.2807,-1.06,0,0.1165,8.01,-0.074,7.8686,0.1867,0.876,0.0007
p039,Rodrygo,Real Madrid,FW,12,2024-10-28,7.359,93.46,93.11,0.1997,-3.77,0,-1.5424,7.8434,-0.1496,7.7795,0.1886,0.894,0.0016
p039,Rodrygo,Real Madrid,FW,13,2024-11-04,7.965,93.14,86.57,0.2209,-1.34,0,0.5305,7.8128,-0.0429,7.8112,0.1998,1.053,0.0009
p039,Rodrygo,Real Madrid,FW,14,2024-11-11,7.986,92.04,87.17,0.5895,1.84,0,0.6291,7.808,0.0509,7.8404,0.3227,1.026,0.0002
p039,Rodrygo,Real Madrid,FW,15,2024-11-18,8.669,91.79,82.72,0.1532,-14.24,0,1.4373,8.0022,0.1901,7.9766,0.2908,1.075,0.0002
p039,Rodrygo,Real Madrid,FW,16,2024-11-25,8.649,91.14,86.15,0.3822,-8.64,0,0.9547,8.1256,0.3284,8.0855,0.3365,1.344,0.0003
p039,Rodrygo,Real Madrid,FW,17,2024-12-02,8.564,90.77,89.43,0.1169,-16.24,0,0.5494,8.3666,0.1861,8.1621,0.3104,1.054,0.0003
p039,Rodrygo,Real Madrid,FW,18,2024-12-09,8.054,90.8,95.22,0.5966,-15.8,0,-0.9838,8.3844,0.0031,8.145,0.3122,0.839,0.0002
p039,Rodrygo,Real Madrid,FW,19,2024-12-16,8.463,90.92,91.64,0.3184,-13.06,0,-0.0668,8.4798,-0.1007,8.195,0.3535,1.067,0.0015
p039,Rodrygo,Real Madrid,FW,20,2024-12-23,9.148,91.38,87.54,0.2061,1.4,0,1.4564,8.5756,0.0897,8.3437,0.3095,0.892,0.0002
p039,Rodrygo,Real Madrid,FW,21,2024-12-30,9.773,91.31,86.3,-0.0426,-2.46,0,1.4524,8.8004,0.3512,8.5654,0.2696,0.792,0.0003
p039,Rodrygo,Real Madrid,FW,22,2025-01-06,9.243,91.41,95.89,0.6047,-12.89,0,0.4522,8.9362,0.3688,8.67,0.2716,1.215,0.0003
p039,Rodrygo,Real Madrid,FW,23,2025-01-13,9.744,91.42,93.95,0.4425,-20.55,0,0.8783,9.2742,0.2657,8.835,0.3027,0.889,0.0003
p039,Rodrygo,Real Madrid,FW,24,2025-01-20,9.612,90.56,99.63,-0.0638,5.08,0,0.3724,9.504,0.0899,8.954,0.2352,1.14,0.0004
p039,Rodrygo,Real Madrid,FW,25,2025-01-27,9.591,91.71,102.72,-0.2896,39.62,0,-0.0076,9.5926,0.0005,9.0512,0.1734,1.065,0.0003
p039,Rodrygo,Real Madrid,FW,26,2025-02-03,9.468,91.5,106.09,0.0592,44.2,0,-0.337,9.5316,0.0297,9.1146,0.0371,0.952,0.0003
p040,Achraf Hakimi,PSG,DF,1,2024-08-12,6.807,90.03,90.03,-0.0468,-3.13,0,,,,,-0.0468,1.0,0.0014
p040,Achraf Hakimi,PSG,DF,2,2024-08-19,6.734,88.84,71.28,0.0006,-5.06,0,-0.7071,6.7705,,6.7675,-0.0231,1.133,0.0009
p040,Achraf Hakimi,PSG,DF,3,2024-08-26,7.38,89.48,70.27,0.5351,3.57,0,1.1485,6.9737,,7.0056,0.163,1.061,0.0003
p040,Achraf Hakimi,PSG,DF,4,2024-09-02,7.123,89.93,74.51,-0.0345,-3.45,0,0.3754,7.011,,7.0425,0.1136,1.075,0.0004
p040,Achraf Hakimi,PSG,DF,5,2024-09-09,6.823,90.44,76.48,0.1596,-2.91,0,-0.5535,6.9734,0.0421,6.9833,0.1652,0.761,0.0002
p040,Achraf Hakimi,PSG,DF,6,2024-09-16,7.347,89.62,72.58,-0.0105,-7.61,0,0.8993,7.0814,0.0669,7.0709,0.1624,1.09,0.0003
p040,Achraf Hakimi,PSG,DF,7,2024-09-23,7.296,89.83,74.66,0.1591,-4.04,0,0.4449,7.1938,0.0056,7.1206,0.0684,1.076,0.0003
p040,Achraf Hakimi,PSG,DF,8,2024-09-30,6.709,87.96,79.42,0.2234,3.05,0,-1.2368,7.0596,-0.0355,7.0357,0.1329,1.118,0.0003
p040,Achraf Hakimi,PSG,DF,9,2024-10-07,6.324,87.23,80.11,0.315,-8.8,0,-1.3471,6.8998,-0.1636,6.8968,0.1717,0.801,0.0011
p040,Achraf Hakimi,PSG,DF,10,2024-10-14,6.119,89.7,78.39,0.1312,0.26,0,-1.1516,6.759,-0.3428,6.7515,0.2072,0.884,0.0006
p040,Achraf Hakimi,PSG,DF,11,2024-10-21,6.211,89.15,74.42,0.5671,8.31,0,-0.6646,6.5318,-0.276,6.6541,0.3092,1.005,0.0012
p040,Achraf Hakimi,PSG,DF,12,2024-10-28,6.116,89.48,72.84,-0.2933,17.51,0,-0.7305,6.2958,-0.1299,6.56,0.18,0.991,0.0008
p040,Achraf Hakimi,PSG,DF,13,2024-11-04,5.794,90.53,73.0,-0.0449,2.85,0,-1.6147,6.1128,-0.1063,6.4293,0.09,1.3,0.999
p040,Achraf Hakimi,PSG,DF,14,2024-11-11,5.748,91.22,70.24,-0.0567,-3.22,0,-1.1831,5.9976,-0.1159,6.3154,0.0431,0.854,0.0016
p040,Achraf Hakimi,PSG,DF,15,2024-11-18,5.46,92.51,69.68,-0.1203,5.65,0,-1.3425,5.8658,-0.187,6.1748,-0.1288,1.218,0.0033
p040,Achraf Hakimi,PSG,DF,16,2024-11-25,6.135,92.89,61.18,0.2904,9.43,0,1.0093,5.8506,-0.0296,6.1684,0.0171,0.965,0.0003
p040,Achraf Hakimi,PSG,DF,17,2024-12-02,5.727,90.89,64.14,-0.0543,2.77,0,-0.1901,5.7728,0.0253,6.0977,0.0148,1.067,0.0003
p040,Achraf Hakimi,PSG,DF,18,2024-12-09,5.553,91.93,63.77,-0.6175,-3.35,0,-0.6624,5.7246,-0.0123,6.0114,-0.1254,0.961,0.0004
p040,Achraf Hakimi,PSG,DF,19,2024-12-16,5.354,93.02,63.2,0.1946,10.33,0,-0.954,5.6458,-0.0794,5.9081,-0.0467,0.789,0.0056
p040,Achraf Hakimi,PSG,DF,20,2024-12-23,5.14,93.93,62.34,0.5761,9.07,0,-1.1652,5.5818,-0.2363,5.7882,0.0247,0.791,0.0038
p040,Achraf Hakimi,PSG,DF,21,2024-12-30,4.777,92.65,62.24,-0.524,-8.51,0,-1.4407,5.3102,-0.2313,5.6314,-0.0927,1.312,0.0041
p040,Achraf Hakimi,PSG,DF,22,2025-01-06,5.287,91.93,54.4,-0.5359,-4.91,0,0.2236,5.2222,-0.1109,5.5782,-0.0723,1.01,0.0043
p040,Achraf Hakimi,PSG,DF,23,2025-01-13,6.101,93.11,46.72,0.2749,6.26,0,1.5878,5.3318,0.1641,5.6585,-0.0522,0.77,0.0003
p040,Achraf Hakimi,PSG,DF,24,2025-01-20,6.205,94.33,47.88,0.4083,12.87,0,1.1272,5.502,0.3454,5.7422,-0.0942,1.133,0.0003
p040,Achraf Hakimi,PSG,DF,25,2025-01-27,6.282,93.38,48.76,-0.0212,-1.03,0,0.8286,5.7304,0.3928,5.8246,0.0315,1.108,0.0003
p040,Achraf Hakimi,PSG,DF,26,2025-02-03,5.763,92.77,55.46,0.2312,-7.67,0,-0.4022,5.9276,0.1133,5.8152,0.2233,1.09,0.0005
p041,William Saliba,Arsenal,DF,1,2024-08-12,8.009,100.64,100.64,-0.3785,-9.62,0,,,,,-0.3785,1.0,0.0006
p041,William Saliba,Arsenal,DF,2,2024-08-19,8.428,100.28,93.25,-0.1335,12.87,0,0.7071,8.2185,,8.2355,-0.256,0.989,0.0004
p041,William Saliba,Arsenal,DF,3,2024-08-26,8.699,101.42,95.17,0.0743,23.19,0,0.9215,8.3787,,8.4157,-0.1459,1.062,0.0002
p041,William Saliba,Arsenal,DF,4,2024-09-02,8.492,102.15,98.42,0.4626,14.1,0,0.2937,8.407,,8.4396,0.0062,0.767,0.0003
p041,William Saliba,Arsenal,DF,5,2024-09-09,8.545,103.44,98.59,-0.041,20.63,0,0.4277,8.4346,0.1136,8.468,0.0906,0.836,0.0002
p041,William Saliba,Arsenal,DF,6,2024-09-16,8.665,103.48,98.5,-0.1612,2.3,0,0.8663,8.5658,0.032,8.5155,0.0837,1.067,0.0003
p041,William Saliba,Arsenal,DF,7,2024-09-23,9.056,103.5,97.16,-0.4512,20.75,0,1.6518,8.6914,0.0887,8.6348,-0.0477,0.919,0.0003
p041,William Saliba,Arsenal,DF,8,2024-09-30,8.874,102.67,100.85,-0.191,11.02,0,0.6265,8.7264,0.1275,8.6841,-0.2111,1.189,0.0003
p041,William Saliba,Arsenal,DF,9,2024-10-07,9.193,103.76,99.81,-0.4271,8.44,0,1.2195,8.8666,0.1505,8.7835,-0.3076,0.774,0.0003
p041,William Saliba,Arsenal,DF,10,2024-10-14,9.168,103.03,102.22,-0.0601,-10.99,0,0.798,8.9912,0.1143,8.8553,-0.2824,0.81,0.0003
p041,William Saliba,Arsenal,DF,11,2024-10-21,9.053,101.84,104.68,0.2842,-2.05,0,-0.1253,9.0688,0.0288,8.8909,-0.0985,1.255,0.0003
p041,William Saliba,Arsenal,DF,12,2024-10-28,9.078,102.28,105.32,0.2285,12.01,0,0.0381,9.0732,0.0268,8.9236,0.0064,1.25,0.0003
p041,William Saliba,Arsenal,DF,13,2024-11-04,8.308,102.11,111.74,0.2999,-8.17,0,-1.766,8.96,-0.186,8.8186,0.1881,0.784,0.9987
p041,William Saliba,Arsenal,DF,14,2024-11-11,7.618,102.9,113.81,-0.2361,-2.92,0,-1.5328,8.645,-0.3845,8.6179,0.1441,0.835,0.0007
p041,William Saliba,Arsenal,DF,15,2024-11-18,7.012,101.99,114.15,-0.3263,10.7,0,-1.3314,8.2138,-0.5542,8.3539,-0.0085,0.973,0.0009
p041,William Saliba,Arsenal,DF,16,2024-11-25,7.164,101.86,106.65,0.212,2.73,0,-0.7834,7.836,-0.5124,8.1611,-0.0126,1.002,0.001
p041,William Saliba,Arsenal,DF,17,2024-12-02,7.054,100.28,102.84,0.3675,13.93,0,-0.6907,7.4312,-0.2962,7.9839,0.0043,1.144,0.0008
p041,William Saliba,Arsenal,DF,18,2024-12-09,6.836,99.76,100.21,0.1137,12.64,0,-1.0239,7.1368,-0.1522,7.8019,0.0917,1.142,0.0027
p041,William Saliba,Arsenal,DF,19,2024-12-16,6.819,100.19,95.91,0.2351,9.8,0,-1.0715,6.977,-0.0714,7.6474,0.2321,1.202,0.0006
p041,William Saliba,Arsenal,DF,20,2024-12-23,7.179,100.11,88.77,0.0937,17.11,0,0.9695,7.0104,-0.0205,7.5743,0.2025,0.864,0.0004
p041,William Saliba,Arsenal,DF,21,2024-12-30,6.536,99.93,92.57,-0.0225,12.42,0,-1.4135,6.8848,-0.0693,7.4133,0.105,0.77,0.0007
p041,William Saliba,Arsenal,DF,22,2025-01-06,6.529,100.58,88.67,0.0231,-0.54,0,-0.9373,6.7798,-0.0897,7.2768,0.0824,1.09,0.0016
p041,William Saliba,Arsenal,DF,23,2025-01-13,6.167,100.16,88.16,0.362,8.73,0,-1.2697,6.646,-0.1954,7.1063,0.1141,1.185,0.0013
p041,William Saliba,Arsenal,DF,24,2025-01-20,7.029,100.59,77.19,0.0888,-1.92,0,0.8288,6.688,-0.0669,7.0945,0.1128,0.931,0.0006
p041,William Saliba,Arsenal,DF,25,2025-01-27,7.036,100.38,76.84,0.3585,1.74,0,1.0127,6.6594,0.15,7.0855,0.2081,1.011,0.0002
p041,William Saliba,Arsenal,DF,26,2025-02-03,7.494,100.24,73.01,0.1569,-7.62,0,1.2545,6.851,0.2799,7.1477,0.2416,0.891,0.0003
p042,Ruben Dias,Man City,DF,1,2024-08-12,7.05,80.78,80.78,-0.0151,-0.6,0,,,,,-0.0151,1.0,0.0006
p042,Ruben Dias,Man City,DF,2,2024-08-19,7.177,80.63,76.07,0.3132,-3.95,0,0.7071,7.1135,,7.1186,0.149,1.0,0.0003
p042,Ruben Dias,Man City,DF,3,2024-08-26,6.94,81.37,76.96,0.1563,-9.51,0,-0.9753,7.0557,,7.0492,0.1515,0.77,0.0003
p042,Ruben Dias,Man City,DF,4,2024-09-02,7.088,83.23,75.5,-0.2626,-3.36,0,0.247,7.0638,,7.0614,0.0479,0.716,0.0002
p042,Ruben Dias,Man City,DF,5,2024-09-09,7.321,82.96,74.67,0.3464,6.97,0,1.4386,7.1152,0.0453,7.1314,0.1383,0.827,0.0002
p042,Ruben Dias,Man City,DF,6,2024-09-16,7.163,82.14,76.84,-0.1416,-5.16,0,0.1812,7.1378,0.0353,7.139,0.0246,1.314,0.0002
p042,Ruben Dias,Man City,DF,7,2024-09-23,7.604,81.8,74.4,0.1931,-10.24,0,1.5033,7.2232,0.1403,7.2417,0.0338,1.217,0.0003
p042,Ruben Dias,Man City,DF,8,2024-09-30,7.602,83.06,76.59,0.5223,-6.91,0,1.0224,7.3556,0.1311,7.316,0.23,0.92,0.0002
p042,Ruben Dias,Man City,DF,9,2024-10-07,8.241,83.15,73.99,-0.0793,0.58,0,1.5896,7.5862,0.2279,7.4965,0.1236,1.133,0.0002
p042,Ruben Dias,Man City,DF,10,2024-10-14,8.606,83.46,74.96,-0.064,-15.77,0,1.3288,7.8432,0.3523,7.7038,0.143,0.71,0.0003
p042,Ruben Dias,Man City,DF,11,2024-10-21,8.653,83.62,79.37,0.0582,-7.55,0,0.9908,8.1412,0.3102,7.8748,0.1093,1.163,0.0002
p042,Ruben Dias,Man City,DF,12,2024-10-28,7.902,82.62,89.34,0.0687,-5.92,0,-0.6607,8.2008,0.1012,7.8795,-0.0041,1.121,0.0002
p042,Ruben Dias,Man City,DF,13,2024-11-04,7.958,83.2,89.04,0.168,-3.05,0,-0.8943,8.272,-0.127,7.8929,0.0577,1.034,0.0015
p042,Ruben Dias,Man City,DF,14,2024-11-11,7.533,82.39,92.52,0.2592,3.29,0,-1.2336,8.1304,-0.2841,7.8327,0.1385,0.968,0.0007
p042,Ruben Dias,Man City,DF,15,2024-11-18,7.92,81.98,88.17,-0.1573,0.32,0,-0.1799,7.9932,-0.1835,7.8471,0.0846,0.785,0.0011
p042,Ruben Dias,Man City,DF,16,2024-11-25,7.708,82.09,90.13,0.0995,1.74,0,-0.5348,7.8042,-0.0426,7.8245,0.0923,0.895,0.0004
p042,Ruben Dias,Man City,DF,17,2024-12-02,7.777,81.09,89.06,-0.2021,15.37,0,-0.0128,7.7792,-0.0187,7.8169,-0.0002,0.928,0.0003
p042,Ruben Dias,Man City,DF,18,2024-12-09,8.419,81.89,83.93,0.2996,-6.31,0,1.6284,7.8714,0.1629,7.9124,0.0099,0.989,0.0003
p042,Ruben Dias,Man City,DF,19,2024-12-16,8.855,81.67,82.88,0.4177,-22.25,0,1.4713,8.1358,0.2581,8.0605,0.1537,1.138,0.0003
p042,Ruben Dias,Man City,DF,20,2024-12-23,8.538,82.27,88.96,-0.0173,-13.91,0,0.5587,8.2594,0.2738,8.135,0.1245,1.241,0.0003
p042,Ruben Dias,Man City,DF,21,2024-12-30,8.529,83.21,90.86,0.1418,-11.58,0,0.2659,8.4236,0.1623,8.1961,0.2104,1.028,0.0003
p042,Ruben Dias,Man City,DF,22,2025-01-06,8.646,82.88,91.44,0.5026,-27.83,0,0.2947,8.5974,0.0128,8.2656,0.2612,0.896,0.0003
p042,Ruben Dias,Man City,DF,23,2025-01-13,9.109,82.85,89.52,0.2117,-0.89,0,1.5144,8.7354,0.0616,8.3952,0.2097,1.113,0.0002
p042,Ruben Dias,Man City,DF,24,2025-01-20,9.534,83.12,89.37,-0.2005,15.2,0,1.5061,8.8712,0.2572,8.5695,0.1639,0.729,0.0003
p042,Ruben Dias,Man City,DF,25,2025-01-27,9.728,83.22,92.14,-0.3423,-16.2,0,1.1723,9.1092,0.3286,8.7463,0.0429,0.902,0.0003
p042,Ruben Dias,Man City,DF,26,2025-02-03,9.909,82.1,94.49,-0.1176,-7.56,0,1.0289,9.3852,0.3145,8.9233,-0.1122,1.1,0.0004
p043,John Stones,Man City,DF,1,2024-08-12,6.827,60.25,60.25,0.2268,-0.55,0,,,,,0.2268,1.0,0.0013
p043,John Stones,Man City,DF,2,2024-08-19,6.739,61.0,71.57,-0.2079,-9.91,0,-0.7071,6.783,,6.7794,0.0094,0.828,0.0006
p043,John Stones,Man City,DF,3,2024-08-26,6.06,60.13,71.77,-0.2132,-0.93,0,-1.1483,6.542,,6.4998,-0.0648,1.151,0.0003
p043,John Stones,Man City,DF,4,2024-09-02,6.1,57.94,67.62,-0.0828,-12.02,0,-0.8129,6.4315,,6.3743,-0.0693,1.053,0.0003
p043,John Stones,Man City,DF,5,2024-09-09,5.727,59.0,67.12,0.2099,-14.87,0,-1.1909,6.2906,-0.2839,6.1998,-0.0735,1.057,0.0009
p043,John Stones,Man City,DF,6,2024-09-16,5.881,57.82,62.98,-0.1864,-19.95,0,-0.5705,6.1014,-0.2049,6.123,-0.0681,1.079,0.0017
p043,John Stones,Man City,DF,7,2024-09-23,6.479,57.43,57.91,-0.1866,0.33,0,1.52,6.0494,0.0619,6.2016,-0.0615,0.982,0.0002
p043,John Stones,Man City,DF,8,2024-09-30,6.468,57.04,59.65,0.1882,-5.29,0,0.9923,6.131,0.1488,6.2565,0.0063,0.983,0.0002
p043,John Stones,Man City,DF,9,2024-10-07,6.481,57.42,60.77,-0.0598,-16.59,0,0.7358,6.2072,0.2095,6.3003,-0.0612,0.765,0.0003
p043,John Stones,Man City,DF,10,2024-10-14,6.934,56.49,58.64,0.5339,-4.79,0,1.2971,6.4486,0.2108,6.4187,0.1189,1.165,0.0002
p043,John Stones,Man City,DF,11,2024-10-21,6.939,55.48,61.31,-0.0453,-1.92,0,1.1051,6.6602,0.1386,6.5124,0.1543,1.089,0.0002
p043,John Stones,Man City,DF,12,2024-10-28,7.032,55.07,62.82,0.31,-0.33,0,0.9556,6.7708,0.1586,6.6033,0.1847,1.012,0.0002
p043,John Stones,Man City,DF,13,2024-11-04,6.419,55.84,69.45,0.0619,-2.0,0,-1.1899,6.761,-0.0026,6.5718,0.2151,0.827,0.0004
p043,John Stones,Man City,DF,14,2024-11-11,7.169,54.96,63.13,-0.2399,-12.25,0,0.9504,6.8986,-0.005,6.6717,0.0217,0.799,0.0002
p043,John Stones,Man City,DF,15,2024-11-18,6.965,55.21,67.05,-0.0542,-12.97,0,0.2106,6.9048,0.0189,6.7199,0.0195,1.252,0.0003
p043,John Stones,Man City,DF,16,2024-11-25,6.659,56.96,70.53,0.0814,-11.72,0,-0.6238,6.8488,-0.02,6.71,-0.0377,0.824,0.0004
p043,John Stones,Man City,DF,17,2024-12-02,6.33,57.24,72.23,-0.0492,-3.88,0,-1.0625,6.7084,-0.0688,6.6492,-0.0655,1.162,0.0008
p043,John Stones,Man City,DF,18,2024-12-09,5.584,57.43,77.07,0.4942,-6.09,0,-1.5388,6.5414,-0.3805,6.4803,0.118,1.029,0.0017
p043,John Stones,Man City,DF,19,2024-12-16,5.927,57.7,70.31,-0.1542,-9.37,0,-0.6618,6.293,-0.3151,6.3934,0.093,1.109,0.0005
p043,John Stones,Man City,DF,20,2024-12-23,6.111,59.14,66.18,-0.0171,-11.48,0,-0.0276,6.1222,-0.1499,6.3493,0.0684,0.787,0.0015
p043,John Stones,Man City,DF,21,2024-12-30,6.137,59.42,65.47,0.2232,-8.16,0,0.4236,6.0178,0.0141,6.3164,0.1365,0.989,0.0002
p043,John Stones,Man City,DF,22,2025-01-06,6.166,58.62,64.44,0.6355,-11.96,0,0.7453,5.985,0.1374,6.2932,0.1718,1.03,0.0002
p043,John Stones,Man City,DF,23,2025-01-13,6.575,59.47,60.66,0.2655,-2.82,0,1.6454,6.1832,0.1351,6.3365,0.2768,1.209,0.0002
p043,John Stones,Man City,DF,24,2025-01-20,7.081,58.78,57.75,0.2042,15.4,0,1.5935,6.414,0.2378,6.4505,0.3321,1.086,0.0002
p043,John Stones,Man City,DF,25,2025-01-27,6.919,58.98,61.84,0.3513,-4.43,0,0.8019,6.5756,0.2479,6.522,0.3641,0.957,0.0002
p043,John Stones,Man City,DF,26,2025-02-03,7.067,59.75,62.43,0.4341,-1.45,0,0.7823,6.7616,0.2146,6.6049,0.3138,0.693,0.0002
p044,Joško Gvardiol,Man City,DF,1,2024-08-12,7.058,79.92,79.92,0.3809,-2.08,0,,,,,0.3809,1.0,0.0011
p044,Joško Gvardiol,Man City,DF,2,2024-08-19,6.327,79.2,73.24,0.5258,-1.21,0,-0.7071,6.6925,,6.6629,0.4534,1.009,0.0003
p044,Joško Gvardiol,Man City,DF,3,2024-08-26,6.734,79.35,69.04,0.3399,-10.81,0,0.0755,6.7063,,6.6905,0.4155,0.985,0.0002
p044,Joško Gvardiol,Man City,DF,4,2024-09-02,6.266,80.44,70.91,0.145,1.89,0,-0.8893,6.5962,,6.5573,0.3479,1.048,0.0003
p044,Joško Gvardiol,Man City,DF,5,2024-09-09,6.153,79.92,69.13,-0.1497,-1.66,0,-0.9386,6.5076,-0.1871,6.4483,0.2152,0.988,0.0012
p044,Joško Gvardiol,Man City,DF,6,2024-09-16,5.745,80.49,69.21,-0.0751,-5.25,0,-1.4075,6.245,-0.1745,6.2789,0.065,0.767,0.0015
p044,Joško Gvardiol,Man City,DF,7,2024-09-23,5.974,81.5,64.42,-0.2545,-17.84,0,-0.5421,6.1744,-0.2041,6.2116,-0.0836,1.02,0.001
p044,Joško Gvardiol,Man City,DF,8,2024-09-30,5.653,81.97,65.02,0.5506,-2.37,0,-1.1714,5.9582,-0.1405,6.0964,0.0178,0.966,0.0013
p044,Joško Gvardiol,Man City,DF,9,2024-10-07,5.34,82.28,64.57,0.0899,-11.81,0,-1.3912,5.773,-0.1718,5.9488,0.0777,0.874,0.0043
p044,Joško Gvardiol,Man City,DF,10,2024-10-14,5.847,81.9,57.76,0.5871,6.07,0,0.564,5.7118,-0.043,5.9298,0.2433,0.91,0.0006
p044,Joško Gvardiol,Man City,DF,11,2024-10-21,5.446,81.51,60.16,0.1743,21.59,0,-0.7765,5.652,-0.0862,5.8426,0.3505,1.131,0.0027
p044,Joško Gvardiol,Man City,DF,12,2024-10-28,5.404,81.6,58.44,0.0192,16.47,0,-0.6419,5.538,-0.0392,5.7659,0.2176,0.807,0.0006
p044,Joško Gvardiol,Man City,DF,13,2024-11-04,5.595,82.38,55.24,0.0743,17.57,0,0.3391,5.5264,0.0067,5.7367,0.2137,1.097,0.0003
p044,Joško Gvardiol,Man City,DF,14,2024-11-11,5.609,83.94,54.44,0.1649,23.3,0,0.1654,5.5802,-0.0327,5.7154,0.1082,1.099,0.0004
p044,Joško Gvardiol,Man City,DF,15,2024-11-18,5.728,83.19,53.03,-0.1421,12.74,0,1.3054,5.5564,0.0769,5.7175,0.0291,1.041,0.0004
p044,Joško Gvardiol,Man City,DF,16,2024-11-25,6.139,83.39,49.96,-0.2225,6.73,0,1.6204,5.695,0.1603,5.7858,-0.0314,1.157,0.0002
p044,Joško Gvardiol,Man City,DF,17,2024-12-02,6.205,84.54,51.11,0.413,-6.72,0,1.187,5.8552,0.175,5.8529,0.0533,0.838,0.0004
p044,Joško Gvardiol,Man City,DF,18,2024-12-09,6.589,84.94,49.78,0.0051,-9.69,0,1.3583,6.054,0.2437,5.9696,0.0134,0.958,0.0003
p044,Joško Gvardiol,Man City,DF,19,2024-12-16,6.381,84.65,54.23,0.5957,-7.29,0,0.5389,6.2084,0.1756,6.0342,0.1978,1.055,0.0003
p044,Joško Gvardiol,Man City,DF,20,2024-12-23,6.046,83.45,58.41,0.27,-15.37,0,-1.0491,6.272,-0.001,6.0361,0.3209,1.193,0.0003
p044,Joško Gvardiol,Man City,DF,21,2024-12-30,6.307,83.57,56.42,-0.0164,-16.28,0,0.0069,6.3056,-0.0339,6.0781,0.2136,1.111,0.0003
p044,Joško Gvardiol,Man City,DF,22,2025-01-06,6.31,83.67,57.43,0.722,-14.0,0,-0.0854,6.3266,-0.0632,6.1139,0.3928,0.833,0.0004
p044,Joško Gvardiol,Man City,DF,23,2025-01-13,5.572,83.65,64.1,0.4288,-13.9,0,-1.6527,6.1232,-0.1354,6.0306,0.3511,1.027,0.9988
p044,Joško Gvardiol,Man City,DF,24,2025-01-20,5.321,84.13,64.02,-0.2963,-8.22,0,-1.322,5.9112,-0.2185,5.922,0.2095,0.68,0.0042
p044,Joško Gvardiol,Man City,DF,25,2025-01-27,5.408,83.38,60.66,-0.0973,-14.25,0,-0.7704,5.7836,-0.2787,5.8435,0.1893,1.004,0.0031
p044,Joško Gvardiol,Man City,DF,26,2025-02-03,5.386,82.92,58.9,-0.7542,24.25,0,-0.5232,5.5994,-0.2012,5.7739,-0.1798,1.005,0.0044
p045,İlkay Gündoğan,Barcelona,MF,1,2024-08-12,7.003,45.23,45.23,0.0495,-2.55,0,,,,,0.0495,1.0,0.0009
p045,İlkay Gündoğan,Barcelona,MF,2,2024-08-19,7.323,46.85,75.94,0.119,-7.47,0,0.7071,7.163,,7.176,0.0842,1.102,0.0002
p045,İlkay Gündoğan,Barcelona,MF,3,2024-08-26,7.412,46.63,77.53,-0.0587,-14.52,0,0.7717,7.246,,7.2677,0.0366,1.034,0.0002
p045,İlkay Gündoğan,Barcelona,MF,4,2024-09-02,7.285,46.87,79.25,0.3609,-6.32,0,0.1655,7.2558,,7.2731,0.1177,1.024,0.0002
p045,İlkay Gündoğan,Barcelona,MF,5,2024-09-09,7.78,47.14,77.14,-0.0824,-4.92,0,1.498,7.3606,0.1516,7.4098,0.0847,0.908,0.0002
p045,İlkay Gündoğan,Barcelona,MF,6,2024-09-16,8.309,46.62,76.94,-0.0405,-4.59,0,1.5934,7.6218,0.234,7.6264,0.0448,0.95,0.0002
p045,İlkay Gündoğan,Barcelona,MF,7,2024-09-23,8.462,46.74,80.44,0.205,-15.9,0,1.1672,7.8496,0.3124,7.8109,0.1107,0.9,0.0002
p045,İlkay Gündoğan,Barcelona,MF,8,2024-09-30,9.068,46.65,80.54,0.289,-21.32,0,1.3061,8.1808,0.4248,8.0701,0.0928,1.103,0.0003
p045,İlkay Gündoğan,Barcelona,MF,9,2024-10-07,8.799,46.81,88.0,-0.3005,-22.68,0,0.6415,8.4836,0.2797,8.2124,0.0383,0.95,0.0002
p045,İlkay Gündoğan,Barcelona,MF,10,2024-10-14,8.762,47.22,91.45,0.2805,-32.9,0,0.2746,8.68,0.1243,8.315,0.1185,0.87,0.0003
p045,İlkay Gündoğan,Barcelona,MF,11,2024-10-21,8.005,46.31,99.15,-0.0143,-33.48,0,-1.5165,8.6192,-0.122,8.2592,0.0637,0.971,0.0017
p045,İlkay Gündoğan,Barcelona,MF,12,2024-10-28,7.607,45.51,100.73,-0.21,-33.22,0,-1.3692,8.4482,-0.3716,8.1451,-0.0611,0.936,0.0006
p045,İlkay Gündoğan,Barcelona,MF,13,2024-11-04,7.214,44.34,100.93,-0.2524,-1.37,0,-1.233,8.0774,-0.4325,7.9862,-0.049,1.19,0.0014
p045,İlkay Gündoğan,Barcelona,MF,14,2024-11-11,7.398,45.68,95.8,0.2835,3.52,0,-0.6498,7.7972,-0.3519,7.8879,-0.0483,0.807,0.0006
p045,İlkay Gündoğan,Barcelona,MF,15,2024-11-18,7.063,45.23,95.97,-0.1279,10.73,0,-1.0729,7.4574,-0.2093,7.7523,-0.0767,0.895,0.001
p045,İlkay Gündoğan,Barcelona,MF,16,2024-11-25,6.43,45.26,97.52,0.4499,-7.98,0,-1.5928,7.1424,-0.2505,7.5381,0.0883,0.82,0.9991
p045,İlkay Gündoğan,Barcelona,MF,17,2024-12-02,6.235,45.55,93.83,-0.0863,-0.91,0,-1.2467,6.868,-0.2926,7.3294,0.1298,1.309,0.0011
p045,İlkay Gündoğan,Barcelona,MF,18,2024-12-09,6.061,43.9,90.11,0.1413,3.68,0,-1.0123,6.6374,-0.3502,7.1284,0.0942,1.144,0.0006
p045,İlkay Gündoğan,Barcelona,MF,19,2024-12-16,5.646,42.7,88.42,-0.2126,14.3,0,-1.2295,6.287,-0.3203,6.8954,0.0731,0.818,0.0012
p045,İlkay Gündoğan,Barcelona,MF,20,2024-12-23,5.687,42.53,82.41,-0.371,8.33,0,-0.9512,6.0118,-0.2075,6.7068,-0.1322,0.882,0.0024
p045,İlkay Gündoğan,Barcelona,MF,21,2024-12-30,5.799,43.16,76.34,-0.1483,12.44,0,-0.3415,5.8856,-0.1246,6.566,-0.1476,1.144,0.0027
p045,İlkay Gündoğan,Barcelona,MF,22,2025-01-06,5.302,43.73,77.35,0.2379,-0.17,0,-1.4458,5.699,-0.1365,6.371,-0.1235,0.898,0.0027
p045,İlkay Gündoğan,Barcelona,MF,23,2025-01-13,5.559,42.39,70.55,0.0537,23.85,0,-0.2119,5.5986,-0.0559,6.2462,-0.0569,0.846,0.0009
p045,İlkay Gündoğan,Barcelona,MF,24,2025-01-20,5.247,41.37,69.93,0.244,7.68,0,-1.1352,5.5188,-0.112,6.0932,0.0968,1.174,0.003
p045,İlkay Gündoğan,Barcelona,MF,25,2025-01-27,5.062,41.96,67.61,-0.0322,1.61,0,-1.1525,5.3938,-0.1529,5.9358,0.1258,0.921,0.0058
p045,İlkay Gündoğan,Barcelona,MF,26,2025-02-03,5.215,42.21,61.95,-0.4589,3.44,0,-0.3424,5.277,-0.0671,5.8261,-0.0483,1.231,0.0012
p046,Frenkie de Jong,Barcelona,MF,1,2024-08-12,6.865,68.79,68.79,0.3312,-1.96,0,,,,,0.3312,1.0,0.0007
p046,Frenkie de Jong,Barcelona,MF,2,2024-08-19,7.238,68.76,73.8,-0.3057,-8.54,0,0.7071,7.0515,,7.0666,0.0127,1.128,0.0002
p046,Frenkie de Jong,Barcelona,MF,3,2024-08-26,6.894,68.82,76.08,0.3809,-4.51,0,-0.5061,6.999,,6.9995,0.1355,0.947,0.0002
p046,Frenkie de Jong,Barcelona,MF,4,2024-09-02,6.574,68.82,76.13,-0.195,-9.66,0,-1.1729,6.8928,,6.866,0.0528,0.93,0.0004
p046,Frenkie de Jong,Barcelona,MF,5,2024-09-09,6.261,70.2,74.65,0.1478,-3.7,0,-1.3744,6.7664,-0.1872,6.7029,0.007,0.722,0.001
p046,Frenkie de Jong,Barcelona,MF,6,2024-09-16,6.546,70.23,70.61,0.2409,-8.38,0,-0.4188,6.7026,-0.2017,6.6651,0.1436,0.971,0.0016
p046,Frenkie de Jong,Barcelona,MF,7,2024-09-23,6.941,69.96,67.52,0.3337,-3.72,0,1.0665,6.6432,0.0066,6.726,0.1318,1.222,0.0002
p046,Frenkie de Jong,Barcelona,MF,8,2024-09-30,6.786,70.53,69.79,-0.0547,-3.07,0,0.6363,6.6216,0.1104,6.7384,0.1669,0.838,0.0002
p046,Frenkie de Jong,Barcelona,MF,9,2024-10-07,6.725,71.01,70.47,-0.0553,-6.01,0,0.2813,6.6518,0.1168,6.7358,0.1162,0.803,0.0002
p046,Frenkie de Jong,Barcelona,MF,10,2024-10-14,7.082,71.98,67.95,-0.3323,-0.11,0,1.2962,6.816,0.0856,6.8004,-0.0271,0.985,0.0002
p046,Frenkie de Jong,Barcelona,MF,11,2024-10-21,7.602,72.62,65.18,-0.1786,-0.85,0,1.6417,7.0272,0.1618,6.9448,-0.1552,1.149,0.0002
p046,Frenkie de Jong,Barcelona,MF,12,2024-10-28,7.608,73.15,69.07,-0.2258,-5.72,0,1.0464,7.1606,0.2521,7.0608,-0.198,1.148,0.0002
p046,Frenkie de Jong,Barcelona,MF,13,2024-11-04,7.06,73.45,75.82,0.3699,-3.83,0,-0.406,7.2154,0.1196,7.0607,-0.0917,1.043,0.0003
p046,Frenkie de Jong,Barcelona,MF,14,2024-11-11,6.769,74.85,77.98,-0.18,2.15,0,-1.2339,7.2242,-0.1168,7.0119,-0.0536,0.809,0.0032
p046,Frenkie de Jong,Barcelona,MF,15,2024-11-18,7.072,74.48,74.54,0.374,-1.31,0,-0.406,7.2222,-0.1899,7.0218,0.0845,0.963,0.0009
p046,Frenkie de Jong,Barcelona,MF,16,2024-11-25,7.403,75.03,72.26,-0.0396,-2.41,0,0.6745,7.1824,-0.0398,7.0835,0.1311,1.132,0.0002
p046,Frenkie de Jong,Barcelona,MF,17,2024-12-02,7.634,74.61,71.99,0.0006,-5.34,0,1.3301,7.1876,0.1782,7.1717,0.0387,0.982,0.0002
p046,Frenkie de Jong,Barcelona,MF,18,2024-12-09,7.387,74.38,75.45,-0.4176,-5.72,0,0.3983,7.253,0.1798,7.2058,-0.0207,1.154,0.0002
p046,Frenkie de Jong,Barcelona,MF,19,2024-12-16,7.733,74.38,74.18,0.4753,-10.07,0,1.1202,7.4458,0.1306,7.2887,0.0047,0.967,0.0002
p046,Frenkie de Jong,Barcelona,MF,20,2024-12-23,7.474,74.54,78.22,0.4681,-10.55,0,-0.3448,7.5262,0.0241,7.3176,0.1316,0.838,0.0002
p046,Frenkie de Jong,Barcelona,MF,21,2024-12-30,7.536,73.34,78.44,0.0063,-13.61,0,-0.1243,7.5528,-0.0109,7.3515,0.133,0.826,0.0002
p046,Frenkie de Jong,Barcelona,MF,22,2025-01-06,7.524,73.34,79.37,0.39,-8.04,0,-0.0534,7.5308,0.0077,7.3781,0.3349,1.186,0.0002
p046,Frenkie de Jong,Barcelona,MF,23,2025-01-13,7.375,75.21,81.19,0.3962,-6.85,0,-1.1728,7.5284,-0.0666,7.3776,0.3152,1.246,0.0008
p046,Frenkie de Jong,Barcelona,MF,24,2025-01-20,7.565,75.55,79.68,0.1428,-10.13,0,0.941,7.4948,0.0021,7.4063,0.2338,0.913,0.0007
p046,Frenkie de Jong,Barcelona,MF,25,2025-01-27,7.816,76.36,78.42,0.084,-6.67,0,1.5862,7.5632,0.0601,7.4688,0.2533,1.035,0.0002
p046,Frenkie de Jong,Barcelona,MF,26,2025-02-03,7.514,76.91,82.34,0.0776,-7.3,0,-0.2789,7.5588,0.0421,7.4757,0.1752,0.987,0.0002
p047,Marco Verratti,Al Arabi,MF,1,2024-08-12,5.557,16.17,16.17,0.4409,-2.83,0,,,,,0.4409,1.0,0.0009
p047,Marco Verratti,Al Arabi,MF,2,2024-08-19,5.877,15.97,51.56,0.829,-1.93,0,0.7071,5.717,,5.73,0.635,0.901,0.0003
p047,Marco Verratti,Al Arabi,MF,3,2024-08-26,6.098,15.71,53.02,0.0197,-4.4,0,0.9338,5.844,,5.873,0.4299,1.01,0.0003
p047,Marco Verratti,Al Arabi,MF,4,2024-09-02,6.783,14.02,52.91,-0.3677,-13.3,0,1.3559,6.0788,,6.1586,0.2305,0.946,0.0003
p047,Marco Verratti,Al Arabi,MF,5,2024-09-09,6.594,12.14,58.66,0.4041,-20.35,0,0.8156,6.1818,0.298,6.276,0.2213,0.863,0.0002
p047,Marco Verratti,Al Arabi,MF,6,2024-09-16,6.54,10.83,61.18,-0.1651,-18.25,0,0.4295,6.3784,0.1822,6.3396,-0.0272,0.928,0.0003
p047,Marco Verratti,Al Arabi,MF,7,2024-09-23,6.465,10.1,62.92,0.3419,-14.73,0,-0.1232,6.496,0.0491,6.3673,0.0533,1.254,0.0002
p047,Marco Verratti,Al Arabi,MF,8,2024-09-30,6.336,8.61,64.32,0.6317,-10.03,0,-1.2568,6.5436,-0.1023,6.3608,0.3032,0.949,0.0016
p047,Marco Verratti,Al Arabi,MF,9,2024-10-07,5.64,7.74,68.79,0.3432,-25.34,0,-1.7327,6.315,-0.2112,6.2201,0.2879,1.147,0.9989
p047,Marco Verratti,Al Arabi,MF,10,2024-10-14,6.121,7.58,62.32,-0.5125,-17.09,0,-0.2751,6.2204,-0.1663,6.2016,0.2011,0.85,0.0017
p047,Marco Verratti,Al Arabi,MF,11,2024-10-21,5.762,8.64,64.43,0.4775,-23.69,0,-0.8488,6.0648,-0.1621,6.1224,0.235,0.819,0.0011
p047,Marco Verratti,Al Arabi,MF,12,2024-10-28,5.822,9.39,62.16,0.3228,-10.18,0,-0.4006,5.9362,-0.0906,6.0699,0.1578,1.025,0.0022
p047,Marco Verratti,Al Arabi,MF,13,2024-11-04,5.324,9.15,64.58,0.3111,-13.45,0,-1.4156,5.7338,-0.0931,5.9426,0.1497,1.273,0.0081
p047,Marco Verratti,Al Arabi,MF,14,2024-11-11,5.421,9.17,60.84,-0.1349,-11.13,0,-0.8355,5.69,-0.1838,5.8554,0.2441,1.184,0.0031
p047,Marco Verratti,Al Arabi,MF,15,2024-11-18,5.026,10.03,61.73,-0.1519,-15.35,0,-1.3572,5.471,-0.1873,5.7191,0.0868,1.344,0.0032
p047,Marco Verratti,Al Arabi,MF,16,2024-11-25,4.509,9.75,62.38,-0.2198,-18.57,0,-1.4546,5.2204,-0.2924,5.523,-0.0489,0.946,0.0022
p047,Marco Verratti,Al Arabi,MF,17,2024-12-02,4.457,10.6,58.04,-0.1943,-0.57,0,-1.0932,4.9474,-0.2646,5.3523,-0.1752,1.092,0.0029
p047,Marco Verratti,Al Arabi,MF,18,2024-12-09,4.091,8.98,56.72,0.1165,-6.01,0,-1.1668,4.7008,-0.3229,5.1524,-0.1124,0.88,0.0025
p047,Marco Verratti,Al Arabi,MF,19,2024-12-16,3.77,9.52,54.33,0.0284,-13.1,0,-1.2697,4.3706,-0.293,4.9351,-0.0673,1.13,0.0037
p047,Marco Verratti,Al Arabi,MF,20,2024-12-23,3.711,8.26,49.48,-0.0809,-9.8,0,-1.065,4.1076,-0.2283,4.7441,-0.0326,0.817,0.0035
p047,Marco Verratti,Al Arabi,MF,21,2024-12-30,3.871,7.2,43.56,-0.1815,-9.45,0,-0.3593,3.98,-0.1552,4.6087,-0.0294,0.951,0.0024
p047,Marco Verratti,Al Arabi,MF,22,2025-01-06,3.464,7.12,43.42,-0.3624,-16.41,0,-1.3862,3.7814,-0.1153,4.432,-0.1491,0.899,0.0055
p047,Marco Verratti,Al Arabi,MF,23,2025-01-13,2.997,5.76,42.74,-0.4267,-17.79,0,-1.6164,3.5626,-0.1793,4.2115,-0.2629,1.046,0.9972
p047,Marco Verratti,Al Arabi,MF,24,2025-01-20,2.885,5.07,37.61,-0.4704,-12.69,0,-1.1567,3.3856,-0.2526,4.0084,-0.3602,0.962,0.0076
p047,Marco Verratti,Al Arabi,MF,25,2025-01-27,2.954,4.4,32.64,0.077,-8.58,0,-0.6627,3.2342,-0.2413,3.8475,-0.2956,1.148,0.0059
p047,Marco Verratti,Al Arabi,MF,26,2025-02-03,3.346,3.75,25.59,-0.4567,-11.01,0,0.8393,3.1292,-0.0279,3.7712,-0.3192,1.167,0.0008
p048,Sandro Tonali,Newcastle,MF,1,2024-08-12,6.747,69.19,69.19,-0.4737,-3.8,0,,,,,-0.4737,1.0,0.0014
p048,Sandro Tonali,Newcastle,MF,2,2024-08-19,6.754,68.49,70.55,-0.2557,-6.07,0,0.7071,6.7505,,6.7508,-0.3647,0.984,0.0007
p048,Sandro Tonali,Newcastle,MF,3,2024-08-26,7.172,68.05,70.18,-0.2306,-7.7,0,1.1546,6.891,,6.9145,-0.32,0.963,0.0002
p048,Sandro Tonali,Newcastle,MF,4,2024-09-02,6.95,68.83,73.24,0.3387,-8.25,0,0.2203,6.9058,,6.9257,-0.1553,1.04,0.0002
p048,Sandro Tonali,Newcastle,MF,5,2024-09-09,7.586,69.97,70.6,0.0987,0.18,0,1.5528,7.0418,0.1874,7.1037,-0.0122,0.814,0.0002
p048,Sandro Tonali,Newcastle,MF,6,2024-09-16,7.614,69.57,73.84,0.3127,-7.98,0,1.046,7.2152,0.2134,7.2266,0.1299,1.001,0.0002
p048,Sandro Tonali,Newcastle,MF,7,2024-09-23,7.888,71.01,74.72,0.3611,-12.49,0,1.1875,7.442,0.2096,7.3726,0.2778,1.093,0.0002
p048,Sandro Tonali,Newcastle,MF,8,2024-09-30,8.021,71.13,76.98,0.0379,-5.33,0,0.9907,7.6118,0.2444,7.5063,0.2026,0.891,0.0003
p048,Sandro Tonali,Newcastle,MF,9,2024-10-07,8.204,72.05,78.7,0.1876,-16.8,0,1.289,7.8626,0.1643,7.6425,0.2248,1.09,0.0002
p048,Sandro Tonali,Newcastle,MF,10,2024-10-14,7.902,72.02,83.84,-0.2661,-14.1,0,-0.1105,7.9258,0.0892,7.691,0.0801,1.087,0.0002
p048,Sandro Tonali,Newcastle,MF,11,2024-10-21,7.7,72.12,86.38,-0.0787,-11.22,0,-1.3085,7.943,-0.0495,7.6926,-0.0298,0.773,0.0007
p048,Sandro Tonali,Newcastle,MF,12,2024-10-28,7.112,71.77,90.66,0.0252,-14.57,0,-1.6097,7.7878,-0.2322,7.5911,-0.033,0.86,0.9987
p048,Sandro Tonali,Newcastle,MF,13,2024-11-04,7.046,71.9,88.18,0.1077,-5.18,0,-1.0877,7.5928,-0.3106,7.4981,-0.053,1.138,0.0004
p048,Sandro Tonali,Newcastle,MF,14,2024-11-11,7.236,70.02,85.14,-0.3111,3.53,0,-0.4296,7.3992,-0.1986,7.4543,-0.0642,1.189,0.0009
p048,Sandro Tonali,Newcastle,MF,15,2024-11-18,7.127,70.24,84.91,0.0289,4.51,0,-0.4443,7.2442,-0.1022,7.4005,-0.0373,0.829,0.0008
p048,Sandro Tonali,Newcastle,MF,16,2024-11-25,7.445,70.19,81.2,-0.1331,7.4,0,1.6097,7.1932,0.0747,7.4077,-0.0769,0.902,0.0003
p048,Sandro Tonali,Newcastle,MF,17,2024-12-02,7.317,70.77,82.36,0.7196,9.98,0,0.5284,7.2342,0.0751,7.3932,0.0761,1.144,0.0003
p048,Sandro Tonali,Newcastle,MF,18,2024-12-09,7.06,72.66,83.4,0.1255,-0.71,0,-1.1602,7.237,-0.0162,7.3404,0.1852,0.886,0.0002
p048,Sandro Tonali,Newcastle,MF,19,2024-12-16,6.845,73.94,84.36,0.3105,-0.62,0,-1.3498,7.1588,-0.0949,7.2625,0.2556,0.95,0.0018
p048,Sandro Tonali,Newcastle,MF,20,2024-12-23,7.071,72.93,80.7,0.3111,-8.7,0,-0.325,7.1476,-0.122,7.2326,0.3667,0.766,0.0012
p048,Sandro Tonali,Newcastle,MF,21,2024-12-30,7.613,74.23,75.17,0.1462,-1.44,0,1.4708,7.1812,0.0603,7.2916,0.2233,1.1,0.0003
p048,Sandro Tonali,Newcastle,MF,22,2025-01-06,8.321,75.64,71.66,0.2228,3.39,0,1.5738,7.382,0.329,7.4505,0.2476,1.039,0.0003
p048,Sandro Tonali,Newcastle,MF,23,2025-01-13,8.5,74.0,74.16,0.1936,-14.12,0,1.1307,7.67,0.456,7.6117,0.2184,1.226,0.0002
p048,Sandro Tonali,Newcastle,MF,24,2025-01-20,8.797,74.38,75.79,0.1938,-21.68,0,1.0462,8.0604,0.4339,7.7932,0.1891,0.875,0.0003
p048,Sandro Tonali,Newcastle,MF,25,2025-01-27,8.272,73.02,84.4,0.4975,-1.87,0,-0.0656,8.3006,0.1794,7.8663,0.2769,0.911,0.0002
p048,Sandro Tonali,Newcastle,MF,26,2025-02-03,7.851,73.52,89.52,0.1147,-5.07,0,-1.438,8.3482,-0.1168,7.864,0.2499,0.891,0.0013
p049,Nicolò Barella,Inter Milan,MF,1,2024-08-12,7.378,91.66,91.66,-0.3061,-1.55,0,,,,,-0.3061,1.0,0.0006
p049,Nicolò Barella,Inter Milan,MF,2,2024-08-19,7.377,92.68,81.16,-0.3097,-3.58,0,-0.7071,7.3775,,7.3775,-0.3079,1.161,0.0004
p049,Nicolò Barella,Inter Milan,MF,3,2024-08-26,7.237,94.73,81.29,0.2506,1.47,0,-1.1547,7.3307,,7.3229,-0.1217,1.118,0.0003
p049,Nicolò Barella,Inter Milan,MF,4,2024-09-02,7.521,95.01,79.61,0.2859,-6.04,0,1.2312,7.3782,,7.385,-0.0198,0.852,0.0002
p049,Nicolò Barella,Inter Milan,MF,5,2024-09-09,7.417,95.62,81.14,-0.0752,5.71,0,0.3042,7.386,0.0222,7.3937,0.0379,0.795,0.0002
p049,Nicolò Barella,Inter Milan,MF,6,2024-09-16,7.985,95.3,78.3,-0.5169,1.83,0,1.6715,7.5074,0.1396,7.5361,-0.0139,1.253,0.0004
p049,Nicolò Barella,Inter Milan,MF,7,2024-09-23,7.886,95.02,81.77,-0.5743,-7.56,0,0.8741,7.6092,0.1762,7.6133,-0.2201,0.942,0.0002
p049,Nicolò Barella,Inter Milan,MF,8,2024-09-30,7.179,95.46,87.87,0.0763,-0.88,0,-1.2523,7.5976,-0.0215,7.5238,-0.2725,0.959,0.0002
p049,Nicolò Barella,Inter Milan,MF,9,2024-10-07,7.038,95.28,86.84,0.1717,-0.24,0,-1.1008,7.501,-0.1564,7.4289,-0.2108,0.803,0.0012
p049,Nicolò Barella,Inter Milan,MF,10,2024-10-14,6.462,95.69,88.67,0.5372,-6.25,0,-1.3418,7.31,-0.3894,7.2483,0.0527,1.257,0.0014
p049,Nicolò Barella,Inter Milan,MF,11,2024-10-21,6.573,94.88,83.75,0.1021,-4.6,0,-0.8016,7.0276,-0.3343,7.1267,0.2218,0.776,0.0007
p049,Nicolò Barella,Inter Milan,MF,12,2024-10-28,6.354,95.31,82.5,0.0521,1.99,0,-1.0051,6.7212,-0.2115,6.9916,0.2158,0.864,0.0014
p049,Nicolò Barella,Inter Milan,MF,13,2024-11-04,6.527,94.07,78.06,0.2128,-4.44,0,-0.2424,6.5908,-0.113,6.9123,0.226,0.969,0.0009
p049,Nicolò Barella,Inter Milan,MF,14,2024-11-11,6.67,92.89,75.11,-0.6471,13.65,0,1.2887,6.5172,0.037,6.8718,-0.07,1.161,0.0003
p049,Nicolò Barella,Inter Milan,MF,15,2024-11-18,6.7,94.23,73.92,0.5466,12.45,0,0.9855,6.5648,0.057,6.8436,0.0411,0.881,0.0004
p049,Nicolò Barella,Inter Milan,MF,16,2024-11-25,7.146,94.64,69.85,0.2241,9.41,0,1.5834,6.6794,0.1757,6.8926,0.0841,1.311,0.0003
p049,Nicolò Barella,Inter Milan,MF,17,2024-12-02,7.243,93.92,70.3,0.3106,-11.27,0,1.2184,6.8572,0.1908,6.9487,0.1085,1.113,0.0002
p049,Nicolò Barella,Inter Milan,MF,18,2024-12-09,7.085,94.04,72.87,0.16,1.19,0,0.4379,6.9688,0.1373,6.9703,0.3103,1.188,0.0002
p049,Nicolò Barella,Inter Milan,MF,19,2024-12-16,6.605,93.29,77.11,0.2328,-3.7,0,-1.2329,6.9558,-0.0251,6.9129,0.2319,0.833,0.0003
p049,Nicolò Barella,Inter Milan,MF,20,2024-12-23,6.573,92.83,75.96,-0.2511,-6.29,0,-1.1278,6.9304,-0.1784,6.8598,0.1131,0.95,0.0012
p049,Nicolò Barella,Inter Milan,MF,21,2024-12-30,7.055,92.93,70.9,0.4287,-10.66,0,0.4701,6.9122,-0.0888,6.8901,0.1426,1.069,0.0011
p049,Nicolò Barella,Inter Milan,MF,22,2025-01-06,7.358,92.53,69.28,-0.2496,-0.13,0,1.2525,6.9352,0.0996,6.9623,0.0402,1.08,0.0002
p049,Nicolò Barella,Inter Milan,MF,23,2025-01-13,7.618,92.78,69.01,0.1593,-8.44,0,1.2553,7.0418,0.2811,7.0631,0.0218,0.935,0.0002
p049,Nicolò Barella,Inter Milan,MF,24,2025-01-20,8.061,90.94,68.01,0.4852,-12.02,0,1.2937,7.333,0.3539,7.2158,0.2059,0.976,0.0002
p049,Nicolò Barella,Inter Milan,MF,25,2025-01-27,8.444,91.64,68.77,0.2099,-20.46,0,1.3323,7.7072,0.3481,7.4033,0.1512,0.724,0.0002
p049,Nicolò Barella,Inter Milan,MF,26,2025-02-03,8.909,92.29,69.15,0.2752,-28.69,0,1.3329,8.078,0.3928,7.6325,0.2824,0.994,0.0002
p050,Federico Chiesa,Liverpool,FW,1,2024-08-12,7.067,39.72,39.72,-0.0901,1.33,0,,,,,-0.0901,1.0,0.0006
p050,Federico Chiesa,Liverpool,FW,2,2024-08-19,6.883,41.42,75.28,0.216,-3.87,0,-0.7071,6.975,,6.9675,0.063,1.076,0.0002
p050,Federico Chiesa,Liverpool,FW,3,2024-08-26,7.12,41.46,74.09,0.4821,-8.91,0,0.7771,7.0233,,7.0268,0.2027,0.888,0.0002
p050,Federico Chiesa,Liverpool,FW,4,2024-09-02,7.249,41.81,73.96,0.0368,-1.01,0,1.1149,7.0798,,7.0965,0.1612,0.986,0.0003
p050,Federico Chiesa,Liverpool,FW,5,2024-09-09,6.443,42.52,79.33,0.2287,-19.47,0,-1.6241,6.9524,-0.0882,6.9203,0.2409,0.857,0.9989
p050,Federico Chiesa,Liverpool,FW,6,2024-09-16,6.698,42.82,74.62,-0.2903,-12.06,0,-0.5588,6.8786,-0.1047,6.8668,0.1143,0.857,0.0016
p050,Federico Chiesa,Liverpool,FW,7,2024-09-23,6.981,42.52,71.87,0.2716,-8.35,0,0.2536,6.8982,-0.0829,6.892,0.0617,1.213,0.0011
p050,Federico Chiesa,Liverpool,FW,8,2024-09-30,6.631,42.97,74.61,1.0,-9.78,0,-0.5352,6.8004,-0.0698,6.8382,0.3025,1.187,0.0005
p050,Federico Chiesa,Liverpool,FW,9,2024-10-07,7.021,41.73,70.85,0.2859,-8.46,0,1.0918,6.7548,0.1089,6.8739,0.3168,1.129,0.0002
p050,Federico Chiesa,Liverpool,FW,10,2024-10-14,7.432,41.05,68.83,0.6343,-9.89,0,1.5093,6.9526,0.1508,6.9781,0.5479,0.988,0.0002
p050,Federico Chiesa,Liverpool,FW,11,2024-10-21,7.716,41.94,69.21,0.0146,-15.08,0,1.3248,7.1562,0.2271,7.111,0.4837,0.784,0.0002
p050,Federico Chiesa,Liverpool,FW,12,2024-10-28,7.402,43.95,74.56,0.7248,-5.53,0,0.384,7.2404,0.2237,7.1619,0.4149,0.85,0.0002
p050,Federico Chiesa,Liverpool,FW,13,2024-11-04,7.621,43.71,73.57,-0.4176,-15.93,0,0.6829,7.4384,0.117,7.2403,0.239,1.009,0.0002
p050,Federico Chiesa,Liverpool,FW,14,2024-11-11,7.841,43.45,74.37,0.2441,-16.47,0,1.2782,7.6024,0.0723,7.3407,0.1415,1.215,0.0002
p050,Federico Chiesa,Liverpool,FW,15,2024-11-18,7.551,43.55,78.95,-0.0654,-17.89,0,-0.4532,7.6262,0.0109,7.3753,0.1215,0.998,0.0003
p050,Federico Chiesa,Liverpool,FW,16,2024-11-25,7.337,43.88,81.41,0.0315,-5.25,0,-1.0772,7.5504,-0.02,7.3691,-0.0519,1.054,0.0002
p050,Federico Chiesa,Liverpool,FW,17,2024-12-02,7.624,44.92,78.48,0.1956,-15.92,0,0.1616,7.5948,-0.0498,7.4099,0.1014,0.754,0.0003
p050,Federico Chiesa,Liverpool,FW,18,2024-12-09,7.567,44.97,80.49,0.2933,-9.87,0,-0.0943,7.584,-0.0475,7.4348,0.1138,1.004,0.0003
p050,Federico Chiesa,Liverpool,FW,19,2024-12-16,7.835,44.03,79.02,0.0084,-0.43,0,1.4155,7.5828,0.0798,7.4977,0.1322,0.845,0.0002
p050,Federico Chiesa,Liverpool,FW,20,2024-12-23,7.758,43.81,81.16,0.0162,-17.76,0,0.6954,7.6242,0.1053,7.5383,0.1284,1.214,0.0002
p050,Federico Chiesa,Liverpool,FW,21,2024-12-30,7.597,44.29,82.83,0.085,-15.63,0,-0.6891,7.6762,0.0137,7.5474,0.1007,1.077,0.0003
p050,Federico Chiesa,Liverpool,FW,22,2025-01-06,7.29,44.3,86.03,-0.4033,-6.05,0,-1.5186,7.6094,-0.0792,7.5077,-0.0734,1.039,0.0014
p050,Federico Chiesa,Liverpool,FW,23,2025-01-13,7.405,43.77,84.15,0.0578,-0.82,0,-0.7477,7.577,-0.1328,7.4919,-0.0611,0.892,0.0016
p050,Federico Chiesa,Liverpool,FW,24,2025-01-20,7.133,43.77,85.9,-0.2314,-0.75,0,-1.23,7.4366,-0.1442,7.437,-0.123,1.202,0.0008
p050,Federico Chiesa,Liverpool,FW,25,2025-01-27,6.95,40.86,85.99,-0.159,5.85,0,-1.3089,7.275,-0.1451,7.3626,-0.184,0.759,0.0012
p050,Federico Chiesa,Liverpool,FW,26,2025-02-03,7.321,41.14,81.23,0.1488,9.96,0,0.5618,7.2198,-0.0393,7.3563,-0.046,0.881,0.0002
p051,Khvicha Kvaratskhelia,PSG,FW,1,2024-08-12,8.131,119.3,119.3,-0.0886,-8.04,0,,,,,-0.0886,1.0,0.0006
p051,Khvicha Kvaratskhelia,PSG,FW,2,2024-08-19,8.382,120.39,94.73,0.1036,25.06,0,0.7071,8.2565,,8.2667,0.0075,1.141,0.0002
p051,Khvicha Kvaratskhelia,PSG,FW,3,2024-08-26,8.532,119.64,95.89,0.1629,17.45,0,0.9065,8.3483,,8.3698,0.0593,0.844,0.0003
p051,Khvicha Kvaratskhelia,PSG,FW,4,2024-09-02,8.423,119.8,97.72,-0.1675,24.78,0,0.3302,8.367,,8.3865,0.0026,0.903,0.0003
p051,Khvicha Kvaratskhelia,PSG,FW,5,2024-09-09,8.97,119.8,95.57,-0.3707,18.68,0,1.571,8.4876,0.1719,8.5438,-0.0679,1.062,0.0003
p051,Khvicha Kvaratskhelia,PSG,FW,6,2024-09-16,8.643,119.53,100.3,0.4342,17.61,0,0.2251,8.59,0.096,8.5677,0.0147,1.196,0.0003
p051,Khvicha Kvaratskhelia,PSG,FW,7,2024-09-23,9.062,120.79,98.32,0.0626,11.5,0,1.2094,8.726,0.128,8.6768,-0.0104,0.972,0.0003
p051,Khvicha Kvaratskhelia,PSG,FW,8,2024-09-30,8.747,122.11,102.62,0.0741,8.12,0,-0.0859,8.769,0.074,8.6913,0.05,1.123,0.0003
p051,Khvicha Kvaratskhelia,PSG,FW,9,2024-10-07,9.126,122.72,100.43,0.3768,3.28,0,1.046,8.9096,0.0416,8.7762,0.2369,1.044,0.0003
p051,Khvicha Kvaratskhelia,PSG,FW,10,2024-10-14,8.822,124.07,104.42,-0.0344,19.72,0,-0.2806,8.88,0.0422,8.7847,0.1198,1.12,0.0003
p051,Khvicha Kvaratskhelia,PSG,FW,11,2024-10-21,9.17,125.71,102.16,0.3398,4.62,0,0.9755,8.9854,0.0291,8.8541,0.1891,0.928,0.0003
p051,Khvicha Kvaratskhelia,PSG,FW,12,2024-10-28,9.802,126.47,99.21,-0.0536,23.81,0,1.6044,9.1334,0.2154,9.0199,0.1572,0.953,0.0003
p051,Khvicha Kvaratskhelia,PSG,FW,13,2024-11-04,10.0,127.02,101.65,0.42,14.48,0,1.243,9.384,0.2728,9.1871,0.168,1.117,0.0003
p051,Khvicha Kvaratskhelia,PSG,FW,14,2024-11-11,10.0,126.24,105.62,-0.2859,-2.33,0,0.8255,9.5588,0.3186,9.323,0.1051,0.888,0.0003
p051,Khvicha Kvaratskhelia,PSG,FW,15,2024-11-18,9.56,127.1,112.18,-0.1743,18.27,0,-0.418,9.7064,0.0978,9.362,-0.0234,0.925,0.0003
p051,Khvicha Kvaratskhelia,PSG,FW,16,2024-11-25,9.612,127.07,112.72,0.4259,16.04,0,-0.8795,9.7948,-0.082,9.4025,0.0964,0.913,0.0017
p051,Khvicha Kvaratskhelia,PSG,FW,17,2024-12-02,9.427,128.68,115.11,-0.0114,16.58,0,-1.1069,9.7198,-0.1534,9.4064,-0.0114,0.995,0.0013
p051,Khvicha Kvaratskhelia,PSG,FW,18,2024-12-09,8.6,129.63,121.57,-0.1863,33.58,0,-1.6288,9.4398,-0.2933,9.2786,0.0135,0.986,0.9963
p051,Khvicha Kvaratskhelia,PSG,FW,19,2024-12-16,8.585,128.88,118.0,0.2478,52.67,0,-1.1005,9.1568,-0.2962,9.1696,0.119,0.887,0.0007
p051,Khvicha Kvaratskhelia,PSG,FW,20,2024-12-23,8.962,129.22,112.98,-0.0095,39.64,0,-0.16,9.0372,-0.2142,9.1372,0.0102,0.854,0.0016
p051,Khvicha Kvaratskhelia,PSG,FW,21,2024-12-30,9.208,130.39,110.27,0.1056,38.41,0,0.6787,8.9564,-0.0076,9.1482,0.0394,1.0,0.0004
p051,Khvicha Kvaratskhelia,PSG,FW,22,2025-01-06,10.0,130.59,104.35,0.5128,20.29,0,1.5981,9.071,0.3423,9.2796,0.2142,1.332,0.0003
p051,Khvicha Kvaratskhelia,PSG,FW,23,2025-01-13,9.856,132.28,108.71,0.0586,3.82,0,0.8926,9.3222,0.358,9.3682,0.1669,1.133,0.0003
p051,Khvicha Kvaratskhelia,PSG,FW,24,2025-01-20,10.0,133.01,109.76,-0.4904,14.43,0,0.8118,9.6052,0.2724,9.4649,0.0467,1.036,0.0003
p051,Khvicha Kvaratskhelia,PSG,FW,25,2025-01-27,9.99,132.56,112.22,0.6242,9.6,0,0.5233,9.8108,0.1564,9.5451,0.1763,0.924,0.0004
p051,Khvicha Kvaratskhelia,PSG,FW,26,2025-02-03,9.663,132.07,116.77,0.1691,20.55,0,-1.6268,9.9018,-0.054,9.563,0.0904,1.098,0.995
p052,Rafael Leão,AC Milan,FW,1,2024-08-12,7.587,89.47,89.47,0.1376,-7.1,0,,,,,0.1376,1.0,0.0006
p052,Rafael Leão,AC Milan,FW,2,2024-08-19,7.497,89.09,84.38,-0.23,-10.78,0,-0.7071,7.542,,7.5384,-0.0462,1.025,0.0004
p052,Rafael Leão,AC Milan,FW,3,2024-08-26,7.22,88.83,84.18,-0.313,2.67,0,-1.1223,7.4347,,7.4146,-0.1351,1.204,0.0002
p052,Rafael Leão,AC Milan,FW,4,2024-09-02,6.954,89.47,83.24,-0.0843,0.02,0,-1.2578,7.3145,,7.2701,-0.1224,0.879,0.0004
p052,Rafael Leão,AC Milan,FW,5,2024-09-09,7.173,90.42,79.78,0.6867,-8.87,0,-0.4419,7.2862,-0.1371,7.2439,0.0149,1.205,0.0009
p052,Rafael Leão,AC Milan,FW,6,2024-09-16,7.035,90.96,80.01,0.2962,-4.07,0,-0.6748,7.1758,-0.0971,7.1936,0.1464,1.165,0.0016
p052,Rafael Leão,AC Milan,FW,7,2024-09-23,6.657,90.53,81.21,-0.4573,-6.66,0,-1.5727,7.0078,-0.1045,7.0751,0.1103,0.978,0.0015
p052,Rafael Leão,AC Milan,FW,8,2024-09-30,6.722,90.59,78.28,-0.5721,0.99,0,-0.8633,6.9082,-0.098,7.0023,-0.0116,0.906,0.0016
p052,Rafael Leão,AC Milan,FW,9,2024-10-07,6.529,91.74,77.96,-0.1435,-6.29,0,-1.0896,6.8232,-0.1601,6.9099,-0.2192,0.898,0.0008
p052,Rafael Leão,AC Milan,FW,10,2024-10-14,5.823,91.71,80.74,-0.0323,6.13,0,-1.6275,6.5532,-0.2552,6.7069,-0.3013,1.196,0.9992
p052,Rafael Leão,AC Milan,FW,11,2024-10-21,5.664,91.98,76.64,-0.2648,9.29,0,-1.2376,6.279,-0.2885,6.519,-0.2532,0.817,0.0008
p052,Rafael Leão,AC Milan,FW,12,2024-10-28,5.716,90.52,72.48,0.4199,-7.03,0,-0.7554,6.0908,-0.2877,6.3786,-0.0052,1.176,0.0011
p052,Rafael Leão,AC Milan,FW,13,2024-11-04,5.401,91.0,71.49,0.1587,-0.64,0,-1.0079,5.8266,-0.2363,6.2118,0.0704,1.024,0.0035
p052,Rafael Leão,AC Milan,FW,14,2024-11-11,6.075,91.56,62.52,0.234,7.71,0,1.3839,5.7358,0.0241,6.1889,0.137,0.982,0.0002
p052,Rafael Leão,AC Milan,FW,15,2024-11-18,6.425,91.28,59.34,-0.0791,18.73,0,1.4274,5.8562,0.1881,6.2277,0.1834,0.8,0.0003
p052,Rafael Leão,AC Milan,FW,16,2024-11-25,5.95,90.1,63.88,0.2006,-0.26,0,0.0952,5.9134,0.1492,6.1827,0.1286,1.168,0.0003
p052,Rafael Leão,AC Milan,FW,17,2024-12-02,6.275,89.31,60.3,0.0337,-16.91,0,0.6345,6.0252,0.1623,6.1975,0.0973,0.935,0.0004
p052,Rafael Leão,AC Milan,FW,18,2024-12-09,6.157,89.33,61.57,-0.2281,-17.09,0,-0.1062,6.1764,0.0014,6.1911,-0.0182,0.959,0.0002
p052,Rafael Leão,AC Milan,FW,19,2024-12-16,6.453,89.37,59.12,0.2475,-4.98,0,0.9719,6.252,0.0263,6.2322,0.0634,0.843,0.0002
p052,Rafael Leão,AC Milan,FW,20,2024-12-23,6.2,87.87,62.09,0.1699,-17.72,0,-0.0383,6.207,0.0678,6.2272,0.0557,1.02,0.0002
p052,Rafael Leão,AC Milan,FW,21,2024-12-30,6.625,86.55,58.66,-0.271,-14.52,0,1.4552,6.342,0.0743,6.2889,-0.0204,1.014,0.0002
p052,Rafael Leão,AC Milan,FW,22,2025-01-06,7.245,85.97,55.32,0.4522,6.53,0,1.6118,6.536,0.2348,6.4365,0.1496,1.009,0.0002
p052,Rafael Leão,AC Milan,FW,23,2025-01-13,7.103,85.1,60.06,0.3859,-1.62,0,0.8595,6.7252,0.2345,6.5389,0.1842,0.953,0.0004
p052,Rafael Leão,AC Milan,FW,24,2025-01-20,6.948,84.34,63.22,-0.564,-7.0,0,0.2961,6.8242,0.1974,6.6015,0.0008,1.061,0.0003
p052,Rafael Leão,AC Milan,FW,25,2025-01-27,6.351,84.39,70.04,0.2825,-8.92,0,-1.384,6.8544,-0.0845,6.5633,0.1392,1.271,0.0014
p052,Rafael Leão,AC Milan,FW,26,2025-02-03,6.733,85.15,66.09,-0.0856,-9.08,0,-0.409,6.876,-0.1776,6.5891,0.0047,1.094,0.0007
p053,Mike Maignan,AC Milan,GK,1,2024-08-12,7.029,71.19,71.19,0.0535,-1.48,0,,,,,0.0535,1.0,0.0009
p053,Mike Maignan,AC Milan,GK,2,2024-08-19,6.182,71.67,72.35,-0.2602,2.82,0,-0.7071,6.6055,,6.5712,-0.1034,0.894,0.0003
p053,Mike Maignan,AC Milan,GK,3,2024-08-26,6.182,72.22,67.94,0.2263,-1.68,0,-0.5774,6.4643,,6.4199,0.0065,1.269,0.0002
p053,Mike Maignan,AC Milan,GK,4,2024-09-02,5.727,71.59,67.2,0.1443,-14.25,0,-1.0176,6.28,,6.2024,0.041,0.991,0.0005
p053,Mike Maignan,AC Milan,GK,5,2024-09-09,5.83,72.39,63.0,-0.0657,-16.1,0,-0.7033,6.19,-0.2853,6.102,0.0112,0.877,0.001
p053,Mike Maignan,AC Milan,GK,6,2024-09-16,5.838,73.43,61.05,0.2413,-3.84,0,-0.5302,5.9518,-0.104,6.0384,0.1366,0.856,0.0023
p053,Mike Maignan,AC Milan,GK,7,2024-09-23,5.739,71.96,60.34,0.1934,3.52,0,-0.6703,5.8632,-0.0775,5.9723,0.1283,1.271,0.0023
p053,Mike Maignan,AC Milan,GK,8,2024-09-30,5.396,73.12,61.1,-0.1992,-18.52,0,-1.7167,5.706,-0.0753,5.8535,0.0424,0.854,0.999
p053,Mike Maignan,AC Milan,GK,9,2024-10-07,5.801,73.88,55.81,0.2296,4.02,0,0.4319,5.7208,-0.05,5.8433,0.1163,1.109,0.0007
p053,Mike Maignan,AC Milan,GK,10,2024-10-14,5.7,73.87,56.27,-0.4078,5.01,0,0.0296,5.6948,-0.0214,5.8165,-0.046,0.978,0.0006
p053,Mike Maignan,AC Milan,GK,11,2024-10-21,5.917,72.29,54.12,0.1076,1.3,0,1.0635,5.7106,0.066,5.8346,-0.0674,1.127,0.0002
p053,Mike Maignan,AC Milan,GK,12,2024-10-28,5.431,72.4,58.05,-0.1424,13.38,0,-0.9536,5.649,0.0186,5.764,-0.0532,0.964,0.0005
p053,Mike Maignan,AC Milan,GK,13,2024-11-04,4.697,72.6,61.78,0.5154,-5.93,0,-1.6634,5.5092,-0.2477,5.582,0.0182,0.885,0.9992
p053,Mike Maignan,AC Milan,GK,14,2024-11-11,5.218,71.29,53.59,0.3938,-2.62,0,-0.3711,5.3926,-0.2184,5.5211,0.2186,0.966,0.0027
p053,Mike Maignan,AC Milan,GK,15,2024-11-18,4.649,71.42,56.42,0.5193,-3.26,0,-1.0068,5.1824,-0.2749,5.3778,0.3215,1.197,0.0026
p053,Mike Maignan,AC Milan,GK,16,2024-11-25,5.129,70.99,49.33,-0.1144,6.59,0,0.3066,5.0248,-0.0652,5.3375,0.3285,1.101,0.0011
p053,Mike Maignan,AC Milan,GK,17,2024-12-02,4.475,71.55,53.35,-0.1887,-4.14,0,-1.1115,4.8336,-0.0533,5.1994,0.1525,0.991,0.0015
p053,Mike Maignan,AC Milan,GK,18,2024-12-09,4.525,70.02,49.62,0.0628,-6.39,0,-0.7858,4.7992,-0.156,5.0925,0.0697,0.717,0.0021
p053,Mike Maignan,AC Milan,GK,19,2024-12-16,4.593,70.84,46.49,-0.0868,-5.29,0,-0.3091,4.6742,-0.0716,5.014,-0.0818,0.775,0.001
p053,Mike Maignan,AC Milan,GK,20,2024-12-23,4.429,70.51,45.85,-0.1432,-9.75,0,-0.705,4.6302,-0.1282,4.9227,-0.089,0.956,0.009
p053,Mike Maignan,AC Milan,GK,21,2024-12-30,4.645,70.81,41.93,0.4199,-2.95,0,1.2804,4.5334,0.0244,4.8796,0.0632,1.148,0.0009
p053,Mike Maignan,AC Milan,GK,22,2025-01-06,4.957,71.86,38.43,0.4152,-3.38,0,1.6363,4.6298,0.0916,4.8916,0.1513,0.933,0.0006
p053,Mike Maignan,AC Milan,GK,23,2025-01-13,4.908,71.86,39.11,0.3183,-5.43,0,0.9084,4.7064,0.1158,4.8941,0.2526,1.323,0.0006
p053,Mike Maignan,AC Milan,GK,24,2025-01-20,5.172,73.06,37.1,-0.3893,-2.84,0,1.2107,4.8222,0.1749,4.9366,0.191,1.196,0.0008
p053,Mike Maignan,AC Milan,GK,25,2025-01-27,5.785,72.18,33.32,0.1982,-2.01,0,1.6095,5.0934,0.2495,5.0661,0.1356,1.049,0.0006
p053,Mike Maignan,AC Milan,GK,26,2025-02-03,5.845,71.03,36.04,0.0104,-3.92,0,1.1338,5.3334,0.2653,5.1847,0.0344,0.853,0.0005
p054,Gianluigi Donnarumma,PSG,GK,1,2024-08-12,6.901,70.08,70.08,0.0243,0.52,0,,,,,0.0243,1.0,0.0007
p054,Gianluigi Donnarumma,PSG,GK,2,2024-08-19,6.912,69.34,73.16,0.1248,-8.25,0,0.7071,6.9065,,6.9069,0.0745,0.86,0.0005
p054,Gianluigi Donnarumma,PSG,GK,3,2024-08-26,7.1,70.07,73.03,0.0393,2.97,0,1.1533,6.971,,6.982,0.0628,0.959,0.0002
p054,Gianluigi Donnarumma,PSG,GK,4,2024-09-02,7.196,70.76,73.81,0.1182,-4.66,0,1.1646,7.0272,,7.0491,0.0766,1.124,0.0004
p054,Gianluigi Donnarumma,PSG,GK,5,2024-09-09,6.589,71.79,77.67,-0.0753,-12.66,0,-1.5065,6.9396,-0.034,6.9251,0.0518,1.2,0.0004
p054,Gianluigi Donnarumma,PSG,GK,6,2024-09-16,6.322,72.03,76.72,0.3034,-16.26,0,-1.3792,6.8238,-0.1691,6.7798,0.0964,0.855,0.0011
p054,Gianluigi Donnarumma,PSG,GK,7,2024-09-23,6.441,71.05,73.07,0.2074,-6.08,0,-0.7307,6.7296,-0.2192,6.705,0.1384,0.879,0.0011
p054,Gianluigi Donnarumma,PSG,GK,8,2024-09-30,6.617,71.87,70.37,0.0606,-10.09,0,-0.0476,6.633,-0.1306,6.6869,0.124,0.998,0.001
p054,Gianluigi Donnarumma,PSG,GK,9,2024-10-07,6.528,72.63,70.56,-0.2205,7.48,0,0.2384,6.4994,0.0173,6.6559,0.0877,1.043,0.0003
p054,Gianluigi Donnarumma,PSG,GK,10,2024-10-14,6.774,72.67,68.18,0.056,-0.78,0,1.3828,6.5364,0.0991,6.6779,0.0259,1.057,0.0002
p054,Gianluigi Donnarumma,PSG,GK,11,2024-10-21,7.023,71.78,66.92,0.1675,-2.86,0,1.5096,6.6766,0.1321,6.7401,0.0159,0.947,0.0003
p054,Gianluigi Donnarumma,PSG,GK,12,2024-10-28,7.811,73.21,62.1,0.0395,-3.27,0,1.6662,6.9506,0.2883,6.9274,0.0106,1.194,0.0002
p054,Gianluigi Donnarumma,PSG,GK,13,2024-11-04,7.841,72.09,66.86,-0.0236,-7.4,0,1.0728,7.1954,0.3663,7.0833,0.0598,1.071,0.0003
p054,Gianluigi Donnarumma,PSG,GK,14,2024-11-11,7.723,72.32,71.43,-0.476,-16.63,0,0.5784,7.4344,0.2716,7.1902,-0.0731,1.038,0.0002
p054,Gianluigi Donnarumma,PSG,GK,15,2024-11-18,7.435,71.89,76.15,0.7568,-16.47,0,-0.383,7.5666,0.0736,7.2304,0.0742,0.808,0.0002
p054,Gianluigi Donnarumma,PSG,GK,16,2024-11-25,7.035,73.05,80.16,-0.1493,-9.92,0,-1.5757,7.569,-0.1958,7.1988,0.027,1.083,0.3635
p054,Gianluigi Donnarumma,PSG,GK,17,2024-12-02,7.283,72.82,76.92,0.1834,-9.74,0,-0.5522,7.4634,-0.1804,7.2123,0.0787,1.165,0.0006
p054,Gianluigi Donnarumma,PSG,GK,18,2024-12-09,7.465,73.52,76.42,-0.1916,-9.02,0,0.3036,7.3882,-0.0668,7.2523,0.1498,1.108,0.0003
p054,Gianluigi Donnarumma,PSG,GK,19,2024-12-16,7.06,72.36,80.53,0.1578,-15.83,0,-0.9669,7.2556,-0.032,7.2221,0.0001,0.854,0.0002
p054,Gianluigi Donnarumma,PSG,GK,20,2024-12-23,7.311,74.05,77.84,0.1853,-12.38,0,0.4423,7.2308,0.0329,7.236,0.0837,1.008,0.0002
p054,Gianluigi Donnarumma,PSG,GK,21,2024-12-30,7.379,73.71,77.65,-0.0001,-9.84,0,0.525,7.2996,0.0038,7.2582,0.0378,0.934,0.0003
p054,Gianluigi Donnarumma,PSG,GK,22,2025-01-06,7.301,73.54,78.81,0.038,-7.73,0,-0.0146,7.3032,-0.0009,7.2648,0.0952,1.126,0.0002
p054,Gianluigi Donnarumma,PSG,GK,23,2025-01-13,6.679,73.98,83.84,-0.0958,-5.08,0,-1.6234,7.146,-0.0772,7.1748,0.0318,0.867,0.999
p054,Gianluigi Donnarumma,PSG,GK,24,2025-01-20,6.887,74.48,80.0,0.7568,-10.53,0,-0.7236,7.1114,-0.1548,7.1307,0.1747,0.861,0.0021
p054,Gianluigi Donnarumma,PSG,GK,25,2025-01-27,7.505,74.66,74.05,0.3236,-14.13,0,1.0114,7.1502,-0.0162,7.1878,0.2556,0.921,0.0002
p054,Gianluigi Donnarumma,PSG,GK,26,2025-02-03,7.287,74.12,77.18,0.1159,-8.28,0,0.4592,7.1318,0.0798,7.2029,0.2751,0.877,0.0003
p055,Manuel Neuer,Bayern Munich,GK,1,2024-08-12,6.548,26.42,26.42,0.6437,-2.05,0,,,,,0.6437,1.0,0.0009
p055,Manuel Neuer,Bayern Munich,GK,2,2024-08-19,5.963,26.68,64.57,-0.3147,-16.78,0,-0.7071,6.2555,,6.2318,0.1645,0.939,0.0002
p055,Manuel Neuer,Bayern Munich,GK,3,2024-08-26,6.116,26.99,61.95,-0.1582,-15.0,0,-0.3065,6.209,,6.1868,0.0569,1.054,0.0003
p055,Manuel Neuer,Bayern Munich,GK,4,2024-09-02,6.531,26.52,59.99,0.7914,-13.28,0,0.8174,6.2895,,6.2948,0.2406,1.078,0.0003
p055,Manuel Neuer,Bayern Munich,GK,5,2024-09-09,6.536,28.01,61.82,0.0055,-13.55,0,0.7078,6.3388,0.0544,6.3598,0.081,0.91,0.0002
p055,Manuel Neuer,Bayern Munich,GK,6,2024-09-16,6.473,27.38,63.4,-0.0838,-6.82,0,0.5604,6.3238,0.144,6.3871,0.1387,0.943,0.0002
p055,Manuel Neuer,Bayern Munich,GK,7,2024-09-23,6.738,26.85,62.39,-0.0414,-3.85,0,1.1454,6.4788,0.1186,6.4646,0.1679,1.196,0.0002
p055,Manuel Neuer,Bayern Munich,GK,8,2024-09-30,6.876,27.98,63.17,0.079,-1.71,0,1.4432,6.6308,0.0892,6.5494,-0.0102,0.851,0.0004
p055,Manuel Neuer,Bayern Munich,GK,9,2024-10-07,7.154,25.52,63.19,0.2302,-5.55,0,1.4516,6.7554,0.1639,6.6674,0.046,1.016,0.0003
p055,Manuel Neuer,Bayern Munich,GK,10,2024-10-14,7.953,25.61,59.77,-0.4448,-6.76,0,1.6122,7.0388,0.3376,6.9075,-0.0443,0.904,0.0002
p055,Manuel Neuer,Bayern Munich,GK,11,2024-10-21,7.788,25.14,67.01,-0.3999,-19.6,0,0.8946,7.3018,0.3177,7.0661,-0.1339,0.828,0.0002
p055,Manuel Neuer,Bayern Munich,GK,12,2024-10-28,7.947,24.95,69.55,-0.3617,-29.37,0,0.8119,7.5436,0.2776,7.2202,-0.2441,0.936,0.0002
p055,Manuel Neuer,Bayern Munich,GK,13,2024-11-04,8.484,23.93,69.22,0.0402,-30.98,0,1.298,7.8652,0.2654,7.4358,-0.2916,1.236,0.0003
p055,Manuel Neuer,Bayern Munich,GK,14,2024-11-11,9.03,23.29,70.27,-0.0477,-32.84,0,1.5366,8.2404,0.285,7.7023,-0.1923,0.887,0.0002
p055,Manuel Neuer,Bayern Munich,GK,15,2024-11-18,9.246,22.13,75.01,-0.4895,-50.14,0,1.1629,8.499,0.3999,7.9561,-0.2147,0.9,0.0002
p055,Manuel Neuer,Bayern Munich,GK,16,2024-11-25,9.182,22.78,81.6,0.2502,-43.59,0,0.7311,8.7778,0.3232,8.1547,-0.0617,1.174,0.0003
p055,Manuel Neuer,Bayern Munich,GK,17,2024-12-02,9.413,22.56,84.63,0.0047,-28.99,0,0.9614,9.071,0.201,8.3562,-0.0706,1.026,0.0003
p055,Manuel Neuer,Bayern Munich,GK,18,2024-12-09,9.661,23.34,87.61,0.4034,-14.96,0,1.4704,9.3064,0.1429,8.563,0.0422,1.132,0.0002
p055,Manuel Neuer,Bayern Munich,GK,19,2024-12-16,9.989,25.14,90.11,0.0084,-17.89,0,1.4828,9.4982,0.1965,8.7871,0.1667,1.066,0.0003
p055,Manuel Neuer,Bayern Munich,GK,20,2024-12-23,9.619,24.62,97.88,0.129,7.67,0,0.1537,9.5728,0.145,8.9169,0.1364,1.091,0.0004
p055,Manuel Neuer,Bayern Munich,GK,21,2024-12-30,10.0,25.3,98.67,-0.0736,-10.48,0,1.0392,9.7364,0.1132,9.0849,0.1168,1.032,0.0003
p055,Manuel Neuer,Bayern Munich,GK,22,2025-01-06,10.0,24.23,102.79,-0.1463,-23.99,0,0.7467,9.8538,0.0689,9.2261,-0.0206,1.069,0.0003
p055,Manuel Neuer,Bayern Munich,GK,23,2025-01-13,9.985,23.92,106.38,0.4304,-16.38,0,0.3961,9.9186,0.0373,9.3427,0.0849,0.758,0.0003
p055,Manuel Neuer,Bayern Munich,GK,24,2025-01-20,10.0,23.81,109.13,0.3963,8.48,0,0.4691,9.9208,0.0747,9.4434,0.1517,0.761,0.0003
p055,Manuel Neuer,Bayern Munich,GK,25,2025-01-27,9.961,25.66,111.91,-0.1062,7.46,0,-1.654,9.9892,-0.0078,9.5224,0.1435,0.951,0.9978
p055,Manuel Neuer,Bayern Munich,GK,26,2025-02-03,10.0,25.05,113.56,0.1825,18.13,0,0.6334,9.9892,-0.0024,9.5951,0.2257,0.876,0.0016
p056,Joshua Kimmich,Bayern Munich,MF,1,2024-08-12,7.027,89.7,89.7,-0.3591,-0.6,0,,,,,-0.3591,1.0,0.0008
p056,Joshua Kimmich,Bayern Munich,MF,2,2024-08-19,6.608,89.67,73.8,0.2068,-8.48,0,-0.7071,6.8175,,6.8005,-0.0761,0.838,0.0004
p056,Joshua Kimmich,Bayern Munich,MF,3,2024-08-26,6.907,89.29,71.32,-0.1622,-14.24,0,0.2765,6.8473,,6.8419,-0.1048,1.122,0.0002
p056,Joshua Kimmich,Bayern Munich,MF,4,2024-09-02,6.833,88.37,72.15,-0.2469,-14.24,0,-0.061,6.8438,,6.8391,-0.1404,1.084,0.0002
p056,Joshua Kimmich,Bayern Munich,MF,5,2024-09-09,7.379,89.1,69.67,0.2001,6.02,0,1.5081,6.9508,0.0929,6.9847,-0.0006,1.266,0.0002
p056,Joshua Kimmich,Bayern Munich,MF,6,2024-09-16,7.389,88.77,72.39,-0.127,1.15,0,1.0533,7.0232,0.2034,7.0821,-0.084,0.785,0.0003
p056,Joshua Kimmich,Bayern Munich,MF,7,2024-09-23,7.564,87.71,73.34,0.3444,-8.12,0,1.0792,7.2144,0.187,7.1885,0.0426,0.939,0.0003
p056,Joshua Kimmich,Bayern Munich,MF,8,2024-09-30,7.711,88.33,74.67,-0.3821,-5.05,0,1.0095,7.3752,0.1941,7.2962,0.0088,1.143,0.0003
p056,Joshua Kimmich,Bayern Munich,MF,9,2024-10-07,7.693,89.34,77.15,0.263,-15.49,0,0.9144,7.5472,0.095,7.3737,0.0246,1.03,0.0002
p056,Joshua Kimmich,Bayern Munich,MF,10,2024-10-14,8.023,88.94,76.63,0.5937,-9.27,0,1.4904,7.676,0.1397,7.4949,0.2047,0.852,0.0002
p056,Joshua Kimmich,Bayern Munich,MF,11,2024-10-21,8.224,88.93,77.98,0.2292,-14.21,0,1.4022,7.843,0.1632,7.6263,0.176,0.839,0.0002
p056,Joshua Kimmich,Bayern Munich,MF,12,2024-10-28,7.808,88.88,84.04,0.3632,-16.4,0,-0.3685,7.8918,0.0725,7.6581,0.3623,1.034,0.0002
p056,Joshua Kimmich,Bayern Munich,MF,13,2024-11-04,8.554,88.29,79.31,-0.0935,-19.71,0,1.4392,8.0604,0.1507,7.8109,0.2732,1.134,0.0003
p056,Joshua Kimmich,Bayern Munich,MF,14,2024-11-11,8.127,88.01,86.11,0.3764,14.06,0,-0.0735,8.1472,0.0538,7.8638,0.2188,0.897,0.0002
p056,Joshua Kimmich,Bayern Munich,MF,15,2024-11-18,7.854,89.76,88.85,0.2247,-4.76,0,-0.8563,8.1134,-0.0421,7.8622,0.2177,1.206,0.0006
p056,Joshua Kimmich,Bayern Munich,MF,16,2024-11-25,8.045,89.78,87.94,0.1492,2.2,0,-0.1097,8.0776,-0.0226,7.8918,0.1642,1.101,0.0003
p056,Joshua Kimmich,Bayern Munich,MF,17,2024-12-02,8.171,90.3,87.69,0.4688,11.31,0,0.0811,8.1502,-0.0848,7.9365,0.3048,1.005,0.0009
p056,Joshua Kimmich,Bayern Munich,MF,18,2024-12-09,8.402,89.85,87.0,0.2838,2.94,0,1.4174,8.1198,0.0867,8.0103,0.2816,1.008,0.0002
p056,Joshua Kimmich,Bayern Munich,MF,19,2024-12-16,7.516,90.44,95.65,-0.1474,3.51,0,-1.4384,7.9976,-0.0319,7.9326,0.1886,0.736,0.0006
p056,Joshua Kimmich,Bayern Munich,MF,20,2024-12-23,7.439,90.76,94.35,-0.0024,2.82,0,-1.1326,7.9146,-0.1867,7.8556,0.1507,0.963,0.0015
p056,Joshua Kimmich,Bayern Munich,MF,21,2024-12-30,7.594,91.54,91.25,0.5441,3.61,0,-0.5319,7.8244,-0.2117,7.815,0.1695,0.88,0.0015
p056,Joshua Kimmich,Bayern Munich,MF,22,2025-01-06,7.375,90.87,91.97,-0.1757,16.73,0,-0.691,7.6652,-0.1976,7.7471,0.0547,0.913,0.0016
p056,Joshua Kimmich,Bayern Munich,MF,23,2025-01-13,7.381,90.87,90.26,-0.1757,10.49,0,-0.8553,7.461,-0.0334,7.6908,0.0476,1.156,0.0003
p056,Joshua Kimmich,Bayern Munich,MF,24,2025-01-20,7.844,91.53,85.24,0.3417,8.6,0,1.6014,7.5266,0.0597,7.7143,0.1336,0.962,0.0002
p056,Joshua Kimmich,Bayern Munich,MF,25,2025-01-27,7.415,91.33,89.19,-0.0129,14.55,0,-0.531,7.5218,0.0111,7.6686,-0.0056,1.065,0.0002
p056,Joshua Kimmich,Bayern Munich,MF,26,2025-02-03,7.736,90.45,85.53,0.6023,-3.06,0,0.8342,7.5502,0.0756,7.6789,0.1889,1.119,0.0002
p057,Leroy Sané,Bayern Munich,FW,1,2024-08-12,6.401,69.72,69.72,0.2988,-4.35,0,,,,,0.2988,1.0,0.0011
p057,Leroy Sané,Bayern Munich,FW,2,2024-08-19,7.153,70.27,66.71,-0.3248,-8.89,0,0.7071,6.777,,6.8075,-0.013,1.012,0.0003
p057,Leroy Sané,Bayern Munich,FW,3,2024-08-26,7.451,71.42,70.91,-0.0354,-12.15,0,0.8304,7.0017,,7.0576,-0.0205,1.084,0.0002
p057,Leroy Sané,Bayern Munich,FW,4,2024-09-02,7.389,72.1,74.71,0.2114,-9.96,0,0.6022,7.0985,,7.1616,0.0375,0.766,0.0002
p057,Leroy Sané,Bayern Munich,FW,5,2024-09-09,7.391,72.83,76.49,-0.0929,-11.42,0,0.5345,7.157,0.2216,7.2235,-0.0604,1.071,0.0002
p057,Leroy Sané,Bayern Munich,FW,6,2024-09-16,7.559,74.14,76.78,-0.0566,-11.93,0,1.146,7.3886,0.0752,7.3043,0.0066,0.857,0.0002
p057,Leroy Sané,Bayern Munich,FW,7,2024-09-23,7.622,75.76,77.47,0.0193,-3.57,0,1.3399,7.4824,0.0512,7.3744,0.0203,1.382,0.0002
p057,Leroy Sané,Bayern Munich,FW,8,2024-09-30,8.189,76.74,75.97,-0.1773,-4.83,0,1.6994,7.63,0.1831,7.5424,-0.0769,0.935,0.0002
p057,Leroy Sané,Bayern Munich,FW,9,2024-10-07,8.346,76.96,78.03,-0.2211,-3.51,0,1.2503,7.8214,0.254,7.6993,-0.1089,0.771,0.0003
p057,Leroy Sané,Bayern Munich,FW,10,2024-10-14,8.467,76.16,81.3,-0.0202,-14.66,0,1.0258,8.0366,0.254,7.8426,-0.0998,0.855,0.0002
p057,Leroy Sané,Bayern Munich,FW,11,2024-10-21,7.976,74.96,88.06,0.0875,-2.9,0,-0.4317,8.12,0.0986,7.8667,-0.0828,1.025,0.0002
p057,Leroy Sané,Bayern Munich,FW,12,2024-10-28,7.454,74.42,91.8,-0.0629,-8.68,0,-1.5873,8.0864,-0.184,7.7945,-0.0542,1.074,0.999
p057,Leroy Sané,Bayern Munich,FW,13,2024-11-04,7.85,75.43,87.78,0.2333,-1.98,0,-0.4159,8.0186,-0.2005,7.804,0.0594,1.038,0.001
p057,Leroy Sané,Bayern Munich,FW,14,2024-11-11,8.208,74.58,85.34,0.2568,7.17,0,0.5688,7.991,-0.0644,7.8715,0.1287,1.149,0.0004
p057,Leroy Sané,Bayern Munich,FW,15,2024-11-18,7.987,74.09,88.62,0.3898,-8.13,0,0.3307,7.895,0.0776,7.8905,0.2042,1.208,0.0002
p057,Leroy Sané,Bayern Munich,FW,16,2024-11-25,7.609,73.31,91.94,-0.2117,-2.79,0,-0.7108,7.8216,0.0447,7.8449,0.167,0.919,0.0005
p057,Leroy Sané,Bayern Munich,FW,17,2024-12-02,8.134,73.69,86.82,0.0666,-4.0,0,0.7392,7.9576,-0.0031,7.8912,0.1254,0.725,0.0003
p057,Leroy Sané,Bayern Munich,FW,18,2024-12-09,7.8,73.93,90.52,-0.007,-4.0,0,-0.6019,7.9476,-0.0669,7.8767,0.0594,0.865,0.0005
p057,Leroy Sané,Bayern Munich,FW,19,2024-12-16,7.371,73.9,93.48,-0.6662,11.27,0,-1.3545,7.7802,-0.1041,7.7972,-0.2046,1.37,0.0045
p057,Leroy Sané,Bayern Munich,FW,20,2024-12-23,7.01,73.24,94.35,0.5416,14.25,0,-1.3505,7.5848,-0.1961,7.6744,-0.0163,0.837,0.0022
p057,Leroy Sané,Bayern Munich,FW,21,2024-12-30,7.134,74.17,90.37,0.1607,6.79,0,-0.7577,7.4898,-0.279,7.5906,0.0073,1.103,0.0009
p057,Leroy Sané,Bayern Munich,FW,22,2025-01-06,7.914,74.18,82.22,0.11,0.19,0,1.1729,7.4458,-0.0009,7.6405,0.0365,1.121,0.0003
p057,Leroy Sané,Bayern Munich,FW,23,2025-01-13,7.727,74.9,84.91,0.6525,-10.22,0,0.7702,7.4312,0.1616,7.6538,0.3662,1.008,0.0003
p057,Leroy Sané,Bayern Munich,FW,24,2025-01-20,8.155,74.96,81.88,-0.2182,17.2,0,1.1413,7.588,0.2883,7.7305,0.1762,1.107,0.0002
p057,Leroy Sané,Bayern Munich,FW,25,2025-01-27,8.172,74.49,83.63,0.3681,3.91,0,0.8263,7.8204,0.2317,7.7979,0.2281,0.871,0.0002
p057,Leroy Sané,Bayern Munich,FW,26,2025-02-03,7.505,74.39,90.55,0.3118,-3.56,0,-1.3668,7.8946,-0.0373,7.7533,0.2785,0.898,0.0008
p058,Serge Gnabry,Bayern Munich,FW,1,2024-08-12,6.575,49.07,49.07,0.5084,-3.98,0,,,,,0.5084,1.0,0.001
p058,Serge Gnabry,Bayern Munich,FW,2,2024-08-19,6.466,48.15,67.25,0.0685,-9.18,0,-0.7071,6.5205,,6.5161,0.2884,1.023,0.0006
p058,Serge Gnabry,Bayern Munich,FW,3,2024-08-26,6.895,48.33,66.26,0.3426,-6.8,0,1.1197,6.6453,,6.6634,0.3065,0.777,0.0002
p058,Serge Gnabry,Bayern Munich,FW,4,2024-09-02,7.064,47.51,67.85,-0.0812,-6.09,0,1.1318,6.75,,6.7891,0.2096,1.047,0.0002
p058,Serge Gnabry,Bayern Munich,FW,5,2024-09-09,6.735,46.42,71.47,-0.2276,-12.08,0,-0.0499,6.747,0.0918,6.7745,0.0256,1.04,0.0002
p058,Serge Gnabry,Bayern Munich,FW,6,2024-09-16,6.298,47.32,73.51,-0.0862,-2.67,0,-1.2642,6.6916,-0.0496,6.6598,-0.0131,1.127,0.0006
p058,Serge Gnabry,Bayern Munich,FW,7,2024-09-23,6.826,48.51,68.08,0.0146,-6.97,0,0.2176,6.7636,-0.0904,6.6965,-0.0951,0.796,0.0015
p058,Serge Gnabry,Bayern Munich,FW,8,2024-09-30,6.582,48.16,70.39,0.2278,-11.02,0,-0.4174,6.701,-0.0873,6.6729,-0.0179,1.172,0.0014
p058,Serge Gnabry,Bayern Munich,FW,9,2024-10-07,6.996,50.82,67.13,-0.5335,-6.21,0,1.1675,6.6874,0.0806,6.7359,-0.0943,1.025,0.0003
p058,Serge Gnabry,Bayern Munich,FW,10,2024-10-14,6.936,51.2,68.96,-0.226,-6.99,0,0.7246,6.7276,0.1446,6.7733,-0.1293,1.065,0.0003
p058,Serge Gnabry,Bayern Munich,FW,11,2024-10-21,6.69,51.32,71.56,0.5261,-10.78,0,-0.6782,6.806,0.0082,6.7583,-0.0014,1.019,0.0003
p058,Serge Gnabry,Bayern Munich,FW,12,2024-10-28,6.427,49.97,73.11,-0.111,-12.41,0,-1.252,6.7262,-0.0616,6.7004,-0.0861,0.727,0.0004
p058,Serge Gnabry,Bayern Munich,FW,13,2024-11-04,6.411,50.05,71.86,0.6846,-5.67,0,-1.0241,6.692,-0.1679,6.651,0.2184,0.854,0.0007
p058,Serge Gnabry,Bayern Munich,FW,14,2024-11-11,5.694,49.58,76.03,-0.4936,-3.62,0,-1.5855,6.4316,-0.2763,6.491,0.1515,1.044,0.999
p058,Serge Gnabry,Bayern Munich,FW,15,2024-11-18,5.445,48.74,74.08,-0.2336,-9.33,0,-1.2895,6.1334,-0.3223,6.3191,-0.0384,0.889,0.0013
p058,Serge Gnabry,Bayern Munich,FW,16,2024-11-25,6.158,49.2,64.53,-0.2745,-7.17,0,0.2978,6.027,-0.1504,6.293,-0.0793,0.905,0.0009
p058,Serge Gnabry,Bayern Munich,FW,17,2024-12-02,6.995,50.82,57.5,0.0863,4.15,0,1.4014,6.1406,0.1632,6.4054,-0.2288,1.384,0.0002
p058,Serge Gnabry,Bayern Munich,FW,18,2024-12-09,6.779,51.23,61.89,-0.1778,9.38,0,0.8433,6.2142,0.372,6.4646,-0.1499,1.203,0.0003
p058,Serge Gnabry,Bayern Munich,FW,19,2024-12-16,7.006,52.39,61.57,0.4145,9.71,0,0.7878,6.4766,0.3743,6.5497,0.0121,1.14,0.0003
p058,Serge Gnabry,Bayern Munich,FW,20,2024-12-23,7.168,54.02,62.39,0.6989,-10.01,0,0.8765,6.8212,0.2031,6.6462,0.2555,0.982,0.0002
p058,Serge Gnabry,Bayern Munich,FW,21,2024-12-30,6.762,53.12,67.92,0.6414,-10.15,0,-1.0527,6.942,-0.0077,6.6641,0.3942,0.887,0.0004
p058,Serge Gnabry,Bayern Munich,FW,22,2025-01-06,7.01,53.54,66.42,0.3236,-6.53,0,0.3773,6.945,0.0218,6.7175,0.5196,0.758,0.0002
p058,Serge Gnabry,Bayern Munich,FW,23,2025-01-13,6.877,54.78,68.78,-0.1316,-11.32,0,-0.5718,6.9646,-0.0416,6.742,0.3831,0.912,0.0005
p058,Serge Gnabry,Bayern Munich,FW,24,2025-01-20,6.919,55.98,69.05,-0.2802,-10.99,0,-0.1852,6.9472,-0.0383,6.7691,0.1383,1.033,0.0003
p058,Serge Gnabry,Bayern Munich,FW,25,2025-01-27,7.233,57.1,67.25,0.2684,-13.54,0,1.5444,6.9602,0.0851,6.8399,0.0451,1.144,0.0002
p058,Serge Gnabry,Bayern Munich,FW,26,2025-02-03,7.132,56.73,69.79,0.1009,-9.25,0,0.6607,7.0342,0.06,6.8844,-0.0106,1.052,0.0003
p059,Jonathan Tah,Bayern Munich,DF,1,2024-08-12,6.569,35.14,35.14,-0.1789,-1.66,0,,,,,-0.1789,1.0,0.0009
p059,Jonathan Tah,Bayern Munich,DF,2,2024-08-19,6.731,35.93,68.08,0.1753,-8.84,0,0.7071,6.65,,6.6566,-0.0018,0.891,0.0003
p059,Jonathan Tah,Bayern Munich,DF,3,2024-08-26,6.789,36.41,68.87,0.08,-13.3,0,0.8127,6.6963,,6.708,0.0255,0.833,0.0003
p059,Jonathan Tah,Bayern Munich,DF,4,2024-09-02,6.813,35.43,69.53,-0.0336,-13.21,0,0.7964,6.7255,,6.741,0.0107,0.919,0.0005
p059,Jonathan Tah,Bayern Munich,DF,5,2024-09-09,6.533,34.95,71.35,0.022,-7.64,0,-1.2002,6.687,0.001,6.6849,0.0609,0.819,0.0002
p059,Jonathan Tah,Bayern Munich,DF,6,2024-09-16,5.873,36.24,73.77,0.1429,-8.68,0,-1.7173,6.5478,-0.1972,6.4894,0.0528,1.016,0.999
p059,Jonathan Tah,Bayern Munich,DF,7,2024-09-23,6.015,34.44,68.97,0.204,-13.92,0,-0.8906,6.4046,-0.2488,6.3846,0.0838,0.965,0.0014
p059,Jonathan Tah,Bayern Munich,DF,8,2024-09-30,5.75,34.99,67.84,0.0067,-19.32,0,-0.9807,6.1968,-0.2644,6.2538,0.0939,1.224,0.0015
p059,Jonathan Tah,Bayern Munich,DF,9,2024-10-07,5.708,36.09,65.82,0.6479,-19.11,0,-0.8026,5.9758,-0.1773,6.1472,0.2504,0.839,0.0017
p059,Jonathan Tah,Bayern Munich,DF,10,2024-10-14,5.353,36.35,65.87,-0.7367,-12.48,0,-1.5654,5.7398,-0.1347,5.9989,0.0305,0.903,0.0032
p059,Jonathan Tah,Bayern Munich,DF,11,2024-10-21,4.801,36.73,66.37,0.1344,-15.48,0,-1.5462,5.5254,-0.2825,5.7831,0.0131,1.317,0.0033
p059,Jonathan Tah,Bayern Munich,DF,12,2024-10-28,5.179,37.8,58.63,-0.2435,-4.26,0,-0.4557,5.3582,-0.2049,5.6775,-0.0495,1.091,0.0026
p059,Jonathan Tah,Bayern Munich,DF,13,2024-11-04,5.809,36.17,51.52,0.2036,5.04,0,1.0747,5.37,0.0028,5.6999,-0.1606,1.011,0.0005
p059,Jonathan Tah,Bayern Munich,DF,14,2024-11-11,5.488,34.73,54.45,-0.0102,6.86,0,0.4339,5.326,0.1278,5.6645,0.0211,0.878,0.0009
p059,Jonathan Tah,Bayern Munich,DF,15,2024-11-18,5.337,34.16,54.74,-0.1531,-5.85,0,0.0381,5.3228,0.1381,5.6107,-0.0508,1.028,0.0007
p059,Jonathan Tah,Bayern Munich,DF,16,2024-11-25,5.039,34.57,55.7,0.232,-8.25,0,-1.1143,5.3704,-0.0752,5.518,0.0681,0.814,0.0047
p059,Jonathan Tah,Bayern Munich,DF,17,2024-12-02,4.826,35.02,55.1,0.1389,-12.14,0,-1.2351,5.2998,-0.2415,5.4072,0.0519,1.267,0.0043
p059,Jonathan Tah,Bayern Munich,DF,18,2024-12-09,5.259,34.5,48.5,-0.0047,-1.43,0,0.2661,5.1898,-0.0969,5.3837,0.0533,0.785,0.0019
p059,Jonathan Tah,Bayern Munich,DF,19,2024-12-16,4.771,32.32,51.7,-0.4206,3.11,0,-1.0926,5.0464,-0.0912,5.2874,-0.0136,1.06,0.0024
p059,Jonathan Tah,Bayern Munich,DF,20,2024-12-23,5.049,33.67,47.77,0.1855,6.19,0,0.3077,4.9888,-0.0035,5.2502,-0.0252,1.143,0.0012
p059,Jonathan Tah,Bayern Munich,DF,21,2024-12-30,5.628,35.51,42.34,-0.0803,5.73,0,1.4901,5.1066,0.1394,5.3088,-0.08,1.013,0.0004
p059,Jonathan Tah,Bayern Munich,DF,22,2025-01-06,5.965,36.41,41.14,0.6063,-6.45,0,1.3381,5.3344,0.2269,5.4101,0.0727,1.127,0.0003
p059,Jonathan Tah,Bayern Munich,DF,23,2025-01-13,6.189,36.31,41.88,0.4224,0.04,0,1.1143,5.5204,0.3752,5.5298,0.2835,1.05,0.0003
p059,Jonathan Tah,Bayern Munich,DF,24,2025-01-20,6.127,36.38,45.31,0.0337,0.76,0,0.7156,5.7916,0.2717,5.6212,0.2455,0.687,0.0003
p059,Jonathan Tah,Bayern Munich,DF,25,2025-01-27,6.09,36.15,47.85,0.0557,-15.55,0,0.4038,5.9998,0.1086,5.6928,0.2795,0.871,0.0003
p059,Jonathan Tah,Bayern Munich,DF,26,2025-02-03,6.533,35.2,46.13,-0.5197,-4.3,0,1.652,6.1808,0.1037,5.8207,-0.002,0.987,0.0003
p060,Xavi Simons,PSG,MF,1,2024-08-12,6.343,72.04,72.04,0.4161,-3.72,0,,,,,0.4161,1.0,0.0011
p060,Xavi Simons,PSG,MF,2,2024-08-19,6.163,73.38,63.09,0.3833,-10.37,0,-0.7071,6.253,,6.2457,0.3997,0.889,0.0003
p060,Xavi Simons,PSG,MF,3,2024-08-26,6.398,75.35,61.92,0.2461,-8.96,0,0.7864,6.3013,,6.3049,0.3485,1.18,0.0003
p060,Xavi Simons,PSG,MF,4,2024-09-02,6.753,76.2,61.65,0.6361,7.81,0,1.3707,6.4142,,6.4455,0.4204,0.908,0.0003
p060,Xavi Simons,PSG,MF,5,2024-09-09,7.227,76.2,61.96,0.2352,7.66,0,1.5415,6.5768,0.2358,6.6562,0.3752,1.097,0.0002
p060,Xavi Simons,PSG,MF,6,2024-09-16,8.013,76.13,61.81,0.2115,-6.41,0,1.4992,6.9108,0.4529,6.983,0.3322,0.933,0.0002
p060,Xavi Simons,PSG,MF,7,2024-09-23,8.189,76.64,67.41,0.4555,-2.92,0,1.1234,7.316,0.4842,7.2492,0.3846,0.993,0.0003
p060,Xavi Simons,PSG,MF,8,2024-09-30,7.99,78.43,73.74,0.6554,-13.81,0,0.5768,7.6344,0.3436,7.402,0.3894,1.006,0.0002
p060,Xavi Simons,PSG,MF,9,2024-10-07,7.953,77.88,77.92,0.1452,-20.43,0,0.2107,7.8744,0.1429,7.5095,0.3669,0.857,0.0002
p060,Xavi Simons,PSG,MF,10,2024-10-14,7.67,78.26,82.28,0.4589,-26.44,0,-1.5647,7.963,-0.0922,7.5395,0.4288,0.916,0.0013
p060,Xavi Simons,PSG,MF,11,2024-10-21,7.742,79.14,82.46,0.4847,-24.04,0,-0.8046,7.9088,-0.1214,7.576,0.4361,1.272,0.001
p060,Xavi Simons,PSG,MF,12,2024-10-28,7.48,78.87,85.19,0.6339,-24.73,0,-1.3654,7.767,-0.1231,7.5592,0.4307,1.271,0.0015
p060,Xavi Simons,PSG,MF,13,2024-11-04,7.963,80.31,81.25,0.1548,-12.8,0,0.9908,7.7616,-0.017,7.6281,0.4331,0.869,0.0002
p060,Xavi Simons,PSG,MF,14,2024-11-11,8.082,82.14,82.0,0.1757,-3.21,0,1.234,7.7874,0.1045,7.704,0.3623,0.988,0.0002
p060,Xavi Simons,PSG,MF,15,2024-11-18,8.67,82.83,79.39,0.1046,-14.75,0,1.5329,7.9874,0.2458,7.8628,0.2672,0.97,0.0002
p060,Xavi Simons,PSG,MF,16,2024-11-25,9.016,82.24,80.58,0.4658,-18.57,0,1.278,8.2422,0.3779,8.0496,0.2252,0.823,0.0002
p060,Xavi Simons,PSG,MF,17,2024-12-02,9.299,83.1,82.93,0.1303,-42.22,0,1.1971,8.606,0.3606,8.2497,0.2191,1.096,0.0003
p060,Xavi Simons,PSG,MF,18,2024-12-09,8.884,84.03,90.98,0.626,-16.63,0,0.2053,8.7902,0.2233,8.3502,0.3317,1.022,0.0003
p060,Xavi Simons,PSG,MF,19,2024-12-16,9.126,85.04,91.55,0.2305,-17.78,0,0.5321,8.999,0.078,8.4721,0.3631,1.002,0.0003
p060,Xavi Simons,PSG,MF,20,2024-12-23,9.913,85.49,88.42,0.3454,-15.31,0,1.6557,9.2476,0.1621,8.697,0.333,1.157,0.0003
p060,Xavi Simons,PSG,MF,21,2024-12-30,9.783,87.8,94.94,0.3979,-21.22,0,0.8756,9.401,0.1997,8.8654,0.4,0.814,0.0003
p060,Xavi Simons,PSG,MF,22,2025-01-06,10.0,89.39,96.79,0.6271,-0.72,0,0.9124,9.5412,0.2889,9.0405,0.4002,1.019,0.0003
p060,Xavi Simons,PSG,MF,23,2025-01-13,9.49,91.04,105.67,0.75,13.44,0,-0.4834,9.6624,0.0815,9.1096,0.5301,0.935,0.0003
p060,Xavi Simons,PSG,MF,24,2025-01-20,9.122,91.38,110.26,0.4298,4.49,0,-1.5067,9.6616,-0.1875,9.1115,0.5512,1.101,0.0018
p060,Xavi Simons,PSG,MF,25,2025-01-27,9.143,93.47,110.14,0.5165,38.16,0,-0.9412,9.5076,-0.2158,9.1163,0.5808,0.814,0.0016
p060,Xavi Simons,PSG,MF,26,2025-02-03,8.969,95.21,111.63,0.1458,32.6,0,-0.9101,9.3448,-0.2409,9.0939,0.4605,1.043,0.0016
p061,Bernardo Silva,Man City,MF,1,2024-08-12,7.971,100.53,100.53,-0.11,-6.01,0,,,,,-0.11,1.0,0.0006
p061,Bernardo Silva,Man City,MF,2,2024-08-19,8.176,101.32,91.87,-0.1206,6.17,0,0.7071,8.0735,,8.0818,-0.1153,1.074,0.0003
p061,Bernardo Silva,Man City,MF,3,2024-08-26,8.523,100.06,92.6,-0.3428,6.47,0,1.074,8.2233,,8.2533,-0.1911,1.156,0.0002
p061,Bernardo Silva,Man City,MF,4,2024-09-02,8.51,100.55,95.11,-0.0903,8.0,0,0.7988,8.295,,8.3339,-0.1659,1.153,0.0002
p061,Bernardo Silva,Man City,MF,5,2024-09-09,8.27,101.71,97.56,0.0499,27.48,0,-0.0857,8.29,0.0932,8.3166,-0.126,0.887,0.0002
p061,Bernardo Silva,Man City,MF,6,2024-09-16,8.823,101.79,94.31,0.4639,14.17,0,1.4361,8.4604,0.1041,8.4386,0.0202,0.922,0.0002
p061,Bernardo Silva,Man City,MF,7,2024-09-23,8.748,102.13,97.23,0.3111,-6.18,0,0.7918,8.5748,0.0763,8.5069,0.1836,0.911,0.0002
p061,Bernardo Silva,Man City,MF,8,2024-09-30,8.35,102.15,101.19,0.0182,14.25,0,-0.7876,8.5402,0.0158,8.4745,0.2108,0.871,0.0003
p061,Bernardo Silva,Man City,MF,9,2024-10-07,8.042,101.83,102.52,-0.1646,15.64,0,-1.2245,8.4466,-0.0929,8.3901,0.1571,1.042,0.0017
p061,Bernardo Silva,Man City,MF,10,2024-10-14,9.082,100.82,93.47,0.2478,-1.12,0,1.1494,8.609,-0.0188,8.5193,0.1031,0.863,0.0004
p061,Bernardo Silva,Man City,MF,11,2024-10-21,10.0,102.06,89.95,-0.0701,-0.86,0,1.5275,8.8444,0.3236,8.7861,0.0078,1.045,0.0003
p061,Bernardo Silva,Man City,MF,12,2024-10-28,9.739,102.0,98.03,-0.1604,-18.53,0,0.8201,9.0426,0.4736,8.9527,-0.0368,0.974,0.0003
p061,Bernardo Silva,Man City,MF,13,2024-11-04,10.0,103.34,100.02,0.2505,-0.86,0,0.7531,9.3726,0.4573,9.1314,0.067,1.035,0.0004
p061,Bernardo Silva,Man City,MF,14,2024-11-11,9.821,102.91,105.6,-0.1275,-14.77,0,0.2444,9.7284,0.1478,9.2467,-0.0269,1.191,0.0003
p061,Bernardo Silva,Man City,MF,15,2024-11-18,9.984,104.13,107.12,0.3586,-10.13,0,0.6201,9.9088,0.005,9.3679,0.0803,1.059,0.0005
p061,Bernardo Silva,Man City,MF,16,2024-11-25,10.0,104.07,109.91,-0.3309,-7.23,0,0.752,9.9088,0.0506,9.4703,0.0377,1.027,0.0004
p061,Bernardo Silva,Man City,MF,17,2024-12-02,9.61,104.07,115.37,-0.1301,19.0,0,-1.6034,9.883,-0.0601,9.4927,-0.0575,1.065,0.9956
p061,Bernardo Silva,Man City,MF,18,2024-12-09,9.587,104.24,116.09,-0.1443,32.93,0,-1.0814,9.8004,-0.0842,9.5076,-0.0617,0.878,0.0021
p061,Bernardo Silva,Man City,MF,19,2024-12-16,9.946,105.06,113.68,0.3306,21.01,0,0.5792,9.8254,-0.0489,9.5765,-0.0687,1.125,0.0007
p061,Bernardo Silva,Man City,MF,20,2024-12-23,9.129,105.58,121.71,0.1021,22.05,0,-1.5057,9.6544,-0.1406,9.5067,0.0396,1.115,0.0026
p061,Bernardo Silva,Man City,MF,21,2024-12-30,9.075,106.5,120.42,0.3225,54.65,0,-1.0813,9.4694,-0.1528,9.4397,0.1527,1.101,0.0017
p061,Bernardo Silva,Man City,MF,22,2025-01-06,8.473,107.98,123.48,-0.196,35.64,0,-1.3775,9.242,-0.3099,9.2905,0.1398,0.761,0.0007
p061,Bernardo Silva,Man City,MF,23,2025-01-13,8.64,108.25,118.51,0.312,37.21,0,-0.7208,9.0526,-0.3268,9.1906,0.1352,0.877,0.0007
p061,Bernardo Silva,Man City,MF,24,2025-01-20,9.432,109.02,109.83,0.2825,40.83,0,1.2413,8.9498,0.0171,9.2275,0.1803,1.003,0.0003
p061,Bernardo Silva,Man City,MF,25,2025-01-27,10.0,109.16,106.27,-0.1255,19.41,0,1.4198,9.124,0.2809,9.3454,0.0682,0.925,0.0004
p061,Bernardo Silva,Man City,MF,26,2025-02-03,9.585,108.81,111.87,-0.1046,47.36,0,0.5538,9.226,0.3584,9.3819,0.0911,1.011,0.0004
p062,N'Golo Kanté,Al Ittihad,MF,1,2024-08-12,6.874,30.57,30.57,0.0448,-2.26,0,,,,,0.0448,1.0,0.0008
p062,N'Golo Kanté,Al Ittihad,MF,2,2024-08-19,6.863,28.57,72.63,-0.5074,-7.18,0,-0.7071,6.8685,,6.8681,-0.2313,0.923,0.0008
p062,N'Golo Kanté,Al Ittihad,MF,3,2024-08-26,6.886,27.76,72.55,-0.177,-12.74,0,1.0142,6.8743,,6.875,-0.2132,1.061,0.0005
p062,N'Golo Kanté,Al Ittihad,MF,4,2024-09-02,6.784,28.74,72.97,-0.1729,-21.02,0,-1.4686,6.8518,,6.8465,-0.2031,1.094,0.0006
p062,N'Golo Kanté,Al Ittihad,MF,5,2024-09-09,6.463,29.16,73.91,0.4195,-20.84,0,-1.7434,6.774,-0.0901,6.7431,-0.1094,0.842,0.9986
p062,N'Golo Kanté,Al Ittihad,MF,6,2024-09-16,6.879,28.93,69.74,-0.1769,-7.23,0,0.5807,6.775,-0.0391,6.7758,-0.0268,0.998,0.0005
p062,N'Golo Kanté,Al Ittihad,MF,7,2024-09-23,6.928,29.17,70.11,0.2142,-14.18,0,0.7401,6.788,0.0179,6.8094,0.071,0.807,0.0002
p062,N'Golo Kanté,Al Ittihad,MF,8,2024-09-30,7.067,28.03,69.95,-0.4092,-11.06,0,1.073,6.8242,0.1031,6.8625,0.0119,1.145,0.0002
p062,N'Golo Kanté,Al Ittihad,MF,9,2024-10-07,6.957,27.05,71.85,0.2562,-15.35,0,0.4237,6.8588,0.1176,6.881,-0.0289,0.937,0.0002
p062,N'Golo Kanté,Al Ittihad,MF,10,2024-10-14,7.824,26.17,66.3,-0.3407,-2.57,0,1.7612,7.131,0.1919,7.0571,-0.0699,0.928,0.0002
p062,N'Golo Kanté,Al Ittihad,MF,11,2024-10-21,7.892,25.61,69.85,0.4076,-21.09,0,1.1582,7.3336,0.2685,7.2075,-0.0215,1.234,0.0002
p062,N'Golo Kanté,Al Ittihad,MF,12,2024-10-28,8.346,25.22,69.49,0.0458,-18.4,0,1.2372,7.6172,0.3493,7.4066,0.0922,1.008,0.0003
p062,N'Golo Kanté,Al Ittihad,MF,13,2024-11-04,8.296,25.33,75.11,0.3204,-28.98,0,0.7764,7.863,0.32,7.5584,0.1083,0.94,0.0002
p062,N'Golo Kanté,Al Ittihad,MF,14,2024-11-11,8.534,27.67,76.94,0.029,-22.65,0,1.1598,8.1784,0.1824,7.7215,0.2007,0.797,0.0003
p062,N'Golo Kanté,Al Ittihad,MF,15,2024-11-18,8.505,28.67,81.06,-0.0936,-31.64,0,0.7407,8.3146,0.1414,7.8502,0.0754,0.918,0.0003
p062,N'Golo Kanté,Al Ittihad,MF,16,2024-11-25,8.857,27.28,81.48,-0.3559,-41.15,0,1.5879,8.5076,0.1231,8.0134,-0.025,1.22,0.0002
p062,N'Golo Kanté,Al Ittihad,MF,17,2024-12-02,8.737,28.55,86.34,-0.44,-33.05,0,0.6945,8.5858,0.1205,8.1292,-0.2151,1.166,0.0002
p062,N'Golo Kanté,Al Ittihad,MF,18,2024-12-09,8.404,27.89,91.14,-0.1003,-19.68,0,-1.1017,8.6074,-0.0028,8.1728,-0.2474,0.955,0.0003
p062,N'Golo Kanté,Al Ittihad,MF,19,2024-12-16,8.515,28.42,91.92,0.0889,-25.9,0,-0.4746,8.6036,-0.0433,8.2266,-0.2018,1.116,0.0005
p062,N'Golo Kanté,Al Ittihad,MF,20,2024-12-23,8.893,28.69,90.29,-0.2525,-10.95,0,0.9893,8.6812,-0.015,8.3306,-0.176,0.776,0.0004
p062,N'Golo Kanté,Al Ittihad,MF,21,2024-12-30,8.866,30.92,93.05,0.6667,-18.48,0,0.8473,8.683,0.0747,8.4136,0.1007,0.868,0.0003
p062,N'Golo Kanté,Al Ittihad,MF,22,2025-01-06,8.714,32.9,96.28,0.484,-1.34,0,0.1658,8.6784,0.0971,8.46,0.2468,1.246,0.0002
p062,N'Golo Kanté,Al Ittihad,MF,23,2025-01-13,8.302,33.86,100.64,0.0426,-4.12,0,-1.4274,8.658,-0.0605,8.4357,0.2352,0.914,0.0007
p062,N'Golo Kanté,Al Ittihad,MF,24,2025-01-20,8.718,35.47,96.78,0.5285,-4.22,0,0.082,8.6986,-0.0914,8.4789,0.4304,0.933,0.0013
p062,N'Golo Kanté,Al Ittihad,MF,25,2025-01-27,8.451,35.72,99.95,0.0508,-3.01,0,-0.6979,8.6102,-0.0826,8.4747,0.2765,1.141,0.001
p062,N'Golo Kanté,Al Ittihad,MF,26,2025-02-03,8.328,35.77,100.81,-0.2476,5.67,0,-0.861,8.5026,-0.0623,8.4523,0.0936,0.913,0.0005
p063,Aurélien Tchouaméni,Real Madrid,MF,1,2024-08-12,7.271,80.84,80.84,0.3922,-0.61,0,,,,,0.3922,1.0,0.001
p063,Aurélien Tchouaméni,Real Madrid,MF,2,2024-08-19,7.587,82.24,80.45,-0.0364,-2.79,0,0.7071,7.429,,7.4418,0.1779,1.039,0.0002
p063,Aurélien Tchouaméni,Real Madrid,MF,3,2024-08-26,7.841,81.54,81.85,0.5679,-4.57,0,0.9618,7.5663,,7.597,0.3079,0.866,0.0003
p063,Aurélien Tchouaméni,Real Madrid,MF,4,2024-09-02,8.013,81.97,83.54,-0.0412,3.5,0,1.0376,7.678,,7.7275,0.2206,0.733,0.0002
p063,Aurélien Tchouaméni,Real Madrid,MF,5,2024-09-09,7.756,83.14,86.93,0.2974,13.05,0,0.2215,7.6936,0.1396,7.7352,0.1969,1.205,0.0003
p063,Aurélien Tchouaméni,Real Madrid,MF,6,2024-09-16,7.469,82.6,88.6,0.0951,-0.75,0,-1.2399,7.7332,-0.0321,7.6711,0.2298,1.076,0.0005
p063,Aurélien Tchouaméni,Real Madrid,MF,7,2024-09-23,7.251,82.03,88.57,-0.2609,-7.68,0,-1.3642,7.666,-0.1724,7.5784,0.0226,1.043,0.0023
p063,Aurélien Tchouaméni,Real Madrid,MF,8,2024-09-30,6.95,82.05,87.92,-0.0545,-3.16,0,-1.2917,7.4878,-0.2631,7.4488,0.0193,0.853,0.0011
p063,Aurélien Tchouaméni,Real Madrid,MF,9,2024-10-07,6.725,82.27,87.15,-0.495,1.1,0,-1.2366,7.2302,-0.2581,7.3075,-0.1788,0.777,0.0027
p063,Aurélien Tchouaméni,Real Madrid,MF,10,2024-10-14,7.127,82.28,81.21,-0.0947,-6.11,0,0.0796,7.1044,-0.121,7.2738,-0.2263,0.875,0.0012
p063,Aurélien Tchouaméni,Real Madrid,MF,11,2024-10-21,7.156,82.49,80.24,0.2032,-4.63,0,0.5494,7.0418,-0.0013,7.2526,-0.1103,1.106,0.0002
p063,Aurélien Tchouaméni,Real Madrid,MF,12,2024-10-28,7.364,84.16,78.24,0.5494,-6.21,0,1.2485,7.0644,0.1259,7.2721,0.0407,1.058,0.0002
p063,Aurélien Tchouaméni,Real Madrid,MF,13,2024-11-04,7.211,84.47,79.83,0.0789,-3.8,0,0.3979,7.1166,0.1209,7.2616,0.1842,1.085,0.0002
p063,Aurélien Tchouaméni,Real Madrid,MF,14,2024-11-11,6.681,86.11,83.52,0.8431,-7.41,0,-1.6704,7.1078,-0.0837,7.1646,0.4186,1.204,0.9987
p063,Aurélien Tchouaméni,Real Madrid,MF,15,2024-11-18,6.889,88.56,79.64,0.4405,-10.26,0,-0.628,7.0602,-0.1217,7.1193,0.478,1.084,0.0015
p063,Aurélien Tchouaméni,Real Madrid,MF,16,2024-11-25,7.234,87.76,75.93,-0.1492,-4.63,0,0.5618,7.0758,-0.0582,7.1379,0.3033,1.047,0.0003
p063,Aurélien Tchouaméni,Real Madrid,MF,17,2024-12-02,7.073,89.14,77.61,0.1008,-5.09,0,0.2378,7.0176,0.0277,7.1275,0.3088,0.97,0.0002
p063,Aurélien Tchouaméni,Real Madrid,MF,18,2024-12-09,6.947,89.27,78.33,0.2641,-5.62,0,-0.0861,6.9648,0.0716,7.0989,0.164,0.893,0.0002
p063,Aurélien Tchouaméni,Real Madrid,MF,19,2024-12-16,7.027,89.88,77.01,-0.0315,-0.65,0,-0.0529,7.034,-0.0011,7.0876,0.046,1.077,0.0003
p063,Aurélien Tchouaméni,Real Madrid,MF,20,2024-12-23,6.682,89.89,78.84,0.1997,-11.6,0,-1.5317,6.9926,-0.115,7.0243,0.1333,1.126,0.0015
p063,Aurélien Tchouaméni,Real Madrid,MF,21,2024-12-30,6.401,88.54,80.06,-0.0802,-14.49,0,-1.5087,6.826,-0.1609,6.9276,0.088,0.905,0.0008
p063,Aurélien Tchouaméni,Real Madrid,MF,22,2025-01-06,6.273,89.43,78.69,0.0918,5.71,0,-1.1928,6.666,-0.1974,6.8266,0.045,1.016,0.0008
p063,Aurélien Tchouaméni,Real Madrid,MF,23,2025-01-13,6.004,89.71,78.31,0.503,0.99,0,-1.2067,6.4774,-0.2455,6.7002,0.1786,0.982,0.0011
p063,Aurélien Tchouaméni,Real Madrid,MF,24,2025-01-20,6.001,90.62,75.23,-0.0563,5.47,0,-0.9442,6.2722,-0.1759,6.5931,0.1146,0.943,0.0009
p063,Aurélien Tchouaméni,Real Madrid,MF,25,2025-01-27,5.916,90.01,73.26,-0.3427,2.39,0,-0.9801,6.119,-0.1242,6.4898,0.0489,0.997,0.0015
p063,Aurélien Tchouaméni,Real Madrid,MF,26,2025-02-03,6.365,90.04,67.17,0.7153,22.43,0,1.2975,6.1118,0.0096,6.4708,0.2048,1.099,0.0002
p064,Eduardo Camavinga,Real Madrid,MF,1,2024-08-12,6.801,79.68,79.68,0.3297,0.71,0,,,,,0.3297,1.0,0.0009
p064,Eduardo Camavinga,Real Madrid,MF,2,2024-08-19,6.991,79.05,72.09,0.4563,-4.91,0,0.7071,6.896,,6.9037,0.393,0.926,0.0004
p064,Eduardo Camavinga,Real Madrid,MF,3,2024-08-26,6.706,79.65,73.36,-0.1495,-4.53,0,-0.8729,6.8327,,6.8269,0.2122,0.848,0.0004
p064,Eduardo Camavinga,Real Madrid,MF,4,2024-09-02,6.591,79.87,72.62,-0.0743,-4.3,0,-1.071,6.7722,,6.7528,0.1406,1.076,0.0004
p064,Eduardo Camavinga,Real Madrid,MF,5,2024-09-09,6.851,78.77,70.18,0.4665,-13.93,0,0.418,6.788,-0.03,6.7793,0.1748,1.134,0.0003
p064,Eduardo Camavinga,Real Madrid,MF,6,2024-09-16,6.492,80.28,72.01,-0.3762,-7.53,0,-1.1738,6.7262,-0.0853,6.7101,-0.0334,0.99,0.0009
p064,Eduardo Camavinga,Real Madrid,MF,7,2024-09-23,6.422,80.76,71.02,-0.1864,1.66,0,-1.1138,6.6124,-0.0667,6.6465,-0.0426,0.748,0.0005
p064,Eduardo Camavinga,Real Madrid,MF,8,2024-09-30,5.85,80.09,73.85,0.3104,-6.89,0,-1.6048,6.4412,-0.1911,6.4823,0.0536,0.811,0.9989
p064,Eduardo Camavinga,Real Madrid,MF,9,2024-10-07,6.032,80.7,69.04,-0.0359,-3.32,0,-0.7522,6.3294,-0.228,6.3944,-0.072,1.122,0.0011
p064,Eduardo Camavinga,Real Madrid,MF,10,2024-10-14,5.778,79.03,68.81,0.0141,-12.41,0,-1.0308,6.1148,-0.1818,6.2793,0.0256,0.897,0.0017
p064,Eduardo Camavinga,Real Madrid,MF,11,2024-10-21,5.304,80.49,69.53,-0.6029,-1.03,0,-1.4112,5.8772,-0.2308,6.1036,-0.0786,1.154,0.0035
p064,Eduardo Camavinga,Real Madrid,MF,12,2024-10-28,5.301,79.49,65.47,0.584,14.1,0,-1.0568,5.653,-0.1826,5.9632,-0.0102,0.898,0.003
p064,Eduardo Camavinga,Real Madrid,MF,13,2024-11-04,4.75,78.88,66.22,-0.0127,-10.64,0,-1.381,5.433,-0.3041,5.7562,-0.0044,1.316,0.0027
p064,Eduardo Camavinga,Real Madrid,MF,14,2024-11-11,4.617,78.51,62.3,0.2882,-5.12,0,-1.1332,5.15,-0.2876,5.5658,0.0642,0.768,0.0029
p064,Eduardo Camavinga,Real Madrid,MF,15,2024-11-18,4.319,78.96,59.99,0.4772,-8.38,0,-1.2407,4.8582,-0.2654,5.3608,0.3342,1.232,0.0025
p064,Eduardo Camavinga,Real Madrid,MF,16,2024-11-25,4.429,80.27,54.23,0.0063,-1.65,0,-0.6631,4.6832,-0.2175,5.2099,0.1898,0.832,0.0028
p064,Eduardo Camavinga,Real Madrid,MF,17,2024-12-02,4.541,78.35,49.72,-0.5205,-5.75,0,0.0589,4.5312,-0.0606,5.1028,0.0628,1.208,0.0013
p064,Eduardo Camavinga,Real Madrid,MF,18,2024-12-09,4.321,79.82,48.82,0.2925,-9.19,0,-0.9383,4.4454,-0.037,4.9789,0.0639,0.792,0.0009
p064,Eduardo Camavinga,Real Madrid,MF,19,2024-12-16,4.832,79.79,41.85,0.594,5.72,0,1.6149,4.4884,0.0918,4.9558,0.0931,1.192,0.0006
p064,Eduardo Camavinga,Real Madrid,MF,20,2024-12-23,5.24,81.02,38.11,0.3576,1.5,0,1.5335,4.6726,0.1913,5.0001,0.1809,0.877,0.001
p064,Eduardo Camavinga,Real Madrid,MF,21,2024-12-30,4.912,82.04,41.76,0.2257,-0.26,0,0.4043,4.7692,0.1661,4.9865,0.3674,0.84,0.0008
p064,Eduardo Camavinga,Real Madrid,MF,22,2025-01-06,5.777,82.02,34.66,0.355,-1.31,0,1.4142,5.0164,0.2992,5.1085,0.3831,1.09,0.0004
p064,Eduardo Camavinga,Real Madrid,MF,23,2025-01-13,6.026,81.78,35.7,0.4033,2.19,0,1.2685,5.3574,0.2925,5.2494,0.3354,1.1,0.0003
p064,Eduardo Camavinga,Real Madrid,MF,24,2025-01-20,6.138,82.72,38.29,0.0756,15.09,0,0.9889,5.6186,0.291,5.3855,0.2649,1.083,0.0005
p064,Eduardo Camavinga,Real Madrid,MF,25,2025-01-27,6.273,82.75,40.58,0.603,-15.4,0,0.8262,5.8252,0.3083,5.5209,0.3592,1.129,0.0003
p064,Eduardo Camavinga,Real Madrid,MF,26,2025-02-03,5.864,82.54,47.15,0.1613,-20.83,0,-0.755,6.0156,0.0421,5.5732,0.3108,0.93,0.0003
p065,Dani Carvajal,Real Madrid,DF,1,2024-08-12,6.468,45.49,45.49,-0.2028,-3.71,0,,,,,-0.2028,1.0,0.0013
p065,Dani Carvajal,Real Madrid,DF,2,2024-08-19,6.224,45.15,64.4,0.3021,-13.26,0,-0.7071,6.346,,6.3361,0.0496,1.104,0.0004
p065,Dani Carvajal,Real Madrid,DF,3,2024-08-26,6.557,45.67,63.38,0.2915,-12.98,0,0.8159,6.4163,,6.422,0.1303,0.966,0.0003
p065,Dani Carvajal,Real Madrid,DF,4,2024-09-02,6.264,46.34,65.54,-0.2941,-6.92,0,-0.7138,6.3783,,6.3724,0.0242,0.79,0.0003
p065,Dani Carvajal,Real Madrid,DF,5,2024-09-09,6.614,46.41,63.13,-0.0903,2.55,0,1.083,6.4254,0.0332,6.4375,0.0523,1.128,0.0004
p065,Dani Carvajal,Real Madrid,DF,6,2024-09-16,6.723,47.18,63.79,-0.2014,-0.28,0,1.1167,6.4764,0.1055,6.5063,-0.0736,1.129,0.0002
p065,Dani Carvajal,Real Madrid,DF,7,2024-09-23,6.547,47.51,66.23,0.1339,-5.91,0,0.0353,6.541,0.0439,6.5153,-0.113,0.975,0.0002
p065,Dani Carvajal,Real Madrid,DF,8,2024-09-30,7.628,47.32,59.6,0.0901,-9.43,0,1.6896,6.7552,0.2661,6.7447,-0.0169,0.804,0.0002
p065,Dani Carvajal,Real Madrid,DF,9,2024-10-07,7.172,46.9,67.65,-0.4362,-11.77,0,0.5148,6.9368,0.2021,6.8281,-0.1034,0.945,0.0003
p065,Dani Carvajal,Real Madrid,DF,10,2024-10-14,7.185,47.53,69.44,0.1365,-12.27,0,0.3143,7.051,0.1549,6.8948,-0.0189,0.963,0.0002
p065,Dani Carvajal,Real Madrid,DF,11,2024-10-21,6.853,45.76,73.31,0.2034,-17.52,0,-0.5534,7.077,0.0169,6.8872,-0.0016,1.124,0.0003
p065,Dani Carvajal,Real Madrid,DF,12,2024-10-28,6.98,46.07,72.22,0.22,-13.41,0,-0.6239,7.1636,-0.1615,6.9035,0.0309,0.995,0.0009
p065,Dani Carvajal,Real Madrid,DF,13,2024-11-04,6.659,46.43,74.96,-0.2,-11.93,0,-1.3986,6.9698,-0.1231,6.8618,0.09,1.214,0.0019
p065,Dani Carvajal,Real Madrid,DF,14,2024-11-11,6.504,46.93,75.12,0.1002,-8.61,0,-1.2459,6.8362,-0.1556,6.8019,0.0809,0.78,0.0011
p065,Dani Carvajal,Real Madrid,DF,15,2024-11-18,6.273,48.05,75.43,0.5478,-7.17,0,-1.3601,6.6538,-0.1636,6.715,0.167,1.243,0.0005
p065,Dani Carvajal,Real Madrid,DF,16,2024-11-25,6.176,47.22,74.08,0.5271,3.89,0,-1.0688,6.5184,-0.1994,6.6277,0.2438,1.005,0.001
p065,Dani Carvajal,Real Madrid,DF,17,2024-12-02,6.526,47.99,69.29,-0.0863,7.43,0,0.4978,6.4276,-0.0594,6.6114,0.2722,0.937,0.0004
p065,Dani Carvajal,Real Madrid,DF,18,2024-12-09,6.042,47.9,72.62,0.5066,10.78,0,-1.2526,6.3042,-0.0671,6.5211,0.3738,1.112,0.0006
p065,Dani Carvajal,Real Madrid,DF,19,2024-12-16,5.785,47.98,71.83,-0.0293,-14.15,0,-1.3673,6.1604,-0.111,6.4054,0.2295,0.813,0.0011
p065,Dani Carvajal,Real Madrid,DF,20,2024-12-23,5.642,47.12,70.7,0.4333,-6.52,0,-1.1346,6.0342,-0.1809,6.2863,0.2061,0.774,0.002
p065,Dani Carvajal,Real Madrid,DF,21,2024-12-30,5.563,46.71,68.39,0.2878,-7.48,0,-0.8966,5.9116,-0.2326,6.1741,0.2996,0.958,0.0018
p065,Dani Carvajal,Real Madrid,DF,22,2025-01-06,6.039,45.22,61.92,0.122,5.39,0,1.0155,5.8142,-0.0228,6.1533,0.2035,1.287,0.0003
p065,Dani Carvajal,Real Madrid,DF,23,2025-01-13,5.763,45.45,63.57,0.2336,0.53,0,0.0254,5.7584,0.0353,6.0933,0.2692,1.243,0.0003
p065,Dani Carvajal,Real Madrid,DF,24,2025-01-20,6.085,45.12,59.57,-0.5509,5.57,0,1.139,5.8184,0.1086,6.092,0.0231,1.04,0.0002
p065,Dani Carvajal,Real Madrid,DF,25,2025-01-27,6.629,46.29,55.26,0.3957,-3.95,0,1.5208,6.0158,0.2178,6.174,0.0501,0.929,0.0003
p065,Dani Carvajal,Real Madrid,DF,26,2025-02-03,6.589,46.46,57.01,-0.2468,-13.67,0,0.9807,6.221,0.1966,6.2372,-0.0421,1.04,0.0003
p066,David Alaba,Real Madrid,DF,1,2024-08-12,7.083,30.31,30.31,0.2826,2.44,0,,,,,0.2826,1.0,0.0006
p066,David Alaba,Real Madrid,DF,2,2024-08-19,7.681,29.92,78.25,0.0601,-14.69,0,0.7071,7.382,,7.4062,0.1714,0.851,0.0002
p066,David Alaba,Real Madrid,DF,3,2024-08-26,6.714,30.21,82.32,0.2069,-13.19,0,-0.9126,7.1593,,7.1371,0.1832,0.795,0.0003
p066,David Alaba,Real Madrid,DF,4,2024-09-02,6.737,31.76,78.37,0.047,-6.05,0,-0.7024,7.0538,,7.0116,0.1492,1.055,0.0004
p066,David Alaba,Real Madrid,DF,5,2024-09-09,6.516,31.5,77.19,0.4305,-13.8,0,-0.938,6.9462,-0.2078,6.8779,0.1861,1.115,0.0013
p066,David Alaba,Real Madrid,DF,6,2024-09-16,6.227,29.34,76.18,-0.1927,-10.48,0,-1.0033,6.775,-0.3106,6.7212,0.1229,1.251,0.0005
p066,David Alaba,Real Madrid,DF,7,2024-09-23,6.019,29.28,74.22,0.2101,-0.81,0,-1.3538,6.4426,-0.19,6.5662,0.1237,0.766,0.0008
p066,David Alaba,Real Madrid,DF,8,2024-09-30,5.858,28.96,71.94,0.4592,-3.56,0,-1.1541,6.2714,-0.2255,6.4201,0.2268,0.749,0.0015
p066,David Alaba,Real Madrid,DF,9,2024-10-07,5.937,29.17,68.21,0.23,-18.24,0,-0.6589,6.1114,-0.1527,6.3258,0.1766,1.084,0.0005
p066,David Alaba,Real Madrid,DF,10,2024-10-14,6.165,28.96,64.53,-0.1002,-9.89,0,0.8043,6.0412,-0.0206,6.2958,0.1998,1.35,0.0003
p066,David Alaba,Real Madrid,DF,11,2024-10-21,5.82,28.68,65.7,-0.1101,-16.12,0,-1.014,5.9598,-0.0091,6.2101,0.1197,0.807,0.0004
p066,David Alaba,Real Madrid,DF,12,2024-10-28,6.147,27.49,61.93,0.2045,-11.52,0,1.0008,5.9854,0.0461,6.199,0.056,0.996,0.0003
p066,David Alaba,Real Madrid,DF,13,2024-11-04,6.531,27.14,58.85,-0.3603,-13.21,0,1.513,6.12,0.117,6.2557,-0.0915,1.024,0.0002
p066,David Alaba,Real Madrid,DF,14,2024-11-11,5.704,28.11,66.35,0.2956,-16.56,0,-1.1348,6.0734,-0.0211,6.1635,0.0074,1.104,0.0004
p066,David Alaba,Real Madrid,DF,15,2024-11-18,5.947,28.36,62.31,-0.2852,-21.92,0,-0.2549,6.0298,-0.0189,6.1279,-0.0364,1.017,0.0004
p066,David Alaba,Real Madrid,DF,16,2024-11-25,5.819,28.51,62.43,-0.1878,-15.76,0,-0.6481,6.0296,-0.124,6.0778,-0.1344,0.828,0.0021
p066,David Alaba,Real Madrid,DF,17,2024-12-02,6.312,28.74,57.45,0.6272,-17.97,0,0.7178,6.0626,-0.0323,6.1153,0.1124,1.046,0.0003
p066,David Alaba,Real Madrid,DF,18,2024-12-09,6.33,28.88,58.22,0.5571,-9.59,0,1.076,6.0224,0.1617,6.1494,0.1778,0.787,0.0004
p066,David Alaba,Real Madrid,DF,19,2024-12-16,6.091,29.88,60.9,0.0121,-14.76,0,-0.0393,6.0998,0.0799,6.1402,0.2522,1.098,0.0002
p066,David Alaba,Real Madrid,DF,20,2024-12-23,5.745,31.3,63.36,0.4832,-11.9,0,-1.1584,6.0594,-0.0369,6.0785,0.4199,0.983,0.0003
p066,David Alaba,Real Madrid,DF,21,2024-12-30,5.817,32.47,60.71,-0.0981,-18.58,0,-0.8902,6.059,-0.1575,6.0379,0.2386,1.052,0.0014
p066,David Alaba,Real Madrid,DF,22,2025-01-06,5.683,33.16,61.34,0.2986,-9.08,0,-0.9231,5.9332,-0.1568,5.9832,0.1739,1.011,0.0012
p066,David Alaba,Real Madrid,DF,23,2025-01-13,5.234,34.37,63.52,0.5093,-17.37,0,-1.5471,5.714,-0.1776,5.8681,0.2982,1.175,0.0037
p066,David Alaba,Real Madrid,DF,24,2025-01-20,4.686,35.24,64.99,-0.0558,-15.05,0,-1.5705,5.433,-0.2701,5.6871,0.1635,1.028,0.0038
p066,David Alaba,Real Madrid,DF,25,2025-01-27,4.79,35.44,59.13,-0.2881,-8.0,0,-0.887,5.242,-0.3051,5.5502,0.116,1.012,0.0013
p066,David Alaba,Real Madrid,DF,26,2025-02-03,4.28,35.38,60.35,0.1706,-4.68,0,-1.2151,4.9346,-0.325,5.3568,0.084,1.086,0.0017
p067,Éder Militão,Real Madrid,DF,1,2024-08-12,7.8,78.52,78.52,-0.3402,-13.36,0,,,,,-0.3402,1.0,0.0007
p067,Éder Militão,Real Madrid,DF,2,2024-08-19,7.832,80.38,88.39,-0.7244,-0.87,0,0.7071,7.816,,7.8173,-0.5323,0.97,0.0005
p067,Éder Militão,Real Madrid,DF,3,2024-08-26,7.385,80.61,88.99,0.3523,-1.12,0,-1.1523,7.6723,,7.6493,-0.2374,1.031,0.0002
p067,Éder Militão,Real Madrid,DF,4,2024-09-02,7.178,79.98,87.23,0.206,3.0,0,-1.1578,7.5488,,7.5014,-0.1266,0.731,0.0003
p067,Éder Militão,Real Madrid,DF,5,2024-09-09,7.193,79.86,84.62,0.407,-0.74,0,-0.8902,7.4776,-0.1868,7.4182,0.0602,0.879,0.0007
p067,Éder Militão,Real Madrid,DF,6,2024-09-16,7.267,80.69,82.64,-0.298,7.35,0,-0.3846,7.371,-0.1322,7.3818,0.1668,1.091,0.0016
p067,Éder Militão,Real Madrid,DF,7,2024-09-23,6.392,79.55,87.05,0.2233,-11.26,0,-1.75,7.083,-0.1897,7.1633,0.1346,1.259,0.9986
p067,Éder Militão,Real Madrid,DF,8,2024-09-30,6.544,81.08,81.45,-0.2143,-2.96,0,-0.8983,6.9148,-0.2069,7.0356,0.0295,0.902,0.0012
p067,Éder Militão,Real Madrid,DF,9,2024-10-07,6.718,81.73,77.49,0.2236,4.11,0,-0.2687,6.8228,-0.1673,6.9736,-0.0164,0.767,0.0015
p067,Éder Militão,Real Madrid,DF,10,2024-10-14,6.369,81.13,78.5,0.8909,-1.37,0,-0.7853,6.658,-0.147,6.8607,0.2809,0.952,0.0009
p067,Éder Militão,Real Madrid,DF,11,2024-10-21,6.675,81.87,73.75,0.3252,0.14,0,0.8518,6.5396,0.0391,6.8272,0.3063,1.147,0.0002
p067,Éder Militão,Real Madrid,DF,12,2024-10-28,6.6,82.67,73.52,0.2761,-6.64,0,0.138,6.5812,0.0069,6.7875,0.4289,1.121,0.0003
p067,Éder Militão,Real Madrid,DF,13,2024-11-04,6.32,81.9,74.64,0.0972,5.32,0,-1.1954,6.5364,-0.0565,6.7077,0.3974,1.072,0.0005
p067,Éder Militão,Real Madrid,DF,14,2024-11-11,5.95,82.34,75.5,-0.0117,7.75,0,-1.5207,6.3828,-0.1193,6.581,0.1717,0.757,0.0009
p067,Éder Militão,Real Madrid,DF,15,2024-11-18,6.108,81.87,71.29,-0.2456,10.7,0,-0.7168,6.3306,-0.1784,6.5033,0.029,0.892,0.0012
p067,Éder Militão,Real Madrid,DF,16,2024-11-25,5.944,83.51,70.66,0.1356,-5.96,0,-0.864,6.1844,-0.1524,6.4127,-0.0061,0.881,0.0005
p067,Éder Militão,Real Madrid,DF,17,2024-12-02,6.044,83.78,67.71,-0.2857,-11.45,0,-0.1896,6.0732,-0.0558,6.3536,-0.1019,1.105,0.0009
p067,Éder Militão,Real Madrid,DF,18,2024-12-09,5.667,83.49,69.18,0.5394,-8.94,0,-1.635,5.9426,-0.063,6.2448,0.0359,1.016,0.996
p067,Éder Militão,Real Madrid,DF,19,2024-12-16,5.554,81.47,67.4,-0.3563,-1.63,0,-1.2813,5.8634,-0.1385,6.1362,0.0082,1.219,0.0013
p067,Éder Militão,Real Madrid,DF,20,2024-12-23,5.705,82.27,63.58,0.441,5.79,0,-0.3819,5.7828,-0.0968,6.0689,0.0846,1.025,0.0024
p067,Éder Militão,Real Madrid,DF,21,2024-12-30,6.075,82.06,59.04,0.4596,7.08,0,1.1291,5.809,0.01,6.0699,0.2709,1.072,0.0002
p067,Éder Militão,Real Madrid,DF,22,2025-01-06,6.493,81.92,55.8,-0.1881,-1.07,0,1.5416,5.8988,0.2173,6.1352,0.089,1.062,0.0004
p067,Éder Militão,Real Madrid,DF,23,2025-01-13,6.875,83.49,54.41,-0.3658,-5.0,0,1.3403,6.1404,0.343,6.2489,0.0867,1.086,0.0003
p067,Éder Militão,Real Madrid,DF,24,2025-01-20,7.768,81.89,50.19,0.2632,-2.17,0,1.4908,6.5832,0.4926,6.4814,0.0422,1.026,0.0003
p067,Éder Militão,Real Madrid,DF,25,2025-01-27,7.839,82.77,54.79,-0.3145,-8.59,0,1.0655,7.01,0.4803,6.6886,-0.1513,1.005,0.0002
p067,Éder Militão,Real Madrid,DF,26,2025-02-03,7.467,82.49,62.83,-0.3014,-12.18,0,0.3053,7.2884,0.2912,6.8071,-0.1796,1.037,0.0002
p068,Jules Koundé,Barcelona,DF,1,2024-08-12,7.397,80.4,80.4,-0.039,-1.18,0,,,,,-0.039,1.0,0.0006
p068,Jules Koundé,Barcelona,DF,2,2024-08-19,7.977,81.01,83.49,-0.3507,-0.42,0,0.7071,7.687,,7.7105,-0.1948,0.906,0.0002
p068,Jules Koundé,Barcelona,DF,3,2024-08-26,8.028,80.91,86.46,0.6098,-0.06,0,0.6486,7.8007,,7.8339,0.0734,0.727,0.0003
p068,Jules Koundé,Barcelona,DF,4,2024-09-02,8.292,82.74,87.4,-0.4321,-0.05,0,0.977,7.9235,,7.9777,-0.053,1.161,0.0003
p068,Jules Koundé,Barcelona,DF,5,2024-09-09,7.757,82.8,92.26,-0.1466,-2.19,0,-0.3976,7.8902,0.1035,7.9182,-0.0799,0.993,0.0002
p068,Jules Koundé,Barcelona,DF,6,2024-09-16,7.831,82.58,90.73,-0.1654,-5.1,0,-0.705,7.977,-0.0563,7.8972,-0.0336,0.887,0.0005
p068,Jules Koundé,Barcelona,DF,7,2024-09-23,7.809,82.37,89.86,0.1742,-2.24,0,-0.6101,7.9434,-0.0899,7.8777,-0.1425,1.208,0.001
p068,Jules Koundé,Barcelona,DF,8,2024-09-30,7.756,83.1,90.36,-0.0167,-1.56,0,-0.5842,7.889,-0.102,7.8526,-0.0386,1.105,0.0015
p068,Jules Koundé,Barcelona,DF,9,2024-10-07,8.169,82.41,87.07,0.3223,0.56,0,1.7568,7.8644,0.0749,7.9144,0.0786,1.069,0.0002
p068,Jules Koundé,Barcelona,DF,10,2024-10-14,8.883,83.03,83.55,-0.2705,-9.83,0,1.6795,8.0896,0.2464,8.0953,0.0523,0.923,0.0002
p068,Jules Koundé,Barcelona,DF,11,2024-10-21,9.11,84.94,85.51,0.144,-9.69,0,1.2323,8.3454,0.3729,8.2781,0.0448,1.07,0.0003
p068,Jules Koundé,Barcelona,DF,12,2024-10-28,8.499,83.64,94.74,0.1179,-15.22,0,0.0287,8.4834,0.2427,8.3167,0.0784,0.962,0.0002
p068,Jules Koundé,Barcelona,DF,13,2024-11-04,8.3,83.11,97.11,-0.1673,-19.03,0,-0.7387,8.5922,-0.0122,8.3139,-0.044,0.837,0.0003
p068,Jules Koundé,Barcelona,DF,14,2024-11-11,7.836,81.93,100.5,-0.1463,-22.24,0,-1.3817,8.5256,-0.2904,8.234,-0.0129,0.822,0.0007
p068,Jules Koundé,Barcelona,DF,15,2024-11-18,7.908,80.26,98.05,0.6232,-5.48,0,-0.8209,8.3306,-0.3067,8.1804,0.1069,0.795,0.0005
p068,Jules Koundé,Barcelona,DF,16,2024-11-25,8.054,79.85,95.65,0.188,13.25,0,-0.2365,8.1194,-0.1282,8.1599,0.1244,0.911,0.001
p068,Jules Koundé,Barcelona,DF,17,2024-12-02,7.516,79.58,98.69,0.4019,-3.44,0,-1.4105,7.9228,-0.135,8.0568,0.2667,1.149,0.0043
p068,Jules Koundé,Barcelona,DF,18,2024-12-09,8.006,80.59,92.42,0.0711,2.15,0,0.6692,7.864,-0.0052,8.0488,0.321,1.042,0.0002
p068,Jules Koundé,Barcelona,DF,19,2024-12-16,7.593,81.76,96.0,0.6463,-5.32,0,-0.9062,7.8154,-0.0678,7.9771,0.3268,1.085,0.0006
p068,Jules Koundé,Barcelona,DF,20,2024-12-23,7.743,82.25,93.08,0.5911,16.28,0,-0.1635,7.7824,-0.0545,7.9406,0.4276,1.227,0.0007
p068,Jules Koundé,Barcelona,DF,21,2024-12-30,8.255,83.4,88.2,0.3492,6.73,0,1.4147,7.8226,0.1215,7.9894,0.4144,1.088,0.0003
p068,Jules Koundé,Barcelona,DF,22,2025-01-06,8.335,84.38,88.77,0.6457,3.6,0,1.0914,7.9864,0.132,8.0427,0.5581,0.978,0.0002
p068,Jules Koundé,Barcelona,DF,23,2025-01-13,8.095,83.77,91.96,0.3549,10.29,0,0.2809,8.0042,0.1596,8.0507,0.4852,0.724,0.0003
p068,Jules Koundé,Barcelona,DF,24,2025-01-20,7.824,84.26,94.29,0.672,-7.73,0,-0.8704,8.0504,0.0002,8.016,0.5055,1.179,0.0002
p068,Jules Koundé,Barcelona,DF,25,2025-01-27,7.91,83.98,92.76,-0.0139,-1.67,0,-0.7969,8.0838,-0.1201,7.9998,0.4147,1.068,0.0011
p068,Jules Koundé,Barcelona,DF,26,2025-02-03,8.22,84.15,89.91,0.378,6.7,0,0.6765,8.0768,-0.0415,8.0334,0.3478,0.8,0.0003
p069,Ronald Araújo,Barcelona,DF,1,2024-08-12,7.244,70.18,70.18,0.0475,-0.61,0,,,,,0.0475,1.0,0.0009
p069,Ronald Araújo,Barcelona,DF,2,2024-08-19,6.791,71.03,77.34,0.3575,-3.4,0,-0.7071,7.0175,,6.9991,0.2025,1.174,0.0004
p069,Ronald Araújo,Barcelona,DF,3,2024-08-26,6.781,72.14,74.99,-0.5665,-9.97,0,-0.5962,6.9387,,6.9143,-0.0538,0.974,0.0003
p069,Ronald Araújo,Barcelona,DF,4,2024-09-02,6.573,71.57,74.43,-0.1565,-6.67,0,-0.9693,6.8472,,6.8072,-0.0795,1.143,0.0004
p069,Ronald Araújo,Barcelona,DF,5,2024-09-09,6.448,71.3,73.14,0.0734,-8.19,0,-1.0535,6.7674,-0.181,6.7104,-0.073,0.874,0.001
p069,Ronald Araújo,Barcelona,DF,6,2024-09-16,6.878,72.27,69.02,0.7261,-8.13,0,1.0356,6.6942,-0.0159,6.7507,0.0191,0.886,0.0003
p069,Ronald Araújo,Barcelona,DF,7,2024-09-23,7.117,71.89,68.43,-0.0721,-0.78,0,1.366,6.7594,0.0977,6.8316,0.1427,0.91,0.0002
p069,Ronald Araújo,Barcelona,DF,8,2024-09-30,7.32,71.49,68.87,0.259,-2.96,0,1.2441,6.8672,0.2163,6.9323,0.2466,1.294,0.0002
p069,Ronald Araújo,Barcelona,DF,9,2024-10-07,7.071,72.46,72.73,0.7961,-9.52,0,0.3159,6.9668,0.1688,6.9594,0.4273,0.883,0.0002
p069,Ronald Araújo,Barcelona,DF,10,2024-10-14,6.649,73.15,76.24,-0.3359,-5.61,0,-1.407,7.007,-0.0504,6.9014,0.1618,0.941,0.0011
p069,Ronald Araújo,Barcelona,DF,11,2024-10-21,6.545,72.0,75.65,0.1012,-7.76,0,-1.2009,6.9404,-0.1815,6.8372,0.2051,0.803,0.0012
p069,Ronald Araújo,Barcelona,DF,12,2024-10-28,6.185,71.31,76.75,0.0009,-2.33,0,-1.2729,6.754,-0.2796,6.7231,0.1406,1.106,0.0014
p069,Ronald Araújo,Barcelona,DF,13,2024-11-04,6.724,70.34,70.12,0.237,-8.68,0,0.279,6.6348,-0.1158,6.7233,0.0008,1.234,0.0014
p069,Ronald Araújo,Barcelona,DF,14,2024-11-11,6.805,69.64,69.52,0.2282,-6.32,0,0.9249,6.5816,0.0491,6.737,0.1418,0.809,0.0002
p069,Ronald Araújo,Barcelona,DF,15,2024-11-18,6.69,69.9,70.71,-0.0227,-4.95,0,0.4089,6.5898,0.091,6.7292,0.1108,0.948,0.0002
p069,Ronald Araújo,Barcelona,DF,16,2024-11-25,6.561,70.66,71.5,0.1699,-7.45,0,-0.1309,6.593,0.0718,6.702,0.1531,0.92,0.0002
p069,Ronald Araújo,Barcelona,DF,17,2024-12-02,6.225,70.53,72.83,-0.2615,2.2,0,-1.6503,6.601,-0.1242,6.6256,0.0285,1.121,0.9982
p069,Ronald Araújo,Barcelona,DF,18,2024-12-09,6.232,69.82,71.51,0.1488,4.67,0,-1.0223,6.5026,-0.1611,6.5632,0.0086,1.149,0.0005
p069,Ronald Araújo,Barcelona,DF,19,2024-12-16,6.004,68.8,71.75,0.2295,5.56,0,-1.2173,6.3424,-0.1701,6.4753,0.0717,1.122,0.0006
p069,Ronald Araújo,Barcelona,DF,20,2024-12-23,6.185,69.18,68.2,-0.1772,3.63,0,-0.2802,6.2414,-0.0973,6.43,-0.0151,0.944,0.0009
p069,Ronald Araújo,Barcelona,DF,21,2024-12-30,6.422,67.91,65.24,0.0059,6.85,0,1.3999,6.2136,0.0347,6.4288,0.0517,0.986,0.0003
p069,Ronald Araújo,Barcelona,DF,22,2025-01-06,6.645,66.61,63.47,0.4041,14.79,0,1.4202,6.2976,0.1244,6.4621,0.1156,1.094,0.0002
p069,Ronald Araújo,Barcelona,DF,23,2025-01-13,6.908,66.0,62.23,-0.2582,20.15,0,1.3228,6.4328,0.2268,6.5307,-0.0064,0.888,0.0002
p069,Ronald Araújo,Barcelona,DF,24,2025-01-20,7.326,66.01,60.63,-0.5503,2.01,0,1.4234,6.6972,0.2768,6.6524,-0.0996,1.167,0.0002
p069,Ronald Araújo,Barcelona,DF,25,2025-01-27,7.609,64.97,61.4,0.1914,-6.32,0,1.2906,6.982,0.3055,6.7984,-0.0533,1.104,0.0002
p069,Ronald Araújo,Barcelona,DF,26,2025-02-03,7.548,65.54,65.48,0.2275,-18.23,0,0.8162,7.2072,0.2507,6.9125,-0.0974,0.868,0.0002
p070,Robert Sánchez,Chelsea,GK,1,2024-08-12,7.247,35.23,35.23,0.6318,2.3,0,,,,,0.6318,1.0,0.0006
p070,Robert Sánchez,Chelsea,GK,2,2024-08-19,6.806,34.33,77.43,-0.3593,-10.0,0,-0.7071,7.0265,,7.0086,0.1362,0.9,0.0004
p070,Robert Sánchez,Chelsea,GK,3,2024-08-26,6.689,34.57,75.25,-0.2662,-12.2,0,-0.7646,6.914,,6.8844,0.0021,0.995,0.0004
p070,Robert Sánchez,Chelsea,GK,4,2024-09-02,7.049,33.45,72.32,0.0951,-3.14,0,0.4057,6.9478,,6.936,0.0254,0.984,0.0003
p070,Robert Sánchez,Chelsea,GK,5,2024-09-09,6.816,33.28,73.67,0.3464,-12.31,0,-0.4705,6.9214,-0.0619,6.9037,-0.046,1.314,0.0005
p070,Robert Sánchez,Chelsea,GK,6,2024-09-16,7.066,32.97,72.31,-0.537,-9.39,0,1.0949,6.8852,0.0647,6.9428,-0.0904,1.09,0.0002
p070,Robert Sánchez,Chelsea,GK,7,2024-09-23,6.838,33.48,74.44,0.1897,-12.92,0,-0.3311,6.8916,0.0315,6.9196,0.0235,0.99,0.0002
p070,Robert Sánchez,Chelsea,GK,8,2024-09-30,6.967,33.55,73.14,0.0446,-7.64,0,0.1704,6.9472,-0.0142,6.9294,0.0109,0.899,0.0004
p070,Robert Sánchez,Chelsea,GK,9,2024-10-07,6.388,34.22,77.19,0.2707,-11.98,0,-1.6467,6.815,-0.0955,6.8237,-0.008,0.706,0.9987
p070,Robert Sánchez,Chelsea,GK,10,2024-10-14,6.626,34.18,73.18,0.0291,-15.78,0,-0.5537,6.777,-0.133,6.7868,0.1335,1.167,0.0008
p070,Robert Sánchez,Chelsea,GK,11,2024-10-21,6.814,33.5,71.0,-0.0811,-13.15,0,0.3883,6.7266,-0.0389,6.7917,0.0658,1.17,0.0002
p070,Robert Sánchez,Chelsea,GK,12,2024-10-28,6.436,33.03,73.84,-0.2371,-7.43,0,-0.854,6.6462,-0.0636,6.7295,-0.0046,0.997,0.0004
p070,Robert Sánchez,Chelsea,GK,13,2024-11-04,6.359,35.55,72.95,-0.1573,-0.78,0,-0.861,6.5246,-0.0248,6.6663,-0.1116,0.756,0.0002
p070,Robert Sánchez,Chelsea,GK,14,2024-11-11,6.761,34.56,68.46,0.499,-8.19,0,0.8157,6.5992,-0.0185,6.6821,0.0059,0.784,0.0003
p070,Robert Sánchez,Chelsea,GK,15,2024-11-18,6.897,35.98,67.81,0.1415,-1.24,0,1.0145,6.6534,0.0491,6.7174,0.0615,1.145,0.0002
p070,Robert Sánchez,Chelsea,GK,16,2024-11-25,6.677,37.77,70.33,0.492,-6.21,0,0.2271,6.626,0.102,6.7109,0.2438,1.228,0.0002
p070,Robert Sánchez,Chelsea,GK,17,2024-12-02,6.849,36.59,68.86,-0.0409,-5.7,0,0.6597,6.7086,0.0896,6.733,0.2729,1.16,0.0002
p070,Robert Sánchez,Chelsea,GK,18,2024-12-09,7.461,37.83,64.68,0.7273,-12.04,0,1.7211,6.929,0.1352,6.8484,0.33,1.072,0.0002
p070,Robert Sánchez,Chelsea,GK,19,2024-12-16,6.994,38.19,71.11,0.3941,-9.62,0,0.0624,6.9756,0.0978,6.8713,0.3931,1.076,0.0003
p070,Robert Sánchez,Chelsea,GK,20,2024-12-23,7.211,39.44,69.4,0.1089,-5.93,0,0.5623,7.0384,0.1213,6.9243,0.2974,1.009,0.0002
p070,Robert Sánchez,Chelsea,GK,21,2024-12-30,7.332,38.68,70.33,-0.4121,-2.27,0,0.6548,7.1694,0.0716,6.9875,0.2045,1.014,0.0002
p070,Robert Sánchez,Chelsea,GK,22,2025-01-06,6.906,39.42,75.22,0.1443,-0.18,0,-1.1917,7.1808,-0.0772,6.9749,0.0588,0.658,0.001
p070,Robert Sánchez,Chelsea,GK,23,2025-01-13,7.055,39.04,73.74,0.1986,0.99,0,-0.2607,7.0996,-0.0183,6.9872,0.0099,1.117,0.0004
p070,Robert Sánchez,Chelsea,GK,24,2025-01-20,6.85,37.99,75.65,-0.4306,-2.1,0,-1.0903,7.0708,-0.0999,6.9662,-0.125,0.933,0.0014
p070,Robert Sánchez,Chelsea,GK,25,2025-01-27,6.775,38.11,75.72,0.0874,-14.96,0,-0.9475,6.9836,-0.117,6.937,-0.0001,1.016,0.0013
p070,Robert Sánchez,Chelsea,GK,26,2025-02-03,6.962,39.04,73.53,0.5015,-8.23,0,0.4909,6.9096,-0.0168,6.9408,0.0892,0.999,0.0003
p071,Emiliano Martínez,Aston Villa,GK,1,2024-08-12,6.801,50.5,50.5,0.3619,-2.22,0,,,,,0.3619,1.0,0.0013
p071,Emiliano Martínez,Aston Villa,GK,2,2024-08-19,6.926,51.17,71.87,0.0891,-11.23,0,0.7071,6.8635,,6.8686,0.2255,1.106,0.0003
p071,Emiliano Martínez,Aston Villa,GK,3,2024-08-26,6.724,50.74,72.71,-0.1851,-11.85,0,-0.9122,6.817,,6.8124,0.0886,0.73,0.0005
p071,Emiliano Martínez,Aston Villa,GK,4,2024-09-02,6.725,52.53,71.9,0.2741,-10.6,0,-0.7255,6.794,,6.785,0.135,0.931,0.0004
p071,Emiliano Martínez,Aston Villa,GK,5,2024-09-09,6.421,52.83,72.78,-0.5097,-11.13,0,-1.604,6.7194,-0.0961,6.6868,-0.0829,1.198,0.9991
p071,Emiliano Martínez,Aston Villa,GK,6,2024-09-16,6.36,52.26,71.24,0.5281,-1.69,0,-1.151,6.6312,-0.1435,6.6081,0.0268,1.267,0.0012
p071,Emiliano Martínez,Aston Villa,GK,7,2024-09-23,7.218,53.22,64.6,0.0984,-0.29,0,1.5541,6.6896,0.0623,6.7428,0.0977,0.774,0.0002
p071,Emiliano Martínez,Aston Villa,GK,8,2024-09-30,7.498,53.51,65.69,-0.3234,-15.49,0,1.3105,6.8444,0.2343,6.8985,-0.0517,0.995,0.0002
p071,Emiliano Martínez,Aston Villa,GK,9,2024-10-07,7.723,53.24,67.62,0.2681,-7.19,0,1.0896,7.044,0.3742,7.0594,0.1428,0.866,0.0003
p071,Emiliano Martínez,Aston Villa,GK,10,2024-10-14,7.744,53.3,71.09,-0.0091,-24.62,0,0.7622,7.3086,0.3273,7.1873,0.0085,1.225,0.0002
p071,Emiliano Martínez,Aston Villa,GK,11,2024-10-21,7.73,53.27,74.11,-0.2509,-13.99,0,0.647,7.5826,0.127,7.2851,-0.0788,0.865,0.0002
p071,Emiliano Martínez,Aston Villa,GK,12,2024-10-28,7.777,51.8,76.04,0.2405,-30.08,0,0.7392,7.6944,0.0565,7.3711,0.0622,1.045,0.0004
p071,Emiliano Martínez,Aston Villa,GK,13,2024-11-04,7.944,53.29,76.84,0.2196,-15.29,0,1.7427,7.7836,0.0475,7.4688,0.05,1.098,0.0003
p071,Emiliano Martínez,Aston Villa,GK,14,2024-11-11,8.251,53.79,76.87,0.2259,-16.28,0,1.6474,7.8892,0.1228,7.5996,0.1088,1.114,0.0002
p071,Emiliano Martínez,Aston Villa,GK,15,2024-11-18,8.943,53.92,74.79,0.1197,-14.39,0,1.6322,8.129,0.29,7.8204,0.2014,1.034,0.0002
p071,Emiliano Martínez,Aston Villa,GK,16,2024-11-25,8.869,53.58,80.66,-0.0191,-40.47,0,0.9664,8.3568,0.3183,7.9903,0.1365,0.657,0.0002
p071,Emiliano Martínez,Aston Villa,GK,17,2024-12-02,9.352,54.94,81.07,-0.0884,-36.62,0,1.2016,8.6718,0.3434,8.2083,0.0595,1.155,0.0002
p071,Emiliano Martínez,Aston Villa,GK,18,2024-12-09,10.0,56.37,81.37,-0.17,-21.52,0,1.4188,9.083,0.3907,8.4923,-0.0395,0.791,0.0003
p071,Emiliano Martínez,Aston Villa,GK,19,2024-12-16,10.0,55.47,88.29,0.7212,-27.2,0,1.0322,9.4328,0.3245,8.7293,0.1109,1.221,0.0003
p071,Emiliano Martínez,Aston Villa,GK,20,2024-12-23,9.975,55.99,94.27,0.0016,-19.21,0,0.6558,9.6392,0.286,8.9237,0.1161,0.939,0.0003
p071,Emiliano Martínez,Aston Villa,GK,21,2024-12-30,10.0,56.62,98.83,-0.5441,-14.78,0,0.4687,9.8654,0.1271,9.0906,0.0022,0.986,0.0004
p071,Emiliano Martínez,Aston Villa,GK,22,2025-01-06,9.481,58.03,106.99,-0.1428,7.43,0,-1.7869,9.8912,-0.1038,9.1509,0.009,0.733,0.9985
p071,Emiliano Martínez,Aston Villa,GK,23,2025-01-13,10.0,58.95,104.4,-0.0709,-10.4,0,0.4739,9.8912,-0.0494,9.2813,-0.189,1.081,0.0007
p071,Emiliano Martínez,Aston Villa,GK,24,2025-01-20,10.0,59.5,107.61,0.3325,-13.87,0,0.4739,9.8912,0.005,9.3914,-0.1063,1.206,0.0003
p071,Emiliano Martínez,Aston Villa,GK,25,2025-01-27,9.994,59.96,110.37,0.5311,5.61,0,0.4277,9.895,0.0507,9.4833,0.1625,1.162,0.0003
p071,Emiliano Martínez,Aston Villa,GK,26,2025-02-03,9.953,58.63,112.96,0.3665,8.56,0,0.2969,9.8856,0.0938,9.5548,0.2898,0.694,0.0003
p072,Ederson,Man City,GK,1,2024-08-12,7.476,50.31,50.31,0.1181,-10.38,0,,,,,0.1181,1.0,0.0007
p072,Ederson,Man City,GK,2,2024-08-19,7.6,50.22,83.24,0.1855,-8.29,0,0.7071,7.538,,7.543,0.1518,1.046,0.0003
p072,Ederson,Man City,GK,3,2024-08-26,7.257,49.71,84.23,0.2674,-3.64,0,-1.0786,7.4443,,7.4318,0.1903,0.915,0.0002
p072,Ederson,Man City,GK,4,2024-09-02,6.35,51.39,85.49,0.0472,-7.32,0,-1.452,7.1708,,7.0923,0.1546,1.418,0.0003
p072,Ederson,Man City,GK,5,2024-09-09,6.472,51.46,79.11,0.356,-14.14,0,-0.9625,7.031,-0.3258,6.9251,0.214,0.966,0.0006
p072,Ederson,Man City,GK,6,2024-09-16,6.459,51.94,75.99,0.0924,-14.75,0,-0.6538,6.8276,-0.3067,6.8128,0.1908,1.199,0.0007
p072,Ederson,Man City,GK,7,2024-09-23,6.947,51.67,70.84,0.3016,-9.92,0,0.6435,6.697,-0.0511,6.8425,0.1993,1.028,0.0005
p072,Ederson,Man City,GK,8,2024-09-30,6.594,50.88,73.7,0.5255,-1.24,0,0.1283,6.5644,0.0963,6.7912,0.3189,0.767,0.0003
p072,Ederson,Man City,GK,9,2024-10-07,6.661,51.54,72.13,0.1562,-9.43,0,0.1737,6.6266,0.0513,6.7658,0.2689,0.835,0.0002
p072,Ederson,Man City,GK,10,2024-10-14,6.484,52.89,72.78,-0.0723,-7.41,0,-0.7407,6.629,-0.0236,6.7132,0.2278,1.212,0.0002
p072,Ederson,Man City,GK,11,2024-10-21,6.941,54.0,68.34,0.4971,-11.99,0,1.0299,6.7254,-0.0122,6.7542,0.2766,1.175,0.0002
p072,Ederson,Man City,GK,12,2024-10-28,6.919,54.36,69.46,0.2669,-10.53,0,0.9853,6.7198,0.093,6.783,0.212,0.991,0.0002
p072,Ederson,Man City,GK,13,2024-11-04,6.945,54.02,69.94,-0.0068,-12.14,0,0.7437,6.79,0.1003,6.8107,0.1712,0.884,0.0003
p072,Ederson,Man City,GK,14,2024-11-11,6.998,54.42,70.2,-0.1191,-6.87,0,0.6672,6.8574,0.1032,6.842,0.1595,1.049,0.0003
p072,Ederson,Man City,GK,15,2024-11-18,6.827,54.88,72.24,-0.739,-9.85,0,-1.5843,6.926,-0.0149,6.8395,-0.1495,0.724,0.9977
p072,Ederson,Man City,GK,16,2024-11-25,7.148,54.86,69.74,0.1204,-8.35,0,1.5249,6.9674,0.034,6.8895,-0.1861,1.068,0.0002
p072,Ederson,Man City,GK,17,2024-12-02,6.757,55.76,73.94,0.1013,-7.79,0,-1.1687,6.935,-0.0226,6.8683,-0.1591,0.768,0.0005
p072,Ederson,Man City,GK,18,2024-12-09,6.613,56.09,74.53,-0.1501,-5.63,0,-1.2244,6.8686,-0.084,6.8278,-0.1668,1.081,0.0023
p072,Ederson,Man City,GK,19,2024-12-16,6.685,54.86,72.99,-0.144,-9.78,0,-0.584,6.806,-0.0819,6.8054,-0.0181,1.079,0.001
p072,Ederson,Man City,GK,20,2024-12-23,6.565,54.45,73.38,-0.122,-7.92,0,-0.8123,6.7536,-0.1238,6.7679,-0.0787,1.197,0.0015
p072,Ederson,Man City,GK,21,2024-12-30,7.166,54.2,67.77,0.083,4.53,0,1.7046,6.7572,0.077,6.8296,-0.0833,1.026,0.0003
p072,Ederson,Man City,GK,22,2025-01-06,7.186,54.71,69.13,0.4029,-6.75,0,1.1171,6.843,0.1627,6.8846,0.055,1.059,0.0004
p072,Ederson,Man City,GK,23,2025-01-13,7.17,52.78,70.61,0.0443,-12.33,0,0.7097,6.9544,0.1591,6.9285,0.1021,0.702,0.0002
p072,Ederson,Man City,GK,24,2025-01-20,6.88,53.95,73.96,-0.0238,-15.01,0,-0.418,6.9934,0.0634,6.921,0.1266,0.796,0.0003
p072,Ederson,Man City,GK,25,2025-01-27,6.763,54.25,74.7,-0.2284,-19.36,0,-1.3664,7.033,-0.1112,6.8969,0.0488,1.06,0.0016
p072,Ederson,Man City,GK,26,2025-02-03,7.079,52.79,71.62,-0.4611,-8.36,0,0.34,7.0156,-0.0621,6.9246,-0.1672,1.33,0.0004
p073,Jan Oblak,Atletico Madrid,GK,1,2024-08-12,7.101,45.9,45.9,0.2959,-0.37,0,,,,,0.2959,1.0,0.0007
p073,Jan Oblak,Atletico Madrid,GK,2,2024-08-19,6.69,46.13,75.07,0.0543,-12.2,0,-0.7071,6.8955,,6.8788,0.1751,0.889,0.0004
p073,Jan Oblak,Atletico Madrid,GK,3,2024-08-26,6.79,45.53,72.83,0.0572,-9.68,0,-0.3281,6.8603,,6.8443,0.1358,0.985,0.0004
p073,Jan Oblak,Atletico Madrid,GK,4,2024-09-02,6.852,46.14,72.14,0.2206,-9.12,0,-0.0357,6.8582,,6.8467,0.157,0.864,0.0002
p073,Jan Oblak,Atletico Madrid,GK,5,2024-09-09,6.324,47.11,74.53,0.1973,-10.87,0,-1.5104,6.7514,-0.1392,6.7058,0.1324,0.9,0.0008
p073,Jan Oblak,Atletico Madrid,GK,6,2024-09-16,6.425,47.01,71.31,0.3408,-4.66,0,-0.8282,6.6162,-0.0996,6.6382,0.204,1.286,0.0009
p073,Jan Oblak,Atletico Madrid,GK,7,2024-09-23,6.506,47.46,69.47,0.3604,-3.54,0,-0.318,6.5794,-0.0995,6.609,0.2798,1.234,0.0009
p073,Jan Oblak,Atletico Madrid,GK,8,2024-09-30,6.598,47.96,68.27,0.1053,-1.19,0,0.2835,6.541,-0.0326,6.6067,0.251,0.738,0.0003
p073,Jan Oblak,Atletico Madrid,GK,9,2024-10-07,6.367,48.56,69.75,-0.0464,5.36,0,-0.7011,6.444,0.0259,6.5599,0.19,1.078,0.0003
p073,Jan Oblak,Atletico Madrid,GK,10,2024-10-14,6.55,48.35,67.44,-0.1849,2.44,0,0.6512,6.4892,0.0111,6.5581,0.0586,0.96,0.0004
p073,Jan Oblak,Atletico Madrid,GK,11,2024-10-21,6.753,46.97,65.96,-0.2431,7.2,0,1.4119,6.5548,0.0446,6.5932,-0.0923,1.06,0.0002
p073,Jan Oblak,Atletico Madrid,GK,12,2024-10-28,6.916,46.41,65.6,0.055,-5.32,0,1.3414,6.6368,0.1022,6.6496,-0.1048,0.721,0.0002
p073,Jan Oblak,Atletico Madrid,GK,13,2024-11-04,6.821,45.73,67.62,0.5729,-9.98,0,0.631,6.6814,0.1274,6.6789,0.05,0.84,0.0002
p073,Jan Oblak,Atletico Madrid,GK,14,2024-11-11,7.347,45.89,64.4,-0.184,-5.97,0,1.5924,6.8774,0.1662,6.7906,0.0502,1.318,0.0003
p073,Jan Oblak,Atletico Madrid,GK,15,2024-11-18,7.776,46.25,63.84,-0.044,-7.85,0,1.5114,7.1226,0.2477,6.9525,0.1,1.153,0.0003
p073,Jan Oblak,Atletico Madrid,GK,16,2024-11-25,7.796,47.9,67.01,-0.1154,-16.14,0,1.0102,7.3312,0.2715,7.0892,0.0574,0.847,0.0002
p073,Jan Oblak,Atletico Madrid,GK,17,2024-12-02,7.543,47.69,72.24,0.3824,-12.47,0,0.2159,7.4566,0.1893,7.1619,0.0098,1.036,0.0003
p073,Jan Oblak,Atletico Madrid,GK,18,2024-12-09,7.284,48.34,76.0,0.4864,-5.91,0,-1.1217,7.5492,-0.0359,7.1812,0.1774,0.928,0.0002
p073,Jan Oblak,Atletico Madrid,GK,19,2024-12-16,7.471,48.67,75.6,-0.0211,-12.77,0,-0.478,7.574,-0.1122,7.2268,0.1831,1.159,0.0014
p073,Jan Oblak,Atletico Madrid,GK,20,2024-12-23,7.047,49.27,80.01,0.6258,-5.18,0,-1.3554,7.4282,-0.157,7.1987,0.3684,0.996,0.0004
p073,Jan Oblak,Atletico Madrid,GK,21,2024-12-30,7.269,49.56,77.59,-0.0513,-3.5,0,-0.277,7.3228,-0.0785,7.2096,0.26,1.13,0.0008
p073,Jan Oblak,Atletico Madrid,GK,22,2025-01-06,6.787,50.44,81.63,0.2757,-6.8,0,-1.4663,7.1716,-0.1196,7.1444,0.2073,0.754,0.0012
p073,Jan Oblak,Atletico Madrid,GK,23,2025-01-13,6.726,51.15,80.5,0.1016,-8.93,0,-1.0577,7.06,-0.175,7.0801,0.238,1.152,0.0009
p073,Jan Oblak,Atletico Madrid,GK,24,2025-01-20,6.905,50.04,77.52,0.09,-9.26,0,-0.1918,6.9468,-0.0827,7.0533,0.104,1.029,0.0018
p073,Jan Oblak,Atletico Madrid,GK,25,2025-01-27,6.622,49.89,79.08,0.2344,-1.84,0,-0.9607,6.8618,-0.1176,6.9875,0.1754,0.914,0.0013
p073,Jan Oblak,Atletico Madrid,GK,26,2025-02-03,6.954,49.99,74.84,-0.1216,6.5,0,1.1563,6.7988,0.023,6.9824,0.0761,0.878,0.0002
p074,Sadio Mané,Al Nassr,FW,1,2024-08-12,6.104,30.9,30.9,0.0888,-3.86,0,,,,,0.0888,1.0,0.0013
p074,Sadio Mané,Al Nassr,FW,2,2024-08-19,5.807,30.66,58.08,0.0164,-13.48,0,-0.7071,5.9555,,5.9435,0.0526,0.965,0.0003
p074,Sadio Mané,Al Nassr,FW,3,2024-08-26,6.545,29.63,56.39,0.3235,-14.32,0,1.0583,6.152,,6.1773,0.1429,0.852,0.0003
p074,Sadio Mané,Al Nassr,FW,4,2024-09-02,7.234,28.38,57.57,0.0036,-4.44,0,1.3085,6.4225,,6.5089,0.1081,0.837,0.0002
p074,Sadio Mané,Al Nassr,FW,5,2024-09-09,7.514,28.48,62.03,-0.1355,-17.36,0,1.2032,6.6408,0.4247,6.7799,0.052,1.337,0.0002
p074,Sadio Mané,Al Nassr,FW,6,2024-09-16,7.528,29.51,67.12,0.2733,-17.89,0,0.8122,6.9256,0.4411,6.9601,0.1162,1.037,0.0002
p074,Sadio Mané,Al Nassr,FW,7,2024-09-23,7.548,27.94,70.66,0.3792,-12.51,0,0.6418,7.2738,0.23,7.0899,0.1301,1.082,0.0002
p074,Sadio Mané,Al Nassr,FW,8,2024-09-30,7.434,26.68,74.14,0.574,-9.63,0,-0.1363,7.4516,0.0434,7.1608,0.2727,0.887,0.0002
p074,Sadio Mané,Al Nassr,FW,9,2024-10-07,7.366,26.23,76.14,0.5283,-18.9,0,-1.4714,7.478,-0.039,7.2009,0.4387,1.215,0.0014
p074,Sadio Mané,Al Nassr,FW,10,2024-10-14,6.601,25.38,82.3,0.2141,-15.44,0,-1.7577,7.2954,-0.2036,7.0888,0.4239,0.986,0.9988
p074,Sadio Mané,Al Nassr,FW,11,2024-10-21,7.136,26.44,75.95,0.2683,-11.33,0,-0.2155,7.217,-0.1657,7.0973,0.3962,0.73,0.0007
p074,Sadio Mané,Al Nassr,FW,12,2024-10-28,7.549,25.03,73.17,0.3599,-19.13,0,0.8824,7.2172,0.0,7.1763,0.3426,1.181,0.0003
p074,Sadio Mané,Al Nassr,FW,13,2024-11-04,6.962,23.53,79.34,-0.299,-15.01,0,-0.438,7.1228,0.014,7.1398,0.1358,0.766,0.0002
p074,Sadio Mané,Al Nassr,FW,14,2024-11-11,7.153,22.99,77.05,-0.2895,-7.65,0,0.212,7.0802,0.093,7.142,0.0099,1.345,0.0002
p074,Sadio Mané,Al Nassr,FW,15,2024-11-18,7.031,22.04,78.02,-0.0024,-4.22,0,-0.5935,7.1662,-0.0606,7.1237,-0.0578,1.024,0.0005
p074,Sadio Mané,Al Nassr,FW,16,2024-11-25,6.841,21.05,79.02,-0.4341,-13.66,0,-0.9802,7.1072,-0.1347,7.0779,-0.2562,1.254,0.0017
p074,Sadio Mané,Al Nassr,FW,17,2024-12-02,6.893,20.94,77.52,-0.5629,-5.72,0,-0.6796,6.976,-0.045,7.0483,-0.3222,0.909,0.0008
p074,Sadio Mané,Al Nassr,FW,18,2024-12-09,6.163,21.51,82.42,-0.4286,-10.67,0,-1.6968,6.8162,-0.2118,6.908,-0.357,1.1,0.9982
p074,Sadio Mané,Al Nassr,FW,19,2024-12-16,6.039,20.76,79.96,-0.3806,-1.3,0,-1.2133,6.5934,-0.2662,6.7714,-0.4515,0.859,0.0009
p074,Sadio Mané,Al Nassr,FW,20,2024-12-23,5.947,20.79,77.34,-0.2531,4.2,0,-0.9451,6.3766,-0.2642,6.6428,-0.4063,1.2,0.0009
p074,Sadio Mané,Al Nassr,FW,21,2024-12-30,5.855,20.61,74.91,-0.1409,1.24,0,-0.7819,6.1794,-0.2292,6.5206,-0.3008,1.095,0.0013
p074,Sadio Mané,Al Nassr,FW,22,2025-01-06,5.257,18.76,76.59,-0.0699,-8.19,0,-1.6924,5.8522,-0.1996,6.3256,-0.2111,1.104,0.9984
p074,Sadio Mané,Al Nassr,FW,23,2025-01-13,5.293,19.41,71.51,-0.1677,-9.11,0,-1.03,5.6782,-0.2182,6.1669,-0.1579,0.813,0.0029
p074,Sadio Mané,Al Nassr,FW,24,2025-01-20,5.544,19.62,65.64,0.0148,20.03,0,-0.1115,5.5792,-0.1368,6.0715,-0.0909,0.922,0.0016
p074,Sadio Mané,Al Nassr,FW,25,2025-01-27,5.567,19.41,63.1,-0.3885,14.61,0,0.2636,5.5032,-0.0289,5.9945,-0.1528,0.839,0.0004
p074,Sadio Mané,Al Nassr,FW,26,2025-02-03,5.366,18.65,62.79,0.4039,3.51,0,-0.276,5.4054,0.0492,5.8989,-0.0344,1.255,0.0008
p075,Riyad Mahrez,Al Ahli,FW,1,2024-08-12,6.452,24.82,24.82,0.3219,-2.5,0,,,,,0.3219,1.0,0.0013
p075,Riyad Mahrez,Al Ahli,FW,2,2024-08-19,7.007,24.89,67.47,0.408,-4.32,0,0.7071,6.7295,,6.752,0.365,1.047,0.0004
p075,Riyad Mahrez,Al Ahli,FW,3,2024-08-26,7.683,25.05,69.7,-0.0709,-12.38,0,1.0311,7.0473,,7.1139,0.2197,0.841,0.0002
p075,Riyad Mahrez,Al Ahli,FW,4,2024-09-02,7.051,25.6,76.91,0.2482,-6.75,0,0.0055,7.0482,,7.0942,0.2268,1.225,0.0002
p075,Riyad Mahrez,Al Ahli,FW,5,2024-09-09,7.495,23.94,74.59,0.1862,-21.01,0,0.7453,7.1376,0.213,7.2022,0.1929,1.101,0.0002
p075,Riyad Mahrez,Al Ahli,FW,6,2024-09-16,7.918,23.52,74.41,-0.3467,-15.66,0,1.2287,7.4308,0.1634,7.3746,0.0042,1.123,0.0003
p075,Riyad Mahrez,Al Ahli,FW,7,2024-09-23,7.62,23.6,79.66,0.1682,-13.74,0,0.208,7.5534,0.0741,7.4288,0.064,0.834,0.0002
p075,Riyad Mahrez,Al Ahli,FW,8,2024-09-30,7.655,24.0,80.59,0.0805,-13.01,0,0.3376,7.5478,0.1333,7.4754,0.0221,0.938,0.0002
p075,Riyad Mahrez,Al Ahli,FW,9,2024-10-07,7.745,22.68,81.02,-0.3003,-26.33,0,0.371,7.6866,0.0237,7.5281,-0.0996,0.823,0.0002
p075,Riyad Mahrez,Al Ahli,FW,10,2024-10-14,8.239,23.67,78.81,0.2929,-14.72,0,1.5928,7.8354,0.0767,7.6608,0.0603,1.015,0.0002
p075,Riyad Mahrez,Al Ahli,FW,11,2024-10-21,8.062,23.48,83.1,-0.2235,-9.0,0,0.7256,7.8642,0.1468,7.7331,-0.0376,0.805,0.0002
p075,Riyad Mahrez,Al Ahli,FW,12,2024-10-28,8.712,24.47,80.08,-0.1077,-19.27,0,1.4857,8.0826,0.2431,7.9043,-0.0846,1.195,0.0002
p075,Riyad Mahrez,Al Ahli,FW,13,2024-11-04,9.15,24.64,80.89,0.972,-42.81,0,1.3872,8.3816,0.3283,8.1168,0.2334,0.974,0.0003
p075,Riyad Mahrez,Al Ahli,FW,14,2024-11-11,9.325,25.92,84.63,-0.1267,-42.18,0,1.1394,8.6976,0.326,8.3188,0.1285,0.975,0.0003
p075,Riyad Mahrez,Al Ahli,FW,15,2024-11-18,9.76,26.72,85.6,-0.0086,-33.15,0,1.174,9.0018,0.4009,8.5557,0.1822,0.929,0.0003
p075,Riyad Mahrez,Al Ahli,FW,16,2024-11-25,9.817,25.63,91.44,-0.3572,-24.28,0,1.0167,9.3528,0.282,8.7601,0.1199,1.305,0.0003
p075,Riyad Mahrez,Al Ahli,FW,17,2024-12-02,10.0,26.37,94.98,-0.5353,-15.06,0,1.0908,9.6104,0.2192,8.9586,-0.257,1.161,0.0003
p075,Riyad Mahrez,Al Ahli,FW,18,2024-12-09,9.22,26.66,105.8,0.7005,41.25,0,-1.206,9.6244,0.003,9.0,-0.0502,0.914,0.0004
p075,Riyad Mahrez,Al Ahli,FW,19,2024-12-16,8.666,26.0,111.1,0.5279,5.76,0,-1.5144,9.4926,-0.2785,8.9475,0.084,0.705,0.0013
p075,Riyad Mahrez,Al Ahli,FW,20,2024-12-23,9.455,26.57,103.69,-0.5305,34.84,0,0.0446,9.4316,-0.2058,9.0267,0.0407,0.867,0.0015
p075,Riyad Mahrez,Al Ahli,FW,21,2024-12-30,9.198,27.11,107.63,0.9064,42.69,0,-0.2274,9.3078,-0.1369,9.0533,0.4011,0.93,0.0028
p075,Riyad Mahrez,Al Ahli,FW,22,2025-01-06,9.726,27.02,104.15,0.6329,24.66,0,1.208,9.253,0.1544,9.1571,0.3842,1.022,0.0003
p075,Riyad Mahrez,Al Ahli,FW,23,2025-01-13,9.934,26.32,105.07,0.136,10.95,0,1.0907,9.3958,0.2807,9.2765,0.2862,0.941,0.0003
p075,Riyad Mahrez,Al Ahli,FW,24,2025-01-20,10.0,27.81,107.49,-0.1704,-5.34,0,1.0054,9.6626,0.1826,9.3872,0.3762,1.027,0.0004
p075,Riyad Mahrez,Al Ahli,FW,25,2025-01-27,10.0,28.29,110.22,0.4958,11.42,0,0.6722,9.7716,0.1878,9.4808,0.2736,1.267,0.0004
p075,Riyad Mahrez,Al Ahli,FW,26,2025-02-03,9.855,28.25,113.67,0.3219,15.19,0,-0.4154,9.903,0.0324,9.5377,0.1958,1.188,0.0005
p076,Alphonso Davies,Bayern Munich,DF,1,2024-08-12,7.226,79.9,79.9,-0.0103,-2.33,0,,,,,-0.0103,1.0,0.0007
p076,Alphonso Davies,Bayern Munich,DF,2,2024-08-19,7.276,80.89,78.77,-0.2129,-5.19,0,0.7071,7.251,,7.253,-0.1116,0.892,0.0007
p076,Alphonso Davies,Bayern Munich,DF,3,2024-08-26,7.372,81.45,78.94,0.1059,0.85,0,1.0872,7.2913,,7.2993,-0.0391,0.965,0.0007
p076,Alphonso Davies,Bayern Munich,DF,4,2024-09-02,6.738,80.5,81.03,-0.3903,-8.0,0,-1.4653,7.153,,7.1231,-0.1269,0.866,0.0003
p076,Alphonso Davies,Bayern Munich,DF,5,2024-09-09,6.783,81.5,78.38,0.3173,-8.92,0,-1.0004,7.079,-0.1424,7.0314,-0.045,0.939,0.0028
p076,Alphonso Davies,Bayern Munich,DF,6,2024-09-16,7.086,81.11,74.45,0.6034,1.02,0,0.1228,7.051,-0.0969,7.0446,0.1591,1.393,0.0008
p076,Alphonso Davies,Bayern Munich,DF,7,2024-09-23,7.08,78.84,75.33,0.1934,-2.55,0,0.2639,7.0118,-0.0236,7.0524,0.181,0.991,0.0002
p076,Alphonso Davies,Bayern Munich,DF,8,2024-09-30,7.027,78.23,75.83,-0.2099,-1.54,0,0.499,6.9428,0.0875,7.0472,0.2261,0.871,0.0002
p076,Alphonso Davies,Bayern Munich,DF,9,2024-10-07,6.969,78.68,76.1,0.2853,-4.51,0,-0.1607,6.989,0.0313,7.0319,0.218,0.796,0.0003
p076,Alphonso Davies,Bayern Munich,DF,10,2024-10-14,6.66,78.52,77.3,-0.0057,-5.42,0,-1.7237,6.9644,-0.0963,6.9624,0.0658,1.0,0.9991
p076,Alphonso Davies,Bayern Munich,DF,11,2024-10-21,7.042,78.86,73.59,0.193,0.21,0,0.5082,6.9556,-0.0443,6.9768,0.0657,1.376,0.0006
p076,Alphonso Davies,Bayern Munich,DF,12,2024-10-28,6.889,79.48,75.03,0.1188,-6.01,0,-0.1821,6.9174,-0.0203,6.9614,0.1478,1.015,0.0003
p076,Alphonso Davies,Bayern Munich,DF,13,2024-11-04,6.958,77.65,74.16,0.3558,0.42,0,0.3711,6.9036,0.0207,6.9608,0.1655,1.213,0.0003
p076,Alphonso Davies,Bayern Munich,DF,14,2024-11-11,6.488,77.59,77.65,0.1878,-11.29,0,-1.4003,6.8074,-0.0428,6.8818,0.2138,0.828,0.0007
p076,Alphonso Davies,Bayern Munich,DF,15,2024-11-18,6.44,78.55,76.12,-0.031,-3.16,0,-1.1585,6.7634,-0.1605,6.8092,0.1578,0.947,0.0008
p076,Alphonso Davies,Bayern Munich,DF,16,2024-11-25,6.609,77.33,73.09,-0.1365,-6.86,0,-0.2888,6.6768,-0.1078,6.7767,0.094,1.051,0.0008
p076,Alphonso Davies,Bayern Munich,DF,17,2024-12-02,6.483,75.58,73.27,0.0119,-8.14,0,-0.5308,6.5956,-0.0829,6.7297,0.0081,0.916,0.0011
p076,Alphonso Davies,Bayern Munich,DF,18,2024-12-09,6.359,76.49,73.09,0.4009,7.42,0,-1.2885,6.4758,-0.0215,6.671,0.0613,1.207,0.0004
p076,Alphonso Davies,Bayern Munich,DF,19,2024-12-16,6.318,76.28,71.97,0.0028,8.07,0,-1.0875,6.4418,-0.0494,6.6155,0.0698,0.98,0.0009
p076,Alphonso Davies,Bayern Munich,DF,20,2024-12-23,6.461,76.62,69.51,0.2542,3.99,0,0.1314,6.446,-0.0461,6.5914,0.1675,0.96,0.0023
p076,Alphonso Davies,Bayern Munich,DF,21,2024-12-30,6.51,76.19,68.53,0.276,5.47,0,1.0073,6.4262,0.0156,6.5788,0.2335,0.978,0.0003
p076,Alphonso Davies,Bayern Munich,DF,22,2025-01-06,7.21,76.2,62.75,0.0399,10.6,0,1.7487,6.5716,0.1894,6.6762,0.1432,1.143,0.0002
p076,Alphonso Davies,Bayern Munich,DF,23,2025-01-13,7.608,77.64,62.03,0.0164,-6.11,0,1.4071,6.8214,0.3329,6.8194,0.1466,0.782,0.0002
p076,Alphonso Davies,Bayern Munich,DF,24,2025-01-20,7.424,78.04,66.99,0.0743,-2.64,0,0.7224,7.0426,0.3024,6.9119,0.1017,1.105,0.0003
p076,Alphonso Davies,Bayern Munich,DF,25,2025-01-27,7.765,77.32,66.59,-0.3623,-13.85,0,0.9429,7.3034,0.2724,7.0421,-0.0579,1.092,0.0003
p076,Alphonso Davies,Bayern Munich,DF,26,2025-02-03,7.116,78.48,74.92,0.226,0.76,0,-1.1445,7.4246,-0.0031,7.0534,-0.0114,0.866,0.0002
p077,Alejandro Balde,Barcelona,DF,1,2024-08-12,7.598,50.42,50.42,-0.0951,-5.56,0,,,,,-0.0951,1.0,0.0006
p077,Alejandro Balde,Barcelona,DF,2,2024-08-19,7.348,48.52,84.01,0.2686,-3.89,0,-0.7071,7.473,,7.4629,0.0867,1.122,0.0002
p077,Alejandro Balde,Barcelona,DF,3,2024-08-26,7.667,47.65,82.39,-0.004,-17.52,0,0.7706,7.5377,,7.5422,0.0565,0.942,0.0002
p077,Alejandro Balde,Barcelona,DF,4,2024-09-02,7.554,47.11,83.89,0.3354,-6.79,0,0.0892,7.5418,,7.5459,0.1262,1.117,0.0002
p077,Alejandro Balde,Barcelona,DF,5,2024-09-09,8.035,47.0,81.82,0.4074,-10.21,0,1.5747,7.6404,0.108,7.6778,0.2518,0.874,0.0002
p077,Alejandro Balde,Barcelona,DF,6,2024-09-16,7.544,47.79,86.93,0.5152,-9.43,0,-0.337,7.6296,0.076,7.6456,0.3135,1.032,0.0002
p077,Alejandro Balde,Barcelona,DF,7,2024-09-23,7.315,48.46,87.62,0.2163,-2.22,0,-1.1693,7.623,-0.0714,7.5726,0.3686,0.807,0.0004
p077,Alejandro Balde,Barcelona,DF,8,2024-09-30,6.596,48.44,90.6,-0.451,-11.19,0,-1.5493,7.4088,-0.2636,7.3712,0.172,0.973,0.0016
p077,Alejandro Balde,Barcelona,DF,9,2024-10-07,6.294,49.21,88.19,-0.2108,-9.84,0,-1.2186,7.1568,-0.443,7.1609,0.0174,1.198,0.0013
p077,Alejandro Balde,Barcelona,DF,10,2024-10-14,5.616,48.86,88.12,0.5313,-17.76,0,-1.354,6.673,-0.4877,6.8724,0.0215,0.839,0.001
p077,Alejandro Balde,Barcelona,DF,11,2024-10-21,5.568,49.04,81.85,0.0348,-2.89,0,-0.9752,6.2778,-0.4474,6.6374,-0.0239,0.966,0.0008
p077,Alejandro Balde,Barcelona,DF,12,2024-10-28,5.446,49.38,77.28,0.0131,-0.01,0,-0.8997,5.904,-0.3026,6.4291,0.0921,1.056,0.0016
p077,Alejandro Balde,Barcelona,DF,13,2024-11-04,5.268,48.68,73.69,0.2856,10.55,0,-0.9489,5.6384,-0.2222,6.231,0.2162,1.253,0.0046
p077,Alejandro Balde,Barcelona,DF,14,2024-11-11,4.82,48.7,72.32,0.2348,-6.79,0,-1.6257,5.3436,-0.1892,5.9951,0.1421,1.03,0.9988
p077,Alejandro Balde,Barcelona,DF,15,2024-11-18,4.915,48.69,65.97,0.7106,-9.4,0,-0.8836,5.2034,-0.1932,5.8175,0.311,0.773,0.0019
p077,Alejandro Balde,Barcelona,DF,16,2024-11-25,5.424,48.3,57.84,0.0724,-1.61,0,0.8583,5.1746,-0.0397,5.7538,0.3259,0.751,0.0009
p077,Alejandro Balde,Barcelona,DF,17,2024-12-02,5.631,48.55,54.72,0.0285,2.37,0,1.2294,5.2116,0.133,5.7341,0.2616,0.976,0.0003
p077,Alejandro Balde,Barcelona,DF,18,2024-12-09,6.675,48.76,46.2,0.3942,14.5,0,1.5909,5.493,0.4426,5.8833,0.3014,1.212,0.0003
p077,Alejandro Balde,Barcelona,DF,19,2024-12-16,7.292,48.41,45.06,0.3007,-7.21,0,1.3439,5.9874,0.6005,6.1047,0.199,0.902,0.0002
p077,Alejandro Balde,Barcelona,DF,20,2024-12-23,7.439,47.41,49.33,-0.2841,-8.15,0,1.0191,6.4922,0.5691,6.3129,0.1098,1.061,0.0002
p077,Alejandro Balde,Barcelona,DF,21,2024-12-30,7.237,47.18,56.0,0.0344,-2.66,0,0.5144,6.8548,0.3976,6.4562,0.1113,1.168,0.0002
p077,Alejandro Balde,Barcelona,DF,22,2025-01-06,7.452,46.95,57.84,0.7385,-8.53,0,0.7329,7.219,0.1499,6.6099,0.1974,0.928,0.0002
p077,Alejandro Balde,Barcelona,DF,23,2025-01-13,7.323,46.59,62.62,-0.4435,-3.98,0,-0.273,7.3486,0.0075,6.7195,0.0113,1.18,0.0002
p077,Alejandro Balde,Barcelona,DF,24,2025-01-20,6.787,44.29,69.53,-0.1507,-14.95,0,-1.6922,7.2476,-0.1218,6.7298,0.0447,1.078,0.9981
p077,Alejandro Balde,Barcelona,DF,25,2025-01-27,7.23,43.91,66.3,0.0216,-11.89,0,0.0965,7.2058,-0.0679,6.8061,0.0415,1.032,0.0003
p077,Alejandro Balde,Barcelona,DF,26,2025-02-03,7.704,44.09,64.45,0.6358,-17.89,0,1.2003,7.2992,0.0411,6.9428,0.0158,0.95,0.0002
p078,João Cancelo,Barcelona,DF,1,2024-08-12,6.847,48.98,48.98,-0.2949,0.52,0,,,,,-0.2949,1.0,0.0007
p078,João Cancelo,Barcelona,DF,2,2024-08-19,7.399,49.76,74.12,0.3923,-8.79,0,0.7071,7.123,,7.1454,0.0487,1.215,0.0002
p078,João Cancelo,Barcelona,DF,3,2024-08-26,7.125,49.37,77.26,0.2378,-8.5,0,0.0048,7.1237,,7.1375,0.1117,1.016,0.0002
p078,João Cancelo,Barcelona,DF,4,2024-09-02,7.748,49.79,75.18,0.2816,-9.59,0,1.2162,7.2798,,7.3291,0.1542,1.032,0.0002
p078,João Cancelo,Barcelona,DF,5,2024-09-09,8.024,50.72,77.24,0.091,-13.56,0,1.2638,7.4286,0.2703,7.5164,0.2507,1.024,0.0002
p078,João Cancelo,Barcelona,DF,6,2024-09-16,8.071,51.21,80.56,0.565,-13.24,0,0.9769,7.6734,0.2243,7.65,0.2938,0.794,0.0003
p078,João Cancelo,Barcelona,DF,7,2024-09-23,8.55,50.17,80.46,-0.1017,-23.37,0,1.2378,7.9036,0.3173,7.8487,0.209,0.841,0.0003
p078,João Cancelo,Barcelona,DF,8,2024-09-30,8.589,50.11,84.43,0.0625,-19.12,0,1.083,8.1964,0.2208,8.0013,0.1542,1.158,0.0003
p078,João Cancelo,Barcelona,DF,9,2024-10-07,8.571,49.57,87.9,-0.486,-29.05,0,0.7317,8.361,0.1612,8.1125,0.0099,0.922,0.0003
p078,João Cancelo,Barcelona,DF,10,2024-10-14,8.971,50.33,87.65,-0.6718,-27.15,0,1.3159,8.5504,0.1821,8.2729,-0.2992,0.845,0.0003
p078,João Cancelo,Barcelona,DF,11,2024-10-21,8.035,52.15,97.93,0.1595,-25.55,0,-1.525,8.5432,-0.0648,8.23,-0.234,0.959,0.0005
p078,João Cancelo,Barcelona,DF,12,2024-10-28,8.078,53.19,96.63,0.2432,-14.47,0,-0.9449,8.4488,-0.1558,8.2034,-0.1888,1.301,0.001
p078,João Cancelo,Barcelona,DF,13,2024-11-04,8.108,53.58,95.78,0.138,-0.59,0,-0.5993,8.3526,-0.1819,8.1872,-0.0328,1.118,0.0012
p078,João Cancelo,Barcelona,DF,14,2024-11-11,7.923,53.71,96.77,0.2449,-0.76,0,-0.7076,8.223,-0.2023,8.143,0.1964,1.054,0.001
p078,João Cancelo,Barcelona,DF,15,2024-11-18,7.894,54.57,95.94,0.3835,-1.75,0,-1.2,8.0076,-0.0437,8.1021,0.2524,0.884,0.0007
p078,João Cancelo,Barcelona,DF,16,2024-11-25,8.543,53.12,90.02,0.0612,0.28,0,1.6693,8.1092,0.0716,8.1735,0.2069,1.021,0.0003
p078,João Cancelo,Barcelona,DF,17,2024-12-02,7.773,52.6,97.64,-0.0055,-10.14,0,-0.9128,8.0482,-0.005,8.1094,0.171,1.067,0.0005
p078,João Cancelo,Barcelona,DF,18,2024-12-09,7.486,52.7,98.29,-0.1986,2.1,0,-1.1316,7.9238,-0.0995,8.0106,0.0601,1.028,0.0019
p078,João Cancelo,Barcelona,DF,19,2024-12-16,7.262,52.61,97.62,0.1856,15.33,0,-1.0871,7.7916,-0.2321,7.8929,0.0107,0.89,0.0017
p078,João Cancelo,Barcelona,DF,20,2024-12-23,7.24,51.82,94.92,0.4271,16.7,0,-0.7822,7.6608,-0.3117,7.791,0.1021,0.9,0.0008
p078,João Cancelo,Barcelona,DF,21,2024-12-30,7.192,52.53,92.8,0.3051,13.33,0,-0.8211,7.3906,-0.1408,7.6981,0.1798,1.058,0.0008
p078,João Cancelo,Barcelona,DF,22,2025-01-06,7.307,53.76,89.62,0.708,15.0,0,0.0848,7.2974,-0.0428,7.6378,0.4064,1.101,0.0006
p078,João Cancelo,Barcelona,DF,23,2025-01-13,6.621,54.72,93.51,0.1147,-8.66,0,-1.7698,7.1244,-0.1215,7.4815,0.3887,1.14,0.9986
p078,João Cancelo,Barcelona,DF,24,2025-01-20,7.607,54.32,81.92,-0.037,-2.22,0,1.154,7.1934,0.0163,7.5007,0.2727,0.734,0.0002
p078,João Cancelo,Barcelona,DF,25,2025-01-27,7.718,55.65,81.52,0.0458,-0.28,0,0.9966,7.289,0.1352,7.5339,0.2079,1.083,0.0002
p078,João Cancelo,Barcelona,DF,26,2025-02-03,8.354,55.44,77.33,0.3359,8.51,0,1.3182,7.5214,0.3191,7.6587,0.1148,0.721,0.0002
p079,Trent Alexander-Arnold,Real Madrid,DF,1,2024-08-12,7.71,80.38,80.38,-0.0722,-11.92,0,,,,,-0.0722,1.0,0.0006
p079,Trent Alexander-Arnold,Real Madrid,DF,2,2024-08-19,7.856,81.24,87.27,-0.2864,15.95,0,0.7071,7.783,,7.7889,-0.1793,1.017,0.0003
p079,Trent Alexander-Arnold,Real Madrid,DF,3,2024-08-26,7.749,79.68,88.13,0.1126,17.39,0,-0.2999,7.7717,,7.7734,-0.082,0.916,0.0005
p079,Trent Alexander-Arnold,Real Madrid,DF,4,2024-09-02,7.602,80.05,87.79,-0.0698,3.19,0,-1.2129,7.7292,,7.7196,-0.0789,0.946,0.0004
p079,Trent Alexander-Arnold,Real Madrid,DF,5,2024-09-09,7.704,79.41,86.99,0.3117,-0.1,0,-0.2206,7.7242,-0.0266,7.7154,0.017,0.778,0.0003
p079,Trent Alexander-Arnold,Real Madrid,DF,6,2024-09-16,8.08,78.92,84.92,-0.0575,6.83,0,1.5481,7.7982,0.0403,7.8032,0.0742,0.959,0.0002
p079,Trent Alexander-Arnold,Real Madrid,DF,7,2024-09-23,8.361,79.98,85.05,0.2186,-1.31,0,1.4697,7.8992,0.1702,7.9264,0.1007,1.225,0.0003
p079,Trent Alexander-Arnold,Real Madrid,DF,8,2024-09-30,8.403,80.04,87.4,0.6259,1.02,0,1.0146,8.03,0.2259,8.0246,0.2747,1.198,0.0002
p079,Trent Alexander-Arnold,Real Madrid,DF,9,2024-10-07,8.826,79.85,86.76,0.2971,-8.97,0,1.3257,8.2748,0.2567,8.1811,0.271,1.078,0.0003
p079,Trent Alexander-Arnold,Real Madrid,DF,10,2024-10-14,8.445,79.55,92.89,0.5058,-14.07,0,0.0825,8.423,0.1195,8.2304,0.4119,0.649,0.0002
p079,Trent Alexander-Arnold,Real Madrid,DF,11,2024-10-21,9.336,79.86,87.72,-0.3739,-4.4,0,1.599,8.6742,0.1992,8.4295,0.2637,0.947,0.0003
p079,Trent Alexander-Arnold,Real Madrid,DF,12,2024-10-28,8.954,80.69,94.53,-0.3121,-6.84,0,0.4179,8.7928,0.1612,8.5213,0.0292,1.04,0.0003
p079,Trent Alexander-Arnold,Real Madrid,DF,13,2024-11-04,8.974,80.77,97.12,0.1299,-14.98,0,0.2091,8.907,0.0805,8.5985,-0.0126,1.226,0.0003
p079,Trent Alexander-Arnold,Real Madrid,DF,14,2024-11-11,9.079,80.38,98.17,0.2944,-17.38,0,0.3742,8.9576,0.0906,8.6788,-0.0654,0.825,0.0003
p079,Trent Alexander-Arnold,Real Madrid,DF,15,2024-11-18,9.18,80.99,99.33,0.2094,-3.28,0,0.4778,9.1046,-0.0187,8.7612,0.0804,0.894,0.0004
p079,Trent Alexander-Arnold,Real Madrid,DF,16,2024-11-25,9.566,80.43,98.37,-0.1633,5.16,0,1.667,9.1506,0.143,8.8916,0.1176,1.046,0.0003
p079,Trent Alexander-Arnold,Real Madrid,DF,17,2024-12-02,9.287,81.62,103.66,0.2704,16.15,0,0.3075,9.2172,0.1113,8.9549,0.1527,0.973,0.0003
p079,Trent Alexander-Arnold,Real Madrid,DF,18,2024-12-09,9.442,81.99,104.0,0.1536,35.44,0,0.6692,9.3108,0.0833,9.0321,0.1175,0.923,0.0003
p079,Trent Alexander-Arnold,Real Madrid,DF,19,2024-12-16,9.698,83.3,103.9,-0.0595,22.78,0,1.2654,9.4346,0.0912,9.1368,0.0503,0.798,0.0003
p079,Trent Alexander-Arnold,Real Madrid,DF,20,2024-12-23,10.0,84.51,104.11,0.4824,13.82,0,1.4814,9.5986,0.1279,9.2715,0.2117,1.323,0.0003
p079,Trent Alexander-Arnold,Real Madrid,DF,21,2024-12-30,9.951,84.63,107.79,0.2918,-17.95,0,0.8852,9.6756,0.1886,9.3769,0.2171,1.098,0.0005
p079,Trent Alexander-Arnold,Real Madrid,DF,22,2025-01-06,10.0,85.31,109.99,0.4301,-5.76,0,0.7426,9.8182,0.1369,9.473,0.2862,0.822,0.0003
p079,Trent Alexander-Arnold,Real Madrid,DF,23,2025-01-13,10.0,85.37,112.36,0.1317,10.25,0,0.5346,9.9298,0.0604,9.554,0.334,1.054,0.0004
p079,Trent Alexander-Arnold,Real Madrid,DF,24,2025-01-20,10.0,85.58,114.35,0.2497,14.7,0,0.4472,9.9902,0.0049,9.6223,0.2758,1.183,0.0008
p079,Trent Alexander-Arnold,Real Madrid,DF,25,2025-01-27,10.0,84.77,116.03,0.205,20.36,0,0.4472,9.9902,0.0098,9.6799,0.2541,1.069,0.0009
p079,Trent Alexander-Arnold,Real Madrid,DF,26,2025-02-03,9.921,86.76,118.08,-0.4058,13.42,0,-1.7889,9.9842,-0.0158,9.7166,0.0452,0.722,0.9978
p080,Andrew Robertson,Liverpool,DF,1,2024-08-12,7.018,50.43,50.43,-0.3172,1.33,0,,,,,-0.3172,1.0,0.0007
p080,Andrew Robertson,Liverpool,DF,2,2024-08-19,6.808,51.59,74.37,-0.0652,-13.95,0,-0.7071,6.913,,6.9045,-0.1912,1.143,0.0003
p080,Andrew Robertson,Liverpool,DF,3,2024-08-26,6.722,51.68,73.36,0.2748,-10.6,0,-0.8362,6.8493,,6.8335,-0.0359,1.006,0.0003
p080,Andrew Robertson,Liverpool,DF,4,2024-09-02,7.02,51.67,71.39,-0.618,-12.0,0,0.8488,6.892,,6.8921,-0.1814,1.011,0.0003
p080,Andrew Robertson,Liverpool,DF,5,2024-09-09,7.138,51.29,71.87,-0.0165,-12.52,0,1.1525,6.9412,0.0452,6.9584,-0.1062,1.061,0.0002
p080,Andrew Robertson,Liverpool,DF,6,2024-09-16,7.642,50.97,70.47,-0.2727,-9.44,0,1.5915,7.066,0.2084,7.123,-0.1581,0.961,0.0002
p080,Andrew Robertson,Liverpool,DF,7,2024-09-23,7.597,49.75,74.08,0.357,-21.14,0,0.9519,7.2238,0.2372,7.2277,-0.1376,1.174,0.0002
p080,Andrew Robertson,Liverpool,DF,8,2024-09-30,7.914,51.39,74.3,-0.0257,-20.11,0,1.2126,7.4622,0.2247,7.3692,0.0105,0.929,0.0002
p080,Andrew Robertson,Liverpool,DF,9,2024-10-07,8.223,52.49,75.36,0.1958,-11.49,0,1.2913,7.7028,0.2442,7.5358,0.0636,1.025,0.0002
p080,Andrew Robertson,Liverpool,DF,10,2024-10-14,7.994,51.82,80.68,0.0648,-23.85,0,0.4633,7.874,0.133,7.6214,0.148,1.045,0.0002
p080,Andrew Robertson,Liverpool,DF,11,2024-10-21,8.136,51.77,81.63,0.3138,-9.12,0,0.6742,7.9728,0.1158,7.7141,0.1372,0.741,0.0002
p080,Andrew Robertson,Liverpool,DF,12,2024-10-28,8.195,52.58,83.36,-0.0404,-7.26,0,0.7701,8.0924,0.0475,7.7982,0.1335,1.084,0.0003
p080,Andrew Robertson,Liverpool,DF,13,2024-11-04,7.607,51.88,89.65,-0.1079,-8.15,0,-1.6762,8.031,-0.1031,7.7656,0.0576,0.791,0.9986
p080,Andrew Robertson,Liverpool,DF,14,2024-11-11,7.005,51.33,93.36,-0.2765,-16.48,0,-1.5847,7.7874,-0.2507,7.6384,-0.0277,1.24,0.9988
p080,Andrew Robertson,Liverpool,DF,15,2024-11-18,6.573,51.0,93.57,0.152,-7.49,0,-1.3144,7.5032,-0.4316,7.4633,-0.0682,0.87,0.0007
p080,Andrew Robertson,Liverpool,DF,16,2024-11-25,6.648,52.55,88.79,0.2763,-3.66,0,-0.8109,7.2056,-0.4128,7.3312,0.011,0.839,0.0008
p080,Andrew Robertson,Liverpool,DF,17,2024-12-02,6.112,52.29,89.7,-0.2137,1.53,0,-1.2156,6.789,-0.3347,7.136,-0.0155,1.304,0.0006
p080,Andrew Robertson,Liverpool,DF,18,2024-12-09,5.527,52.5,89.47,-0.649,-7.62,0,-1.4846,6.373,-0.3417,6.881,-0.1086,1.254,0.001
p080,Andrew Robertson,Liverpool,DF,19,2024-12-16,5.54,54.13,83.16,0.0511,5.99,0,-1.001,6.08,-0.3187,6.6702,-0.1338,0.743,0.0013
p080,Andrew Robertson,Liverpool,DF,20,2024-12-23,4.819,55.1,83.03,0.5321,-1.72,0,-1.3221,5.7292,-0.423,6.3813,-0.0699,1.071,0.0024
p080,Andrew Robertson,Liverpool,DF,21,2024-12-30,4.471,53.9,79.25,-0.0141,-9.89,0,-1.267,5.2938,-0.399,6.085,-0.02,0.817,0.0021
p080,Andrew Robertson,Liverpool,DF,22,2025-01-06,4.503,53.55,71.73,-0.2401,-4.3,0,-0.8843,4.972,-0.3117,5.8409,0.0823,0.808,0.0015
p080,Andrew Robertson,Liverpool,DF,23,2025-01-13,4.491,53.39,65.83,-0.025,3.99,0,-0.5997,4.7648,-0.2414,5.6335,0.0632,1.151,0.0045
p080,Andrew Robertson,Liverpool,DF,24,2025-01-20,4.479,52.75,60.82,-0.0407,-0.93,0,-0.4926,4.5526,-0.066,5.4567,-0.08,0.922,0.0027
p080,Andrew Robertson,Liverpool,DF,25,2025-01-27,4.685,51.38,54.84,0.3043,6.22,0,1.7725,4.5258,0.0404,5.3389,-0.0004,1.226,0.0009
p080,Andrew Robertson,Liverpool,DF,26,2025-02-03,5.056,52.62,49.01,0.1187,4.66,0,1.6801,4.6428,0.13,5.2959,0.0893,0.989,0.0006
p081,Gabriel Jesus,Arsenal,FW,1,2024-08-12,6.397,54.05,54.05,0.0356,2.01,0,,,,,0.0356,1.0,0.0009
p081,Gabriel Jesus,Arsenal,FW,2,2024-08-19,6.687,53.71,65.62,0.4588,4.91,0,0.7071,6.542,,6.5538,0.2472,0.966,0.0002
p081,Gabriel Jesus,Arsenal,FW,3,2024-08-26,6.989,53.8,66.84,0.2751,-8.19,0,1.0067,6.691,,6.7229,0.2565,1.044,0.0003
p081,Gabriel Jesus,Arsenal,FW,4,2024-09-02,6.855,54.3,69.7,0.3452,-7.61,0,0.4819,6.732,,6.7644,0.2787,0.977,0.0002
p081,Gabriel Jesus,Arsenal,FW,5,2024-09-09,6.489,53.62,72.04,0.8515,-10.54,0,-0.7893,6.6834,0.0352,6.6901,0.4826,0.698,0.0002
p081,Gabriel Jesus,Arsenal,FW,6,2024-09-16,6.386,54.92,71.17,0.186,-5.41,0,-1.183,6.6812,-0.1102,6.6169,0.4144,0.88,0.0012
p081,Gabriel Jesus,Arsenal,FW,7,2024-09-23,5.766,54.09,73.33,0.193,-10.1,0,-1.5268,6.497,-0.2915,6.429,0.3939,0.855,0.001
p081,Gabriel Jesus,Arsenal,FW,8,2024-09-30,4.667,55.1,76.27,-0.2655,-27.4,0,-1.5914,6.0326,-0.5099,6.0657,0.2412,1.055,0.9988
p081,Gabriel Jesus,Arsenal,FW,9,2024-10-07,4.788,55.85,67.5,-0.028,2.26,0,-0.9657,5.6192,-0.5121,5.8163,0.0214,1.044,0.0024
p081,Gabriel Jesus,Arsenal,FW,10,2024-10-14,4.857,56.51,61.42,0.2565,-1.32,0,-0.5804,5.2928,-0.4036,5.6371,0.039,0.937,0.0019
p081,Gabriel Jesus,Arsenal,FW,11,2024-10-21,4.465,55.72,60.09,0.2376,-4.69,0,-0.8839,4.9086,-0.2412,5.426,0.0502,1.152,0.0039
p081,Gabriel Jesus,Arsenal,FW,12,2024-10-28,4.833,55.43,52.53,0.3628,5.82,0,0.6885,4.722,0.0009,5.3223,0.2072,1.294,0.0008
p081,Gabriel Jesus,Arsenal,FW,13,2024-11-04,4.863,56.07,49.29,0.0989,6.68,0,0.6053,4.7612,0.0126,5.2439,0.239,0.772,0.0007
p081,Gabriel Jesus,Arsenal,FW,14,2024-11-11,4.575,56.47,50.16,0.094,-1.81,0,-0.773,4.7186,-0.0166,5.1321,0.1983,0.971,0.0007
p081,Gabriel Jesus,Arsenal,FW,15,2024-11-18,4.707,56.51,46.49,0.0378,2.02,0,0.1088,4.6886,0.0226,5.0622,0.1484,0.923,0.0007
p081,Gabriel Jesus,Arsenal,FW,16,2024-11-25,5.541,57.0,38.48,-0.4304,13.93,0,1.7037,4.9038,0.126,5.1398,-0.0499,0.921,0.0004
p081,Gabriel Jesus,Arsenal,FW,17,2024-12-02,4.96,56.63,44.8,-0.2489,1.23,0,0.0827,4.9292,0.116,5.111,-0.1369,1.237,0.0013
p081,Gabriel Jesus,Arsenal,FW,18,2024-12-09,5.811,55.77,37.55,0.0273,-1.76,0,1.2921,5.1188,0.2725,5.222,-0.1535,0.859,0.0004
p081,Gabriel Jesus,Arsenal,FW,19,2024-12-16,5.819,54.97,40.19,0.4127,-10.59,0,0.8883,5.3676,0.2494,5.3158,-0.0598,0.879,0.0005
p081,Gabriel Jesus,Arsenal,FW,20,2024-12-23,6.052,55.2,40.67,0.1139,14.6,0,0.9908,5.6366,0.1881,5.4307,0.0763,0.941,0.0003
p081,Gabriel Jesus,Arsenal,FW,21,2024-12-30,6.296,54.38,41.58,0.0454,-11.14,0,1.0093,5.7876,0.2913,5.5649,0.1498,1.373,0.0003
p081,Gabriel Jesus,Arsenal,FW,22,2025-01-06,6.036,55.31,46.91,0.0693,-12.22,0,0.166,6.0028,0.0927,5.6376,0.1603,1.204,0.0002
p081,Gabriel Jesus,Arsenal,FW,23,2025-01-13,5.896,54.99,49.79,0.0141,-18.3,0,-0.6783,6.0198,0.0138,5.6773,0.0607,1.048,0.0003
p081,Gabriel Jesus,Arsenal,FW,24,2025-01-20,6.435,53.99,46.54,0.0099,-8.92,0,1.3419,6.143,0.0366,5.7933,0.0347,0.775,0.0002
p081,Gabriel Jesus,Arsenal,FW,25,2025-01-27,7.031,55.5,44.7,-0.1346,-0.12,0,1.5696,6.3388,0.1869,5.9822,-0.0103,0.847,0.0003
p081,Gabriel Jesus,Arsenal,FW,26,2025-02-03,6.987,56.44,49.71,0.1488,-13.61,0,0.9722,6.477,0.3037,6.1352,0.0096,0.975,0.0002
p082,Gabriel Martinelli,Arsenal,FW,1,2024-08-12,7.567,70.36,70.36,0.194,-4.49,0,,,,,0.194,1.0,0.0006
p082,Gabriel Martinelli,Arsenal,FW,2,2024-08-19,7.72,70.49,84.88,-0.0099,-12.14,0,0.7071,7.6435,,7.6497,0.0921,1.035,0.0002
p082,Gabriel Martinelli,Arsenal,FW,3,2024-08-26,7.285,71.22,86.1,-0.0103,-4.26,0,-1.0831,7.524,,7.5079,0.0579,1.032,0.0002
p082,Gabriel Martinelli,Arsenal,FW,4,2024-09-02,7.71,73.38,82.71,0.189,-10.13,0,0.688,7.5705,,7.5713,0.0907,0.882,0.0002
p082,Gabriel Martinelli,Arsenal,FW,5,2024-09-09,7.99,73.27,82.56,0.4397,0.81,0,1.306,7.6544,0.0836,7.6842,0.1521,1.147,0.0002
p082,Gabriel Martinelli,Arsenal,FW,6,2024-09-16,7.868,74.52,85.35,0.0997,4.15,0,0.5757,7.7146,0.1001,7.7285,0.1795,0.921,0.0002
p082,Gabriel Martinelli,Arsenal,FW,7,2024-09-23,8.209,74.26,84.25,0.6288,3.56,0,1.1442,7.8124,0.2006,7.8346,0.3393,0.928,0.0003
p082,Gabriel Martinelli,Arsenal,FW,8,2024-09-30,7.449,73.22,91.29,-0.3545,-4.96,0,-1.3813,7.8452,-0.0303,7.7551,0.2034,1.086,0.0005
p082,Gabriel Martinelli,Arsenal,FW,9,2024-10-07,7.057,73.69,92.15,0.6171,-11.76,0,-1.4292,7.7146,-0.2285,7.6188,0.2478,0.789,0.0031
p082,Gabriel Martinelli,Arsenal,FW,10,2024-10-14,7.065,72.72,89.03,-0.0401,-6.76,0,-0.9192,7.5296,-0.2758,7.5154,0.2128,0.82,0.0008
p082,Gabriel Martinelli,Arsenal,FW,11,2024-10-21,6.968,73.57,87.35,0.6132,0.9,0,-0.741,7.3496,-0.2866,7.4168,0.2089,0.953,0.0006
p082,Gabriel Martinelli,Arsenal,FW,12,2024-10-28,7.48,72.92,81.36,0.2642,4.44,0,1.1448,7.2038,-0.0027,7.4278,0.3636,1.219,0.0002
p082,Gabriel Martinelli,Arsenal,FW,13,2024-11-04,7.774,73.7,79.46,-0.2023,0.97,0,1.4634,7.2688,0.1849,7.4869,0.1587,0.874,0.0002
p082,Gabriel Martinelli,Arsenal,FW,14,2024-11-11,8.369,74.17,76.43,0.157,5.51,0,1.4707,7.5312,0.3414,7.6344,0.208,1.159,0.0002
p082,Gabriel Martinelli,Arsenal,FW,15,2024-11-18,7.871,75.51,83.7,-0.4521,-6.11,0,0.3459,7.6924,0.2695,7.6733,-0.0583,1.006,0.0003
p082,Gabriel Martinelli,Arsenal,FW,16,2024-11-25,7.763,74.73,85.46,-0.1254,-12.67,0,-0.2728,7.8514,0.0663,7.6878,-0.1557,1.294,0.0003
p082,Gabriel Martinelli,Arsenal,FW,17,2024-12-02,7.364,74.0,88.86,-0.0077,-11.2,0,-1.2912,7.8282,-0.1426,7.636,-0.1071,0.923,0.0021
p082,Gabriel Martinelli,Arsenal,FW,18,2024-12-09,7.494,73.7,86.61,0.0635,-16.68,0,-0.7124,7.7722,-0.2257,7.6135,-0.1304,0.761,0.0019
p082,Gabriel Martinelli,Arsenal,FW,19,2024-12-16,7.013,74.54,89.78,0.4507,-1.68,0,-1.4351,7.501,-0.1985,7.5191,0.0953,1.085,0.001
p082,Gabriel Martinelli,Arsenal,FW,20,2024-12-23,7.107,74.32,86.74,-0.0794,10.04,0,-0.7995,7.3482,-0.1663,7.4548,0.1068,0.943,0.0012
p082,Gabriel Martinelli,Arsenal,FW,21,2024-12-30,6.379,73.76,90.84,-0.1681,-6.33,0,-1.6008,7.0714,-0.2357,7.2879,0.0667,1.023,0.9986
p082,Gabriel Martinelli,Arsenal,FW,22,2025-01-06,6.152,73.7,88.53,-0.1838,3.56,0,-1.2288,6.829,-0.3318,7.1126,0.0048,1.028,0.0006
p082,Gabriel Martinelli,Arsenal,FW,23,2025-01-13,6.468,74.23,81.74,0.1384,7.11,0,-0.3746,6.6238,-0.2045,7.0136,-0.0732,0.912,0.001
p082,Gabriel Martinelli,Arsenal,FW,24,2025-01-20,6.489,74.26,79.14,0.3118,3.13,0,-0.0846,6.519,-0.1147,6.9333,0.0246,0.981,0.0014
p082,Gabriel Martinelli,Arsenal,FW,25,2025-01-27,5.955,75.93,81.36,-0.1135,12.27,0,-1.4543,6.2886,-0.0511,6.784,0.0382,1.101,0.0004
p082,Gabriel Martinelli,Arsenal,FW,26,2025-02-03,6.351,76.65,74.56,0.1406,11.65,0,0.2996,6.283,-0.0115,6.718,0.1193,0.854,0.0002
p083,Kai Havertz,Arsenal,FW,1,2024-08-12,7.419,69.54,69.54,-0.0125,-2.22,0,,,,,-0.0125,1.0,0.0009
p083,Kai Havertz,Arsenal,FW,2,2024-08-19,7.678,69.27,82.75,-0.3217,-10.02,0,0.7071,7.5485,,7.559,-0.1671,1.167,0.0002
p083,Kai Havertz,Arsenal,FW,3,2024-08-26,7.889,70.02,83.89,0.4624,-9.41,0,0.9643,7.662,,7.6873,0.0427,0.926,0.0002
p083,Kai Havertz,Arsenal,FW,4,2024-09-02,7.81,70.06,85.99,0.3738,-6.41,0,0.5389,7.699,,7.7258,0.1255,0.965,0.0002
p083,Kai Havertz,Arsenal,FW,5,2024-09-09,7.369,70.21,88.04,-0.1494,-0.56,0,-1.1404,7.633,0.0032,7.6296,0.0913,0.905,0.0002
p083,Kai Havertz,Arsenal,FW,6,2024-09-16,7.728,70.13,84.88,-0.1167,-21.33,0,0.1668,7.6948,-0.042,7.6533,0.1425,1.152,0.0004
p083,Kai Havertz,Arsenal,FW,7,2024-09-23,7.316,69.84,87.79,0.1905,-0.77,0,-1.1675,7.6224,-0.1228,7.5788,0.0746,1.055,0.0008
p083,Kai Havertz,Arsenal,FW,8,2024-09-30,7.421,70.43,85.54,0.1847,0.66,0,-0.4807,7.5288,-0.0831,7.5463,0.0273,0.863,0.0012
p083,Kai Havertz,Arsenal,FW,9,2024-10-07,7.468,70.79,84.52,0.07,-5.1,0,0.0475,7.4604,-0.0109,7.531,0.0821,1.116,0.0002
p083,Kai Havertz,Arsenal,FW,10,2024-10-14,7.0,69.84,87.39,0.3468,-1.29,0,-1.4643,7.3866,-0.1304,7.4318,0.198,1.037,0.0013
p083,Kai Havertz,Arsenal,FW,11,2024-10-21,6.425,70.82,89.18,0.2353,-12.06,0,-1.6217,7.126,-0.2203,7.2504,0.2092,1.095,0.9991
p083,Kai Havertz,Arsenal,FW,12,2024-10-28,6.632,72.37,82.9,0.1446,-6.32,0,-0.7696,6.9892,-0.2621,7.1423,0.1992,0.783,0.0014
p083,Kai Havertz,Arsenal,FW,13,2024-11-04,6.628,71.88,80.97,-0.0851,-1.6,0,-0.4914,6.8306,-0.2048,7.0545,0.1604,0.899,0.0012
p083,Kai Havertz,Arsenal,FW,14,2024-11-11,6.998,72.32,75.55,0.2445,8.18,0,1.0302,6.7366,0.0199,7.0451,0.1348,1.325,0.0003
p083,Kai Havertz,Arsenal,FW,15,2024-11-18,7.108,74.55,75.08,0.1432,2.15,0,1.2295,6.7582,0.1732,7.0554,0.1118,0.874,0.0002
p083,Kai Havertz,Arsenal,FW,16,2024-11-25,7.154,74.37,74.98,-0.0627,-2.8,0,0.9748,6.904,0.1524,7.0714,0.06,0.853,0.0002
p083,Kai Havertz,Arsenal,FW,17,2024-12-02,6.482,74.47,80.5,-0.0393,4.14,0,-1.3018,6.874,-0.0136,6.977,0.0714,0.888,0.0005
p083,Kai Havertz,Arsenal,FW,18,2024-12-09,6.504,75.35,78.04,-0.15,-8.52,0,-1.0456,6.8492,-0.1614,6.9021,-0.0272,1.014,0.0008
p083,Kai Havertz,Arsenal,FW,19,2024-12-16,6.455,76.84,76.6,0.1155,-0.74,0,-0.7996,6.7406,-0.1956,6.8318,-0.0341,1.067,0.001
p083,Kai Havertz,Arsenal,FW,20,2024-12-23,6.571,75.81,73.98,0.3036,-10.77,0,-0.2114,6.6332,-0.1193,6.7911,0.0574,1.347,0.0023
p083,Kai Havertz,Arsenal,FW,21,2024-12-30,6.518,75.83,73.4,-0.2592,1.16,0,0.2762,6.506,0.0139,6.7487,0.0025,0.93,0.0006
p083,Kai Havertz,Arsenal,FW,22,2025-01-06,6.483,76.84,72.63,-0.0521,2.18,0,-0.5357,6.5062,0.0021,6.7077,0.0269,0.927,0.0006
p083,Kai Havertz,Arsenal,FW,23,2025-01-13,6.403,77.8,72.25,0.3227,4.04,0,-1.3079,6.486,-0.0192,6.6609,0.0787,1.052,0.0011
p083,Kai Havertz,Arsenal,FW,24,2025-01-20,6.149,78.56,73.09,-0.0064,12.55,0,-1.6632,6.4248,-0.0959,6.5825,0.0012,1.052,0.9987
p083,Kai Havertz,Arsenal,FW,25,2025-01-27,6.356,78.52,69.53,0.078,17.85,0,-0.1779,6.3818,-0.0658,6.548,0.0855,1.035,0.0005
p083,Kai Havertz,Arsenal,FW,26,2025-02-03,7.277,79.94,61.42,-0.1981,6.87,0,1.7148,6.5336,0.1541,6.6589,0.049,0.9,0.0002
p084,Leandro Trossard,Arsenal,FW,1,2024-08-12,6.473,40.34,40.34,-0.2332,-1.83,0,,,,,-0.2332,1.0,0.0009
p084,Leandro Trossard,Arsenal,FW,2,2024-08-19,6.334,42.12,65.42,0.2483,-7.6,0,-0.7071,6.4035,,6.3979,0.0076,1.188,0.0004
p084,Leandro Trossard,Arsenal,FW,3,2024-08-26,6.642,42.31,63.82,0.1886,-0.0,0,1.0308,6.483,,6.4928,0.0679,0.903,0.0003
p084,Leandro Trossard,Arsenal,FW,4,2024-09-02,6.869,40.73,65.05,0.4776,-3.44,0,1.2562,6.5795,,6.6108,0.1703,0.782,0.0003
p084,Leandro Trossard,Arsenal,FW,5,2024-09-09,7.813,41.53,62.87,0.1804,-2.36,0,1.6821,6.8262,0.3215,6.935,0.2737,0.967,0.0003
p084,Leandro Trossard,Arsenal,FW,6,2024-09-16,7.921,41.55,68.47,-0.1835,-12.36,0,1.13,7.1158,0.4345,7.1724,0.1658,1.319,0.0003
p084,Leandro Trossard,Arsenal,FW,7,2024-09-23,7.483,42.11,75.87,0.0919,-17.49,0,0.2419,7.3456,0.2734,7.241,0.1416,0.929,0.0002
p084,Leandro Trossard,Arsenal,FW,8,2024-09-30,7.396,42.7,77.88,-0.0238,-11.18,0,-0.2427,7.4964,0.0724,7.273,0.0162,0.933,0.0002
p084,Leandro Trossard,Arsenal,FW,9,2024-10-07,6.93,42.6,81.66,0.4577,-20.53,0,-1.4806,7.5086,-0.2291,7.206,0.0856,1.181,0.0018
p084,Leandro Trossard,Arsenal,FW,10,2024-10-14,6.843,41.39,80.76,-0.3397,-10.53,0,-1.0728,7.3146,-0.2709,7.1382,0.0465,1.064,0.001
p084,Leandro Trossard,Arsenal,FW,11,2024-10-21,6.686,42.19,80.31,0.0805,-10.04,0,-1.0843,7.0676,-0.2147,7.0567,0.0437,0.963,0.0017
p084,Leandro Trossard,Arsenal,FW,12,2024-10-28,6.192,40.2,81.99,-0.195,-12.15,0,-1.42,6.8094,-0.2652,6.9055,0.0009,0.728,0.0011
p084,Leandro Trossard,Arsenal,FW,13,2024-11-04,6.361,41.79,77.19,0.5413,-5.93,0,-0.7644,6.6024,-0.1789,6.8126,0.0218,1.08,0.0015
p084,Leandro Trossard,Arsenal,FW,14,2024-11-11,6.345,41.68,75.11,0.1103,1.98,0,-0.522,6.4854,-0.1321,6.7344,0.1343,1.032,0.0007
p084,Leandro Trossard,Arsenal,FW,15,2024-11-18,6.114,40.53,74.98,0.208,8.32,0,-1.0266,6.3396,-0.0991,6.6325,0.1662,0.887,0.0013
p084,Leandro Trossard,Arsenal,FW,16,2024-11-25,5.886,41.47,74.26,-0.0203,-0.07,0,-1.5115,6.1796,-0.0859,6.5115,0.2098,0.875,0.0012
p084,Leandro Trossard,Arsenal,FW,17,2024-12-02,5.572,39.83,73.74,0.2537,-2.21,0,-1.4531,6.0556,-0.2037,6.3611,0.1379,0.986,0.0016
p084,Leandro Trossard,Arsenal,FW,18,2024-12-09,5.75,39.35,68.72,-0.1828,1.55,0,-0.6042,5.9334,-0.1732,6.2642,0.0647,1.006,0.0018
p084,Leandro Trossard,Arsenal,FW,19,2024-12-16,5.803,40.75,65.95,-0.1664,2.11,0,-0.1109,5.825,-0.0758,6.1917,-0.0289,1.347,0.0015
p084,Leandro Trossard,Arsenal,FW,20,2024-12-23,5.148,41.08,69.27,0.4533,5.57,0,-1.6461,5.6318,-0.1245,6.0289,0.0895,0.869,0.9996
p084,Leandro Trossard,Arsenal,FW,21,2024-12-30,6.154,41.31,57.44,0.7625,6.53,0,1.2763,5.6854,0.0562,6.0483,0.2166,1.042,0.0003
p084,Leandro Trossard,Arsenal,FW,22,2025-01-06,6.661,42.18,53.95,-0.4153,3.01,0,1.3605,5.9032,0.2173,6.1428,0.1585,0.787,0.0003
p084,Leandro Trossard,Arsenal,FW,23,2025-01-13,6.728,41.34,55.75,-0.1008,-9.39,0,0.9633,6.0988,0.3363,6.2327,0.1749,0.912,0.0003
p084,Leandro Trossard,Arsenal,FW,24,2025-01-20,6.513,39.72,59.65,0.3495,-13.58,0,0.4188,6.2408,0.3304,6.2757,0.149,1.084,0.0002
p084,Leandro Trossard,Arsenal,FW,25,2025-01-27,6.919,40.57,57.51,0.1878,-3.35,0,1.1311,6.595,0.1382,6.3738,0.0053,1.097,0.0005
p084,Leandro Trossard,Arsenal,FW,26,2025-02-03,7.35,40.73,56.54,-0.1493,3.69,0,1.5962,6.8342,0.1569,6.5224,0.0718,1.051,0.0002
p085,Domenico Berardi,Sassuolo,FW,1,2024-08-12,6.431,35.32,35.32,0.0682,0.25,0,,,,,0.0682,1.0,0.0009
p085,Domenico Berardi,Sassuolo,FW,2,2024-08-19,7.085,36.55,67.45,0.1823,-4.02,0,0.7071,6.758,,6.7845,0.1252,1.037,0.0002
p085,Domenico Berardi,Sassuolo,FW,3,2024-08-26,6.543,37.49,71.39,-0.014,-7.25,0,-0.4098,6.6863,,6.6906,0.0788,1.242,0.0003
p085,Domenico Berardi,Sassuolo,FW,4,2024-09-02,5.989,36.34,71.79,0.5531,-4.47,0,-1.1604,6.512,,6.4705,0.1974,1.142,0.0004
p085,Domenico Berardi,Sassuolo,FW,5,2024-09-09,5.964,36.26,68.12,0.0553,-18.58,0,-0.9512,6.4024,-0.203,6.3339,0.1942,1.015,0.001
p085,Domenico Berardi,Sassuolo,FW,6,2024-09-16,5.668,36.29,67.08,0.2446,-19.41,0,-1.0318,6.2498,-0.3413,6.1735,0.2098,0.904,0.0008
p085,Domenico Berardi,Sassuolo,FW,7,2024-09-23,5.965,35.58,62.08,0.1165,-24.09,0,-0.1912,6.0258,-0.1477,6.1275,0.2424,0.911,0.0012
p085,Domenico Berardi,Sassuolo,FW,8,2024-09-30,6.265,36.95,59.21,-0.0624,-13.58,0,1.3949,5.9702,0.0553,6.1558,0.0885,0.955,0.0002
p085,Domenico Berardi,Sassuolo,FW,9,2024-10-07,6.204,36.97,60.24,-0.4637,-20.07,0,0.8068,6.0132,0.1077,6.1652,-0.0413,1.217,0.0002
p085,Domenico Berardi,Sassuolo,FW,10,2024-10-14,5.953,37.57,62.17,0.2836,-20.3,0,-0.2446,6.011,0.0809,6.1256,-0.0315,1.134,0.0002
p085,Domenico Berardi,Sassuolo,FW,11,2024-10-21,5.505,38.12,64.43,0.28,-22.56,0,-1.5825,5.9784,-0.1232,6.0138,0.0094,0.811,0.9778
p085,Domenico Berardi,Sassuolo,FW,12,2024-10-28,5.086,37.05,64.86,0.5396,-14.44,0,-1.4335,5.8026,-0.3057,5.8516,0.1599,1.139,0.0022
p085,Domenico Berardi,Sassuolo,FW,13,2024-11-04,5.018,38.28,61.55,-0.0596,-6.53,0,-1.0251,5.5532,-0.3239,5.7093,0.2609,1.112,0.0022
p085,Domenico Berardi,Sassuolo,FW,14,2024-11-11,4.887,38.59,59.15,0.6678,-7.22,0,-0.9218,5.2898,-0.2619,5.5718,0.357,0.786,0.0043
p085,Domenico Berardi,Sassuolo,FW,15,2024-11-18,4.882,38.42,55.9,0.2622,-3.39,0,-0.7581,5.0756,-0.1445,5.4585,0.3525,1.009,0.0022
p085,Domenico Berardi,Sassuolo,FW,16,2024-11-25,4.895,37.45,53.08,0.3935,5.91,0,-0.6294,4.9536,-0.0518,5.3672,0.316,1.029,0.0018
p085,Domenico Berardi,Sassuolo,FW,17,2024-12-02,5.045,37.28,49.72,-0.2826,1.37,0,1.2558,4.9454,0.0062,5.3156,0.2602,0.853,0.001
p085,Domenico Berardi,Sassuolo,FW,18,2024-12-09,4.836,36.9,50.08,0.0819,3.44,0,-0.9191,4.909,0.0061,5.2396,0.1137,0.959,0.0009
p085,Domenico Berardi,Sassuolo,FW,19,2024-12-16,4.687,35.65,49.38,0.4823,-0.33,0,-1.4165,4.869,-0.0449,5.1527,0.1688,1.178,0.0015
p085,Domenico Berardi,Sassuolo,FW,20,2024-12-23,5.114,35.95,43.94,-0.2876,3.11,0,1.1706,4.9154,0.008,5.1467,-0.0015,0.888,0.0008
p085,Domenico Berardi,Sassuolo,FW,21,2024-12-30,5.291,35.62,42.42,-0.7342,3.43,0,1.2513,4.9946,0.077,5.1691,-0.1144,0.982,0.0006
p085,Domenico Berardi,Sassuolo,FW,22,2025-01-06,5.726,35.88,39.56,-0.0818,5.95,0,1.4608,5.1308,0.2384,5.255,-0.1553,1.092,0.0004
p085,Domenico Berardi,Sassuolo,FW,23,2025-01-13,5.512,36.97,43.35,0.5575,-3.1,0,0.6193,5.266,0.2262,5.2945,-0.1365,0.896,0.0008
p085,Domenico Berardi,Sassuolo,FW,24,2025-01-20,5.802,37.43,42.05,0.4268,12.92,0,1.0824,5.489,0.1597,5.3722,0.0421,1.101,0.0006
p085,Domenico Berardi,Sassuolo,FW,25,2025-01-27,5.554,37.98,45.91,0.0515,7.41,0,-0.1152,5.577,0.0602,5.3999,0.2385,1.105,0.0004
p085,Domenico Berardi,Sassuolo,FW,26,2025-02-03,6.491,36.18,39.21,-0.1312,-7.42,0,1.7051,5.817,0.1572,5.566,0.2261,0.775,0.0003
p086,Dušan Vlahović,Juventus,FW,1,2024-08-12,7.115,68.98,68.98,-0.2638,0.51,0,,,,,-0.2638,1.0,0.0007
p086,Dušan Vlahović,Juventus,FW,2,2024-08-19,7.066,68.95,76.56,-0.0483,-2.45,0,-0.7071,7.0905,,7.0885,-0.156,1.183,0.0004
p086,Dušan Vlahović,Juventus,FW,3,2024-08-26,7.135,69.63,76.24,0.2464,-11.18,0,0.8357,7.1053,,7.1066,-0.0219,1.168,0.0004
p086,Dušan Vlahović,Juventus,FW,4,2024-09-02,6.901,68.98,77.24,-0.3022,-6.05,0,-1.443,7.0542,,7.0421,-0.092,0.897,0.0003
p086,Dušan Vlahović,Juventus,FW,5,2024-09-09,6.759,68.15,76.76,0.7388,-1.83,0,-1.4679,6.9952,-0.0877,6.9657,0.1587,1.011,0.0028
p086,Dušan Vlahović,Juventus,FW,6,2024-09-16,6.733,69.62,75.44,0.3504,-14.75,0,-1.0355,6.9188,-0.1042,6.9097,0.2583,1.099,0.0017
p086,Dušan Vlahović,Juventus,FW,7,2024-09-23,7.061,69.93,72.38,-0.1964,-8.29,0,0.8026,6.9178,-0.0316,6.9431,0.1476,0.992,0.0002
p086,Dušan Vlahović,Juventus,FW,8,2024-09-30,6.739,68.46,75.12,-0.0267,-5.76,0,-0.7009,6.8386,-0.0022,6.901,0.2165,0.715,0.0005
p086,Dušan Vlahović,Juventus,FW,9,2024-10-07,6.606,68.8,75.08,-0.3339,-11.78,0,-1.0303,6.7796,-0.03,6.8434,-0.0517,0.843,0.0004
p086,Dušan Vlahović,Juventus,FW,10,2024-10-14,6.707,67.57,73.09,-0.7059,-8.44,0,-0.3623,6.7692,-0.0507,6.8179,-0.3157,1.296,0.0005
p086,Dušan Vlahović,Juventus,FW,11,2024-10-21,6.861,67.62,71.42,0.3629,-14.24,0,0.3795,6.7948,-0.0432,6.8257,-0.1759,1.25,0.0004
p086,Dušan Vlahović,Juventus,FW,12,2024-10-28,6.881,67.18,71.45,0.0251,-5.74,0,1.0738,6.7588,0.0539,6.8354,-0.163,1.083,0.0003
p086,Dušan Vlahović,Juventus,FW,13,2024-11-04,6.345,67.63,75.61,0.1361,-9.59,0,-1.5307,6.68,-0.0348,6.7517,-0.0455,0.727,0.0002
p086,Dušan Vlahović,Juventus,FW,14,2024-11-11,6.509,66.75,72.41,0.0729,-8.01,0,-0.6562,6.6606,-0.0912,6.7111,0.1492,1.039,0.0009
p086,Dušan Vlahović,Juventus,FW,15,2024-11-18,6.672,66.33,70.21,0.2676,-2.53,0,0.0801,6.6536,-0.075,6.7047,0.1254,0.918,0.0011
p086,Dušan Vlahović,Juventus,FW,16,2024-11-25,6.804,65.63,69.06,-0.2025,-8.57,0,0.7421,6.6422,0.0173,6.7208,0.0685,1.132,0.0003
p086,Dušan Vlahović,Juventus,FW,17,2024-12-02,7.199,64.74,66.42,0.8407,-8.35,0,1.5168,6.7058,0.2003,6.7973,0.2447,1.053,0.0002
p086,Dušan Vlahović,Juventus,FW,18,2024-12-09,6.884,64.75,70.71,0.2678,-10.05,0,0.2728,6.8136,0.1277,6.8111,0.2934,1.127,0.0002
p086,Dušan Vlahović,Juventus,FW,19,2024-12-16,6.816,63.32,71.57,0.307,-9.53,0,-0.2999,6.875,0.0368,6.8119,0.3032,0.711,0.0003
p086,Dušan Vlahović,Juventus,FW,20,2024-12-23,6.64,64.15,72.37,0.1598,-13.01,0,-1.1135,6.8686,-0.0711,6.785,0.3938,1.034,0.0006
p086,Dušan Vlahović,Juventus,FW,21,2024-12-30,6.731,64.92,71.59,-0.2083,-9.94,0,-0.5762,6.854,-0.118,6.7767,0.1316,1.087,0.0018
p086,Dušan Vlahović,Juventus,FW,22,2025-01-06,7.219,64.75,67.57,-0.0238,4.51,0,1.6291,6.858,0.0585,6.8449,0.0587,1.181,0.0002
p086,Dušan Vlahović,Juventus,FW,23,2025-01-13,7.77,64.98,64.92,-0.0617,5.22,0,1.5751,7.0352,0.2487,6.9871,-0.0335,0.769,0.0003
p086,Dušan Vlahović,Juventus,FW,24,2025-01-20,7.329,64.85,71.89,0.4188,-0.41,0,0.4133,7.1378,0.2417,7.0394,0.0312,0.805,0.0002
p086,Dušan Vlahović,Juventus,FW,25,2025-01-27,7.089,65.17,75.06,-0.1779,0.9,0,-0.367,7.2276,0.0826,7.047,0.0388,0.89,0.0004
p086,Dušan Vlahović,Juventus,FW,26,2025-02-03,7.06,64.61,75.48,0.0904,-3.41,0,-0.8123,7.2934,-0.0999,7.049,0.0674,0.879,0.0011
p087,Lautaro Martínez,Inter Milan,FW,1,2024-08-12,7.395,91.01,91.01,0.3798,-2.54,0,,,,,0.3798,1.0,0.0006
p087,Lautaro Martínez,Inter Milan,FW,2,2024-08-19,6.605,90.04,78.72,0.2999,0.47,0,-0.7071,7.0,,6.968,0.3398,1.051,0.0004
p087,Lautaro Martínez,Inter Milan,FW,3,2024-08-26,6.918,90.99,74.3,0.3419,-4.95,0,-0.1374,6.9727,,6.9485,0.3405,1.102,0.0004
p087,Lautaro Martínez,Inter Milan,FW,4,2024-09-02,7.005,89.65,73.74,0.2185,-0.62,0,0.0746,6.9808,,6.9663,0.31,1.157,0.0003
p087,Lautaro Martínez,Inter Milan,FW,5,2024-09-09,7.62,89.34,70.73,-0.2375,-11.61,0,1.2743,7.1086,0.085,7.1425,0.1557,1.103,0.0002
p087,Lautaro Martínez,Inter Milan,FW,6,2024-09-16,7.796,90.28,73.73,0.1207,-10.76,0,1.2128,7.1888,0.3084,7.2999,0.1109,1.129,0.0002
p087,Lautaro Martínez,Inter Milan,FW,7,2024-09-23,7.518,90.81,78.56,0.0576,-6.61,0,0.3775,7.3714,0.1991,7.3481,0.0398,0.785,0.0004
p087,Lautaro Martínez,Inter Milan,FW,8,2024-09-30,7.303,89.74,80.94,0.1862,-5.9,0,-0.4762,7.4484,0.0494,7.3388,0.0318,0.71,0.0003
p087,Lautaro Martínez,Inter Milan,FW,9,2024-10-07,6.64,90.36,85.13,0.3846,-11.93,0,-1.6412,7.3754,-0.2453,7.2024,0.1873,1.05,0.999
p087,Lautaro Martínez,Inter Milan,FW,10,2024-10-14,6.836,90.37,80.72,0.3105,-7.72,0,-0.8016,7.2186,-0.2798,7.1339,0.2347,0.858,0.0007
p087,Lautaro Martínez,Inter Milan,FW,11,2024-10-21,6.022,90.96,84.9,0.2928,-3.2,0,-1.433,6.8638,-0.3459,6.9336,0.2935,0.934,0.0007
p087,Lautaro Martínez,Inter Milan,FW,12,2024-10-28,6.557,93.25,76.39,-0.5325,-7.99,0,-0.2469,6.6716,-0.211,6.8678,0.1138,1.245,0.0018
p087,Lautaro Martínez,Inter Milan,FW,13,2024-11-04,5.941,95.7,79.36,0.0645,9.51,0,-1.1583,6.3992,-0.1677,6.7096,0.0338,0.94,0.0014
p087,Lautaro Martínez,Inter Milan,FW,14,2024-11-11,6.166,96.87,73.94,-0.0313,11.87,0,-0.3643,6.3044,-0.1421,6.6187,-0.0516,0.955,0.0025
p087,Lautaro Martínez,Inter Milan,FW,15,2024-11-18,6.132,96.01,72.02,0.2522,18.63,0,-0.1331,6.1636,-0.0171,6.5387,-0.0618,0.862,0.0002
p087,Lautaro Martínez,Inter Milan,FW,16,2024-11-25,5.897,95.94,71.89,0.4613,6.31,0,-0.9243,6.1386,-0.1129,6.4348,0.1867,1.292,0.001
p087,Lautaro Martínez,Inter Milan,FW,17,2024-12-02,5.933,95.98,69.1,0.1681,-11.95,0,-0.6458,6.0138,-0.0285,6.3544,0.2126,0.993,0.0008
p087,Lautaro Martínez,Inter Milan,FW,18,2024-12-09,5.802,95.35,68.16,-0.2968,-7.24,0,-1.1737,5.986,-0.0927,6.2669,0.1462,0.872,0.0031
p087,Lautaro Martínez,Inter Milan,FW,19,2024-12-16,5.826,94.76,65.84,0.0923,-5.5,0,-0.7036,5.918,-0.0707,6.1976,0.1062,1.127,0.0007
p087,Lautaro Martínez,Inter Milan,FW,20,2024-12-23,6.071,95.79,62.24,-0.7738,5.56,0,1.5532,5.9058,0.0241,6.1778,-0.2026,0.91,0.0004
p087,Lautaro Martínez,Inter Milan,FW,21,2024-12-30,6.614,94.78,57.53,0.3511,-5.13,0,1.6954,6.0492,0.1631,6.2455,-0.1568,0.964,0.0002
p087,Lautaro Martínez,Inter Milan,FW,22,2025-01-06,6.919,93.12,56.8,-0.0402,-7.22,0,1.3503,6.2464,0.3022,6.3494,-0.0926,0.906,0.0002
p087,Lautaro Martínez,Inter Milan,FW,23,2025-01-13,6.98,93.81,58.88,0.4176,-0.01,0,0.9694,6.482,0.3156,6.4463,-0.0113,0.896,0.0003
p087,Lautaro Martínez,Inter Milan,FW,24,2025-01-20,6.711,94.33,63.37,0.4281,-0.39,0,0.1441,6.659,0.1646,6.4868,0.2892,1.103,0.0003
p087,Lautaro Martínez,Inter Milan,FW,25,2025-01-27,6.795,93.27,63.71,0.4951,-7.0,0,-0.059,6.8038,0.0154,6.5339,0.3252,1.224,0.0003
p087,Lautaro Martínez,Inter Milan,FW,26,2025-02-03,7.233,91.79,61.42,-0.0453,-0.5,0,1.5242,6.9276,0.0443,6.6403,0.3239,0.84,0.0002
p088,Paulo Dybala,Roma,FW,1,2024-08-12,7.117,54.81,54.81,0.4189,-0.05,0,,,,,0.4189,1.0,0.0009
p088,Paulo Dybala,Roma,FW,2,2024-08-19,7.238,55.33,77.18,0.2571,-7.52,0,0.7071,7.1775,,7.1824,0.338,1.174,0.0003
p088,Paulo Dybala,Roma,FW,3,2024-08-26,7.256,55.09,77.79,0.1968,-11.37,0,0.6923,7.2037,,7.211,0.2909,1.023,0.0008
p088,Paulo Dybala,Roma,FW,4,2024-09-02,7.43,54.75,77.65,0.093,-3.63,0,1.3169,7.2602,,7.2797,0.2414,1.052,0.0003
p088,Paulo Dybala,Roma,FW,5,2024-09-09,7.329,54.98,79.29,0.2351,-8.02,0,0.475,7.274,0.0616,7.293,0.1955,0.877,0.0002
p088,Paulo Dybala,Roma,FW,6,2024-09-16,7.683,55.36,77.67,-0.306,-2.74,0,1.6271,7.3872,0.0963,7.3869,0.0547,0.999,0.0003
p088,Paulo Dybala,Roma,FW,7,2024-09-23,7.745,53.88,79.21,0.0223,-12.29,0,1.1873,7.4886,0.1231,7.466,0.0111,1.245,0.0002
p088,Paulo Dybala,Roma,FW,8,2024-09-30,8.046,54.0,78.99,0.0051,-16.17,0,1.4158,7.6466,0.1648,7.5856,-0.0109,0.877,0.0002
p088,Paulo Dybala,Roma,FW,9,2024-10-07,7.826,53.1,83.07,0.0178,-22.0,0,0.3841,7.7258,0.1357,7.6325,-0.0652,0.836,0.0002
p088,Paulo Dybala,Roma,FW,10,2024-10-14,7.693,55.27,84.46,0.3609,-21.16,0,-0.7066,7.7986,0.0101,7.6438,0.1015,1.226,0.0003
p088,Paulo Dybala,Roma,FW,11,2024-10-21,7.222,55.44,88.62,-0.3299,-18.97,0,-1.6015,7.7064,-0.1399,7.5678,0.0135,0.992,0.9993
p088,Paulo Dybala,Roma,FW,12,2024-10-28,7.384,56.77,85.69,0.0179,-6.76,0,-0.7524,7.6342,-0.1928,7.5357,0.0167,0.819,0.0008
p088,Paulo Dybala,Roma,FW,13,2024-11-04,7.52,56.93,83.94,0.1453,-10.44,0,-0.0375,7.529,-0.0921,7.533,0.0485,0.911,0.0008
p088,Paulo Dybala,Roma,FW,14,2024-11-11,7.375,58.81,84.95,0.0872,-3.5,0,-0.3605,7.4388,-0.0338,7.5066,-0.0199,1.048,0.0002
p088,Paulo Dybala,Roma,FW,15,2024-11-18,7.377,59.0,83.73,0.0987,4.89,0,0.0133,7.3756,0.0301,7.4853,0.0873,1.282,0.0002
p088,Paulo Dybala,Roma,FW,16,2024-11-25,7.075,58.98,86.09,-0.3432,-2.74,0,-1.6585,7.3462,-0.0761,7.4188,-0.003,0.958,0.9988
p088,Paulo Dybala,Roma,FW,17,2024-12-02,7.445,58.8,81.65,0.2274,2.16,0,0.5117,7.3584,-0.045,7.423,0.0175,1.001,0.0009
p088,Paulo Dybala,Roma,FW,18,2024-12-09,7.802,57.98,79.0,-0.2711,0.63,0,1.4922,7.4148,0.0922,7.4831,-0.072,0.872,0.0002
p088,Paulo Dybala,Roma,FW,19,2024-12-16,7.784,57.29,80.61,-0.1808,-17.11,0,0.9442,7.4966,0.1541,7.5304,-0.1419,1.049,0.0002
p088,Paulo Dybala,Roma,FW,20,2024-12-23,7.71,57.36,82.34,0.3577,-13.72,0,0.4765,7.5632,0.1609,7.5584,0.0333,1.176,0.0002
p088,Paulo Dybala,Roma,FW,21,2024-12-30,7.183,58.55,87.13,0.1431,-7.58,0,-1.5092,7.5848,-0.0616,7.5002,0.0122,1.067,0.0003
p088,Paulo Dybala,Roma,FW,22,2025-01-06,7.466,57.78,83.49,-0.0378,-7.94,0,-0.4666,7.589,-0.1273,7.4949,0.0706,0.699,0.0009
p088,Paulo Dybala,Roma,FW,23,2025-01-13,7.219,58.11,85.3,0.6955,1.26,0,-0.9229,7.4724,-0.1374,7.4525,0.2896,1.096,0.001
p088,Paulo Dybala,Roma,FW,24,2025-01-20,7.559,57.92,81.58,0.0238,-2.55,0,0.5859,7.4274,-0.0266,7.4688,0.2062,0.791,0.0002
p088,Paulo Dybala,Roma,FW,25,2025-01-27,7.068,59.42,85.85,-0.1896,7.82,0,-1.1248,7.299,-0.0137,7.4076,0.123,0.836,0.0003
p088,Paulo Dybala,Roma,FW,26,2025-02-03,6.742,58.88,86.91,-0.4057,1.35,0,-1.4355,7.2108,-0.1599,7.3063,0.031,1.144,0.0016
p089,Ciro Immobile,Besiktas,FW,1,2024-08-12,5.923,24.31,24.31,-0.1218,-1.09,0,,,,,-0.1218,1.0,0.0009
p089,Ciro Immobile,Besiktas,FW,2,2024-08-19,5.584,24.46,55.46,-0.2039,-13.6,0,-0.7071,5.7535,,5.7398,-0.1628,1.159,0.0003
p089,Ciro Immobile,Besiktas,FW,3,2024-08-26,5.557,23.17,53.72,-0.1639,-3.54,0,-0.6423,5.688,,5.6687,-0.1632,0.819,0.0005
p089,Ciro Immobile,Besiktas,FW,4,2024-09-02,5.847,23.25,51.78,-0.0875,-1.45,0,0.6462,5.7278,,5.7247,-0.1443,1.082,0.0005
p089,Ciro Immobile,Besiktas,FW,5,2024-09-09,5.731,23.88,53.26,0.0964,0.75,0,0.0163,5.7284,-0.0121,5.7264,-0.0897,0.754,0.0004
p089,Ciro Immobile,Besiktas,FW,6,2024-09-16,6.007,22.37,51.83,0.1453,-3.83,0,1.3968,5.7452,0.102,5.794,-0.0024,1.205,0.0002
p089,Ciro Immobile,Besiktas,FW,7,2024-09-23,6.041,22.54,53.0,0.0126,-4.6,0,1.0212,5.8366,0.1128,5.8485,0.0417,1.133,0.0003
p089,Ciro Immobile,Besiktas,FW,8,2024-09-30,6.182,20.19,53.27,-0.027,-3.83,0,1.2556,5.9616,0.098,5.9173,0.0568,0.966,0.0003
p089,Ciro Immobile,Besiktas,FW,9,2024-10-07,6.585,19.89,52.11,-0.2547,-15.55,0,1.5241,6.1092,0.1883,6.0476,-0.0309,0.925,0.0003
p089,Ciro Immobile,Besiktas,FW,10,2024-10-14,6.505,20.42,55.59,0.7023,-13.49,0,0.9051,6.264,0.154,6.133,0.1083,0.789,0.0002
p089,Ciro Immobile,Besiktas,FW,11,2024-10-21,5.997,20.64,61.13,-0.3199,-27.52,0,-0.9862,6.262,0.0235,6.1085,0.0252,0.963,0.0003
p089,Ciro Immobile,Besiktas,FW,12,2024-10-28,5.904,21.54,61.23,0.5806,-17.54,0,-1.0953,6.2346,-0.1144,6.0728,0.1771,0.83,0.0021
p089,Ciro Immobile,Besiktas,FW,13,2024-11-04,5.615,19.38,62.52,0.0174,-23.05,0,-1.2266,6.1212,-0.2541,5.9947,0.2451,1.405,0.0019
p089,Ciro Immobile,Besiktas,FW,14,2024-11-11,4.751,17.51,67.09,-0.3135,-26.52,0,-1.5525,5.7544,-0.389,5.7867,-0.0089,1.219,0.0023
p089,Ciro Immobile,Besiktas,FW,15,2024-11-18,4.593,17.16,63.32,-0.39,-16.44,0,-1.1862,5.372,-0.3961,5.5905,-0.0264,1.257,0.0023
p089,Ciro Immobile,Besiktas,FW,16,2024-11-25,4.543,16.66,58.98,-0.1301,-11.13,0,-0.8512,5.0812,-0.3744,5.4208,-0.2041,1.215,0.0015
p089,Ciro Immobile,Besiktas,FW,17,2024-12-02,4.78,16.58,53.06,-0.437,4.74,0,-0.1753,4.8564,-0.1878,5.3182,-0.3177,1.015,0.0032
p089,Ciro Immobile,Besiktas,FW,18,2024-12-09,4.262,17.38,54.56,-0.2437,-11.43,0,-1.5627,4.5858,-0.0791,5.1508,-0.3002,0.918,0.0024
p089,Ciro Immobile,Besiktas,FW,19,2024-12-16,4.173,18.28,50.59,-0.1554,-12.09,0,-1.1935,4.4702,-0.1121,4.9971,-0.2416,0.94,0.0023
p089,Ciro Immobile,Besiktas,FW,20,2024-12-23,4.447,19.48,45.29,-0.6447,-8.77,0,0.0251,4.441,-0.0799,4.9113,-0.3702,1.052,0.0045
p089,Ciro Immobile,Besiktas,FW,21,2024-12-30,4.126,18.66,45.69,-0.3639,-13.04,0,-0.8703,4.3576,-0.1123,4.7895,-0.3519,0.933,0.0021
p089,Ciro Immobile,Besiktas,FW,22,2025-01-06,4.194,16.94,42.17,0.1659,-13.91,0,-0.3699,4.2404,-0.0183,4.6976,-0.2495,0.904,0.0016
p089,Ciro Immobile,Besiktas,FW,23,2025-01-13,4.633,15.09,36.47,-0.379,-10.94,0,1.4645,4.3146,0.0667,4.6877,-0.3054,1.066,0.0006
p089,Ciro Immobile,Besiktas,FW,24,2025-01-20,3.861,13.63,42.29,-0.4178,-12.95,0,-1.3126,4.2522,-0.0665,4.5611,-0.2487,0.877,0.0021
p089,Ciro Immobile,Besiktas,FW,25,2025-01-27,3.837,12.08,39.36,-0.3427,-11.62,0,-0.9099,4.1302,-0.0911,4.4506,-0.2434,0.948,0.0046
p089,Ciro Immobile,Besiktas,FW,26,2025-02-03,4.124,12.9,34.38,0.2232,-9.16,0,-0.018,4.1298,-0.0936,4.4009,-0.2291,0.882,0.0035
p090,Christopher Nkunku,Chelsea,FW,1,2024-08-12,6.66,65.47,65.47,0.5397,-0.9,0,,,,,0.5397,1.0,0.0013
p090,Christopher Nkunku,Chelsea,FW,2,2024-08-19,6.628,66.95,68.95,0.8895,-4.64,0,-0.7071,6.644,,6.6427,0.7146,1.152,0.0006
p090,Christopher Nkunku,Chelsea,FW,3,2024-08-26,6.56,67.83,68.85,-0.1756,-2.21,0,-1.0966,6.616,,6.6106,0.4179,0.947,0.0006
p090,Christopher Nkunku,Chelsea,FW,4,2024-09-02,6.25,67.63,69.36,-0.1129,-0.06,0,-1.4625,6.5245,,6.4974,0.2852,1.13,0.0002
p090,Christopher Nkunku,Chelsea,FW,5,2024-09-09,6.257,67.59,67.39,0.4461,-1.14,0,-1.0603,6.471,-0.1184,6.4326,0.2618,1.181,0.0017
p090,Christopher Nkunku,Chelsea,FW,6,2024-09-16,6.617,68.52,64.25,0.0003,-8.08,0,0.8033,6.4624,-0.0325,6.477,0.0395,0.895,0.0002
p090,Christopher Nkunku,Chelsea,FW,7,2024-09-23,6.243,66.68,67.35,0.4841,1.35,0,-0.7633,6.3854,-0.0267,6.4253,0.2044,0.959,0.0002
p090,Christopher Nkunku,Chelsea,FW,8,2024-09-30,6.274,65.58,66.05,-0.2692,-0.7,0,-0.3349,6.3282,0.0034,6.3941,0.1653,1.002,0.0003
p090,Christopher Nkunku,Chelsea,FW,9,2024-10-07,6.853,66.24,61.53,-0.2579,11.38,0,1.4726,6.4488,0.0849,6.4837,-0.0107,0.819,0.0002
p090,Christopher Nkunku,Chelsea,FW,10,2024-10-14,6.538,66.0,65.71,-0.292,-5.97,0,0.1303,6.505,0.0452,6.4939,-0.0838,1.045,0.0002
p090,Christopher Nkunku,Chelsea,FW,11,2024-10-21,6.397,66.71,66.94,-0.3349,1.12,0,-0.258,6.461,0.0572,6.4764,-0.2885,0.859,0.0002
p090,Christopher Nkunku,Chelsea,FW,12,2024-10-28,6.509,67.58,65.73,-0.1714,-0.66,0,-0.0241,6.5142,0.0014,6.4821,-0.264,0.858,0.0003
p090,Christopher Nkunku,Chelsea,FW,13,2024-11-04,6.729,68.31,64.24,0.1102,-0.61,0,0.6768,6.6052,-0.0277,6.5242,-0.172,1.331,0.0003
p090,Christopher Nkunku,Chelsea,FW,14,2024-11-11,7.051,68.83,62.85,0.9224,-0.8,0,1.5831,6.6448,0.1358,6.6123,0.1316,0.852,0.0002
p090,Christopher Nkunku,Chelsea,FW,15,2024-11-18,7.671,70.04,60.28,-0.2988,-1.08,0,1.5619,6.8714,0.309,6.7863,0.1406,0.903,0.0003
p090,Christopher Nkunku,Chelsea,FW,16,2024-11-25,7.43,71.21,66.3,0.0986,-10.67,0,0.7332,7.078,0.2784,6.8906,0.2081,1.237,0.0002
p090,Christopher Nkunku,Chelsea,FW,17,2024-12-02,7.217,71.18,70.45,0.2172,-9.77,0,-0.0072,7.2196,0.1355,6.9429,0.2348,0.956,0.0002
p090,Christopher Nkunku,Chelsea,FW,18,2024-12-09,7.136,70.97,72.34,0.0113,-1.9,0,-0.6596,7.301,-0.0284,6.9735,0.0071,1.0,0.0002
p090,Christopher Nkunku,Chelsea,FW,19,2024-12-16,6.873,71.56,75.12,0.1371,-8.24,0,-1.2996,7.2654,-0.189,6.9577,0.116,0.987,0.0008
p090,Christopher Nkunku,Chelsea,FW,20,2024-12-23,6.505,72.33,77.59,-0.0566,-22.63,0,-1.4816,7.0322,-0.2194,6.887,0.0772,0.851,0.0011
p090,Christopher Nkunku,Chelsea,FW,21,2024-12-30,6.773,71.54,73.2,-0.1312,-13.98,0,-0.4456,6.9008,-0.1519,6.8694,-0.0099,1.088,0.0018
p090,Christopher Nkunku,Chelsea,FW,22,2025-01-06,6.648,71.31,74.32,-0.0237,-15.43,0,-0.5819,6.787,-0.1076,6.8352,-0.0186,0.94,0.0011
p090,Christopher Nkunku,Chelsea,FW,23,2025-01-13,6.778,69.59,72.46,0.4114,-6.57,0,0.4402,6.7154,-0.0047,6.8264,0.05,1.051,0.0003
p090,Christopher Nkunku,Chelsea,FW,24,2025-01-20,6.819,69.6,71.92,-0.5877,-11.42,0,0.8893,6.7046,0.0633,6.8253,-0.0828,1.176,0.0004
p090,Christopher Nkunku,Chelsea,FW,25,2025-01-27,7.745,68.97,64.61,0.2923,4.34,0,1.7705,6.9526,0.2115,6.9656,0.0231,1.025,0.0002
p090,Christopher Nkunku,Chelsea,FW,26,2025-02-03,6.834,68.38,75.25,0.0487,-7.3,0,-0.2958,6.9648,0.1339,6.9456,0.0412,0.991,0.0003
p091,Randal Kolo Muani,Juventus,FW,1,2024-08-12,5.719,69.95,69.95,0.7361,-1.17,0,,,,,0.7361,1.0,0.0012
p091,Randal Kolo Muani,Juventus,FW,2,2024-08-19,6.358,69.51,55.4,0.0942,-13.48,0,0.7071,6.0385,,6.0644,0.4152,0.944,0.0004
p091,Randal Kolo Muani,Juventus,FW,3,2024-08-26,6.784,71.77,58.31,0.4222,-6.1,0,0.9272,6.287,,6.3441,0.4175,0.914,0.0003
p091,Randal Kolo Muani,Juventus,FW,4,2024-09-02,6.068,71.4,64.6,0.0844,-12.47,0,-0.3641,6.2322,,6.2575,0.3342,1.126,0.0002
p091,Randal Kolo Muani,Juventus,FW,5,2024-09-09,6.154,72.68,62.73,0.6314,-16.04,0,-0.1596,6.2166,0.058,6.2296,0.308,1.106,0.0002
p091,Randal Kolo Muani,Juventus,FW,6,2024-09-16,5.627,75.73,64.99,0.5522,-15.72,0,-1.3521,6.1982,-0.2092,6.0845,0.4226,0.765,0.0016
p091,Randal Kolo Muani,Juventus,FW,7,2024-09-23,5.902,77.52,60.43,0.6141,-16.67,0,-0.4784,6.107,-0.2205,6.0442,0.4705,1.046,0.0011
p091,Randal Kolo Muani,Juventus,FW,8,2024-09-30,5.772,78.87,60.39,0.2191,-3.33,0,-0.619,5.9046,-0.0844,5.9881,0.5042,0.855,0.0014
p091,Randal Kolo Muani,Juventus,FW,9,2024-10-07,6.163,80.63,56.57,0.1312,-1.38,0,1.0166,5.9236,0.0163,6.0222,0.3792,1.266,0.0003
p091,Randal Kolo Muani,Juventus,FW,10,2024-10-14,6.459,80.76,55.3,0.602,-11.13,0,1.4356,5.9846,0.1925,6.1038,0.3916,0.906,0.0002
p091,Randal Kolo Muani,Juventus,FW,11,2024-10-21,6.381,83.05,57.72,0.3038,-11.53,0,0.8275,6.1354,0.1645,6.1537,0.314,0.875,0.0003
p091,Randal Kolo Muani,Juventus,FW,12,2024-10-28,6.33,85.52,59.25,0.3068,-11.58,0,0.3986,6.221,0.1334,6.1846,0.3359,0.947,0.0002
p091,Randal Kolo Muani,Juventus,FW,13,2024-11-04,6.056,85.91,61.41,0.2153,-11.17,0,-1.3462,6.2778,-0.0343,6.1626,0.357,1.275,0.0005
p091,Randal Kolo Muani,Juventus,FW,14,2024-11-11,5.503,85.82,65.58,0.2853,-21.65,0,-1.6479,6.1458,-0.2237,6.0523,0.2778,1.023,0.999
p091,Randal Kolo Muani,Juventus,FW,15,2024-11-18,5.48,87.54,63.12,0.6037,-7.53,0,-1.0768,5.95,-0.2629,5.9583,0.3528,0.774,0.0031
p091,Randal Kolo Muani,Juventus,FW,16,2024-11-25,5.722,90.27,59.02,0.1915,6.04,0,-0.2615,5.8182,-0.1792,5.92,0.324,0.948,0.0021
p091,Randal Kolo Muani,Juventus,FW,17,2024-12-02,5.747,90.57,57.9,0.1862,4.7,0,0.1951,5.7016,-0.0399,5.8923,0.3167,0.966,0.0004
p091,Randal Kolo Muani,Juventus,FW,18,2024-12-09,5.699,89.58,57.6,0.137,22.63,0,0.5375,5.6302,0.0659,5.8617,0.2796,1.106,0.0005
p091,Randal Kolo Muani,Juventus,FW,19,2024-12-16,5.899,90.46,55.31,0.2823,1.87,0,1.2622,5.7094,0.0815,5.8675,0.1992,1.02,0.0003
p091,Randal Kolo Muani,Juventus,FW,20,2024-12-23,5.848,91.16,55.85,0.6267,-5.12,0,0.7537,5.783,0.0404,5.8645,0.3081,1.123,0.0005
p091,Randal Kolo Muani,Juventus,FW,21,2024-12-30,5.926,92.02,55.16,0.1334,1.41,0,1.0464,5.8238,0.0507,5.874,0.2949,1.091,0.0005
p091,Randal Kolo Muani,Juventus,FW,22,2025-01-06,5.812,92.23,56.29,0.172,-2.65,0,-0.2792,5.8368,0.0253,5.8644,0.3036,0.79,0.0005
p091,Randal Kolo Muani,Juventus,FW,23,2025-01-13,5.808,92.66,56.09,0.7373,-16.84,0,-0.9641,5.8586,-0.0218,5.8558,0.4174,0.976,0.0015
p091,Randal Kolo Muani,Juventus,FW,24,2025-01-20,5.385,92.9,59.19,0.1669,-20.19,0,-1.7439,5.7558,-0.1044,5.7837,0.3024,1.092,0.9984
p091,Randal Kolo Muani,Juventus,FW,25,2025-01-27,5.16,92.33,59.19,0.3378,4.45,0,-1.3932,5.6182,-0.1959,5.6885,0.3535,1.218,0.0025
p091,Randal Kolo Muani,Juventus,FW,26,2025-02-03,5.771,93.28,52.03,0.796,24.38,0,0.6157,5.5872,-0.073,5.7011,0.5095,1.005,0.0017
p092,Marcus Thuram,Inter Milan,FW,1,2024-08-12,7.105,70.28,70.28,0.2722,0.51,0,,,,,0.2722,1.0,0.0006
p092,Marcus Thuram,Inter Milan,FW,2,2024-08-19,7.149,69.39,76.71,0.1863,-4.93,0,0.7071,7.127,,7.1288,0.2292,1.033,0.0004
p092,Marcus Thuram,Inter Milan,FW,3,2024-08-26,7.061,71.0,77.03,0.11,-4.35,0,-1.0,7.105,,7.1024,0.1895,1.208,0.0004
p092,Marcus Thuram,Inter Milan,FW,4,2024-09-02,7.46,71.13,75.39,0.3552,-7.88,0,1.4702,7.1938,,7.2146,0.2309,1.228,0.0002
p092,Marcus Thuram,Inter Milan,FW,5,2024-09-09,7.506,70.82,77.11,-0.2332,-2.92,0,1.1896,7.2562,0.1113,7.2932,0.1046,1.044,0.0002
p092,Marcus Thuram,Inter Milan,FW,6,2024-09-16,7.512,72.03,78.0,-0.5124,-14.14,0,0.8091,7.3376,0.1171,7.3459,-0.0701,0.945,0.0003
p092,Marcus Thuram,Inter Milan,FW,7,2024-09-23,7.519,73.03,79.6,-0.0259,-3.5,0,0.5442,7.4116,0.0968,7.3841,-0.1041,1.136,0.0002
p092,Marcus Thuram,Inter Milan,FW,8,2024-09-30,7.963,73.47,77.62,0.2967,1.68,0,1.7778,7.592,0.1019,7.5035,-0.1187,0.883,0.0002
p092,Marcus Thuram,Inter Milan,FW,9,2024-10-07,7.989,73.38,80.06,0.1336,-19.75,0,1.1457,7.6978,0.1417,7.5983,-0.027,0.818,0.0002
p092,Marcus Thuram,Inter Milan,FW,10,2024-10-14,7.658,72.89,84.47,0.0459,-18.16,0,-0.3003,7.7282,0.0762,7.6094,0.1126,1.198,0.0003
p092,Marcus Thuram,Inter Milan,FW,11,2024-10-21,7.927,73.62,82.82,0.647,-11.53,0,0.5506,7.8112,0.0511,7.6666,0.2808,0.908,0.0003
p092,Marcus Thuram,Inter Milan,FW,12,2024-10-28,8.18,73.65,82.32,0.5075,-3.8,0,1.2639,7.9434,0.0372,7.7564,0.3335,1.121,0.0002
p092,Marcus Thuram,Inter Milan,FW,13,2024-11-04,7.932,74.87,85.68,0.3309,0.49,0,-0.0278,7.9372,0.0408,7.7864,0.3828,1.048,0.0003
p092,Marcus Thuram,Inter Milan,FW,14,2024-11-11,7.651,75.63,89.06,0.0281,-4.85,0,-0.9873,7.8696,-0.0009,7.7637,0.3784,1.114,0.0003
p092,Marcus Thuram,Inter Milan,FW,15,2024-11-18,7.801,75.79,87.39,0.9591,2.26,0,-0.4987,7.8982,-0.0781,7.7699,0.4564,0.907,0.0014
p092,Marcus Thuram,Inter Milan,FW,16,2024-11-25,7.391,75.42,90.65,-0.3492,8.58,0,-1.3505,7.791,-0.1709,7.7085,0.2422,1.109,0.002
p092,Marcus Thuram,Inter Milan,FW,17,2024-12-02,7.534,74.72,88.07,-0.2109,3.45,0,-0.5989,7.6618,-0.1056,7.6805,0.1068,0.726,0.0019
p092,Marcus Thuram,Inter Milan,FW,18,2024-12-09,8.088,74.77,83.13,0.4262,18.41,0,1.4774,7.693,0.0607,7.7451,0.2063,0.956,0.0002
p092,Marcus Thuram,Inter Milan,FW,19,2024-12-16,8.334,74.09,82.8,0.4514,1.28,0,1.3005,7.8296,0.1763,7.8377,0.0794,0.871,0.0002
p092,Marcus Thuram,Inter Milan,FW,20,2024-12-23,8.922,73.37,80.49,-0.0456,-23.28,0,1.3979,8.0538,0.3862,8.0069,0.1553,1.122,0.0002
p092,Marcus Thuram,Inter Milan,FW,21,2024-12-30,8.984,74.39,84.15,0.5253,-30.91,0,1.0118,8.3724,0.3734,8.1584,0.3393,1.049,0.0003
p092,Marcus Thuram,Inter Milan,FW,22,2025-01-06,9.018,73.67,87.6,-0.2325,-42.03,0,0.8138,8.6692,0.251,8.2911,0.1746,1.15,0.0002
p092,Marcus Thuram,Inter Milan,FW,23,2025-01-13,9.08,73.48,90.38,0.2224,-4.1,0,0.6993,8.8676,0.1588,8.4123,0.1174,0.857,0.0003
p092,Marcus Thuram,Inter Milan,FW,24,2025-01-20,9.247,75.14,92.05,0.4065,0.85,0,1.5875,9.0502,0.0746,8.5401,0.2304,1.188,0.0003
p092,Marcus Thuram,Inter Milan,FW,25,2025-01-27,9.435,75.9,93.72,0.2071,1.27,0,1.5059,9.1528,0.1131,8.6767,0.1509,0.796,0.0003
p092,Marcus Thuram,Inter Milan,FW,26,2025-02-03,9.176,76.43,99.13,-0.3346,-8.01,0,-0.0938,9.1912,0.0671,8.7527,0.1253,1.047,0.0003
p093,Ademola Lookman,Atalanta,FW,1,2024-08-12,7.728,55.61,55.61,-0.0571,-9.06,0,,,,,-0.0571,1.0,0.0006
p093,Ademola Lookman,Atalanta,FW,2,2024-08-19,7.625,57.48,86.13,0.0765,-6.0,0,-0.7071,7.6765,,7.6723,0.0097,1.0,0.0005
p093,Ademola Lookman,Atalanta,FW,3,2024-08-26,7.25,57.64,86.54,-0.0071,2.52,0,-1.1302,7.5343,,7.5082,0.0041,0.908,0.0002
p093,Ademola Lookman,Atalanta,FW,4,2024-09-02,7.727,57.27,82.67,0.1668,-6.97,0,0.6369,7.5825,,7.5768,0.0448,1.133,0.0002
p093,Ademola Lookman,Atalanta,FW,5,2024-09-09,7.509,58.45,84.82,-0.3945,-9.48,0,-0.2952,7.5678,-0.0336,7.5585,-0.0396,0.944,0.0002
p093,Ademola Lookman,Atalanta,FW,6,2024-09-16,7.386,59.31,85.12,-0.0086,3.66,0,-0.6003,7.4994,-0.0219,7.517,-0.0608,0.889,0.0003
p093,Ademola Lookman,Atalanta,FW,7,2024-09-23,6.919,58.71,87.02,-0.0118,-8.1,0,-1.4557,7.3582,-0.1003,7.385,-0.062,1.106,0.0035
p093,Ademola Lookman,Atalanta,FW,8,2024-09-30,7.034,59.16,83.49,0.3426,-3.12,0,-0.8395,7.315,-0.1976,7.3126,-0.0181,0.731,0.0015
p093,Ademola Lookman,Atalanta,FW,9,2024-10-07,6.818,58.29,83.34,-0.1691,-15.46,0,-1.0504,7.1332,-0.1734,7.216,0.0383,1.086,0.0023
p093,Ademola Lookman,Atalanta,FW,10,2024-10-14,6.446,58.92,83.72,-0.1825,-11.84,0,-1.3916,6.9206,-0.1981,7.0722,-0.0052,0.828,0.0014
p093,Ademola Lookman,Atalanta,FW,11,2024-10-21,6.818,59.04,77.8,0.11,-0.76,0,0.0499,6.807,-0.079,7.0264,0.0253,1.185,0.0013
p093,Ademola Lookman,Atalanta,FW,12,2024-10-28,7.5,59.42,71.82,0.3633,-6.49,0,1.4958,6.9232,0.0932,7.1092,0.0304,0.807,0.0003
p093,Ademola Lookman,Atalanta,FW,13,2024-11-04,7.313,59.64,75.14,-0.6954,-9.52,0,0.7878,6.979,0.2044,7.144,-0.1011,0.996,0.0002
p093,Ademola Lookman,Atalanta,FW,14,2024-11-11,7.593,60.18,73.88,0.3266,-20.16,0,0.9419,7.134,0.2789,7.2191,0.0261,1.228,0.0002
p093,Ademola Lookman,Atalanta,FW,15,2024-11-18,7.73,60.29,74.64,0.2745,-17.77,0,0.9575,7.3908,0.1917,7.303,0.0672,1.254,0.0002
p093,Ademola Lookman,Atalanta,FW,16,2024-11-25,7.804,60.14,75.52,0.0804,-15.18,0,1.1146,7.588,0.1025,7.3842,-0.0035,1.037,0.0002
p093,Ademola Lookman,Atalanta,FW,17,2024-12-02,7.394,59.71,81.19,0.1552,-6.71,0,-0.8195,7.5668,0.0373,7.3858,0.2092,0.891,0.0002
p093,Ademola Lookman,Atalanta,FW,18,2024-12-09,7.512,59.66,80.32,0.4277,-5.44,0,-0.5743,7.6066,-0.0498,7.4058,0.2344,0.945,0.0008
p093,Ademola Lookman,Atalanta,FW,19,2024-12-16,7.821,59.74,78.42,-0.0593,-20.42,0,0.8899,7.6522,-0.011,7.471,0.151,0.98,0.0003
p093,Ademola Lookman,Atalanta,FW,20,2024-12-23,8.581,60.29,74.11,-0.3036,-13.16,0,1.6402,7.8224,0.1981,7.6443,0.055,0.752,0.0003
p093,Ademola Lookman,Atalanta,FW,21,2024-12-30,7.918,59.39,83.52,0.2764,-15.0,0,0.1568,7.8452,0.2117,7.6867,0.0853,1.209,0.0002
p093,Ademola Lookman,Atalanta,FW,22,2025-01-06,8.178,58.63,82.53,0.2485,4.17,0,0.4379,8.002,0.1429,7.7625,0.0405,1.133,0.0002
p093,Ademola Lookman,Atalanta,FW,23,2025-01-13,8.241,56.58,83.9,-0.497,10.29,0,0.312,8.1478,0.0437,7.8361,-0.0689,0.805,0.0003
p093,Ademola Lookman,Atalanta,FW,24,2025-01-20,8.22,56.77,85.87,0.5962,2.15,0,-0.0322,8.2276,-0.0399,7.8948,0.156,1.111,0.0003
p093,Ademola Lookman,Atalanta,FW,25,2025-01-27,8.729,56.05,83.31,0.2274,-23.49,0,1.6052,8.2572,0.1664,8.0221,0.1438,0.799,0.0003
p093,Ademola Lookman,Atalanta,FW,26,2025-02-03,8.548,54.38,87.88,-0.152,-26.73,0,0.6789,8.3832,0.1228,8.1022,0.0436,1.222,0.0002
p094,Rúben Neves,Al Hilal,MF,1,2024-08-12,6.622,39.99,39.99,-0.1473,-5.47,0,,,,,-0.1473,1.0,0.0011
p094,Rúben Neves,Al Hilal,MF,2,2024-08-19,6.314,39.12,67.35,0.0477,0.76,0,-0.7071,6.468,,6.4555,-0.0498,1.001,0.0002
p094,Rúben Neves,Al Hilal,MF,3,2024-08-26,6.044,38.45,65.43,0.2168,-13.17,0,-0.9774,6.3267,,6.2955,0.0391,0.706,0.0004
p094,Rúben Neves,Al Hilal,MF,4,2024-09-02,5.892,38.88,64.19,-0.7148,-27.78,0,-1.0158,6.218,,6.1689,-0.1494,1.013,0.0002
p094,Rúben Neves,Al Hilal,MF,5,2024-09-09,6.221,39.83,60.54,0.7171,-12.27,0,0.0086,6.2186,-0.1224,6.183,0.0667,0.906,0.0007
p094,Rúben Neves,Al Hilal,MF,6,2024-09-16,5.646,39.88,63.86,0.5391,-20.84,0,-1.4173,6.0234,-0.1159,6.0536,0.1896,0.83,0.0012
p094,Rúben Neves,Al Hilal,MF,7,2024-09-23,5.619,40.52,61.39,0.0835,-18.05,0,-1.029,5.8844,-0.1096,5.9577,0.1562,1.216,0.0015
p094,Rúben Neves,Al Hilal,MF,8,2024-09-30,5.489,41.61,60.17,-0.0642,-17.17,0,-0.9822,5.7734,-0.1408,5.861,0.3189,1.084,0.0066
p094,Rúben Neves,Al Hilal,MF,9,2024-10-07,5.592,41.92,57.37,-0.2344,-9.23,0,-0.4187,5.7134,-0.1415,5.8085,0.081,0.957,0.0034
p094,Rúben Neves,Al Hilal,MF,10,2024-10-14,5.221,42.21,58.74,0.2402,-11.78,0,-1.6811,5.5134,-0.0877,5.6988,0.0063,0.991,0.9994
p094,Rúben Neves,Al Hilal,MF,11,2024-10-21,5.142,42.07,56.78,0.14,-11.88,0,-1.2398,5.4126,-0.1222,5.5985,0.0204,0.972,0.0022
p094,Rúben Neves,Al Hilal,MF,12,2024-10-28,5.403,42.21,52.57,-0.4171,1.16,0,0.1804,5.3694,-0.0622,5.5643,-0.0678,0.767,0.001
p094,Rúben Neves,Al Hilal,MF,13,2024-11-04,5.44,42.92,51.49,0.046,-1.59,0,0.4478,5.3596,-0.0122,5.5431,0.0023,1.207,0.0007
p094,Rúben Neves,Al Hilal,MF,14,2024-11-11,5.248,43.91,52.42,0.1479,-7.53,0,-0.3392,5.2908,0.0352,5.4938,-0.0208,1.206,0.0009
p094,Rúben Neves,Al Hilal,MF,15,2024-11-18,4.967,43.33,53.36,0.2681,-13.99,0,-1.4062,5.24,-0.0505,5.4072,0.0112,0.907,0.0011
p094,Rúben Neves,Al Hilal,MF,16,2024-11-25,5.418,43.41,47.85,-0.1871,-1.76,0,0.6186,5.2952,-0.0443,5.4089,0.0687,0.78,0.0011
p094,Rúben Neves,Al Hilal,MF,17,2024-12-02,4.962,44.02,51.38,0.1568,-7.57,0,-1.0492,5.207,-0.0786,5.3374,0.0964,1.053,0.0025
p094,Rúben Neves,Al Hilal,MF,18,2024-12-09,5.461,42.88,45.8,-0.2426,-4.25,0,1.0457,5.2112,0.0421,5.357,-0.0012,1.229,0.0005
p094,Rúben Neves,Al Hilal,MF,19,2024-12-16,5.526,40.87,45.78,0.2176,-7.22,0,0.9303,5.2668,0.1161,5.3835,-0.0138,0.831,0.0005
p094,Rúben Neves,Al Hilal,MF,20,2024-12-23,5.459,40.5,46.95,0.0364,-5.09,0,0.4102,5.3652,0.0646,5.3953,0.042,0.873,0.0007
p094,Rúben Neves,Al Hilal,MF,21,2024-12-30,5.815,41.87,44.46,0.7472,-1.99,0,1.2062,5.4446,0.1704,5.4604,0.1896,0.773,0.0005
p094,Rúben Neves,Al Hilal,MF,22,2025-01-06,6.168,41.61,43.3,-0.1382,9.85,0,1.5713,5.6858,0.1703,5.5696,0.2157,1.112,0.0003
p094,Rúben Neves,Al Hilal,MF,23,2025-01-13,6.174,41.21,45.93,-0.0371,0.46,0,1.016,5.8284,0.2005,5.6625,0.1521,1.339,0.0003
p094,Rúben Neves,Al Hilal,MF,24,2025-01-20,6.297,40.47,46.68,-0.4021,-16.62,0,0.9152,5.9826,0.2035,5.7596,0.0424,1.139,0.0003
p094,Rúben Neves,Al Hilal,MF,25,2025-01-27,5.894,39.6,52.82,0.0967,-22.81,0,-0.857,6.0696,0.0287,5.7801,-0.1202,0.984,0.0004
p094,Rúben Neves,Al Hilal,MF,26,2025-02-03,5.824,39.92,53.88,-0.0008,-16.46,0,-1.2239,6.0714,-0.0968,5.7868,-0.0858,0.881,0.0016
p095,Matteo Guendouzi,Lazio,MF,1,2024-08-12,6.519,28.44,28.44,-0.2754,-1.83,0,,,,,-0.2754,1.0,0.0009
p095,Matteo Guendouzi,Lazio,MF,2,2024-08-19,6.202,28.42,65.58,0.3366,-12.64,0,-0.7071,6.3605,,6.3476,0.0306,1.141,0.0002
p095,Matteo Guendouzi,Lazio,MF,3,2024-08-26,5.9,28.51,64.23,0.3148,-27.02,0,-0.9918,6.207,,6.1736,0.1253,1.075,0.0003
p095,Matteo Guendouzi,Lazio,MF,4,2024-09-02,6.415,27.48,60.09,0.2183,-17.81,0,0.5708,6.259,,6.2494,0.1486,1.208,0.0003
p095,Matteo Guendouzi,Lazio,MF,5,2024-09-09,6.146,28.32,62.59,0.4945,-15.51,0,-0.3735,6.2364,-0.0533,6.2215,0.341,1.176,0.0004
p095,Matteo Guendouzi,Lazio,MF,6,2024-09-16,5.89,29.01,63.42,0.0198,-31.18,0,-0.9984,6.1106,-0.0378,6.1417,0.2619,0.96,0.0002
p095,Matteo Guendouzi,Lazio,MF,7,2024-09-23,5.553,28.43,63.78,0.0096,-12.44,0,-1.3304,5.9808,-0.1219,6.0117,0.1856,0.886,0.0029
p095,Matteo Guendouzi,Lazio,MF,8,2024-09-30,5.878,26.58,58.97,-0.0121,-22.6,0,-0.3046,5.9764,-0.1667,5.9841,0.128,0.862,0.001
p095,Matteo Guendouzi,Lazio,MF,9,2024-10-07,6.26,27.38,55.83,0.1591,-2.9,0,1.1472,5.9454,0.0216,6.038,0.0441,1.176,0.0002
p095,Matteo Guendouzi,Lazio,MF,10,2024-10-14,6.382,28.31,56.2,0.0706,-8.48,0,1.174,5.9926,0.1691,6.1022,0.0568,1.081,0.0003
p095,Matteo Guendouzi,Lazio,MF,11,2024-10-21,5.904,26.38,61.05,-0.022,-19.52,0,-0.2764,5.9954,0.1206,6.0665,0.0489,1.113,0.0003
p095,Matteo Guendouzi,Lazio,MF,12,2024-10-28,5.958,25.35,59.83,0.0018,-19.27,0,-0.5165,6.0764,-0.0196,6.0475,0.0524,1.038,0.0003
p095,Matteo Guendouzi,Lazio,MF,13,2024-11-04,6.477,23.43,55.58,0.2043,-9.87,0,1.1023,6.1962,0.001,6.1208,0.0637,0.906,0.0003
p095,Matteo Guendouzi,Lazio,MF,14,2024-11-11,6.274,24.31,58.83,0.4594,-21.82,0,0.2933,6.199,0.0357,6.1464,0.1609,0.668,0.0003
p095,Matteo Guendouzi,Lazio,MF,15,2024-11-18,6.079,24.26,60.9,-0.0708,-21.24,0,-0.251,6.1384,0.0666,6.1354,0.1487,1.176,0.0002
p095,Matteo Guendouzi,Lazio,MF,16,2024-11-25,5.916,23.67,61.88,-0.5254,-25.34,0,-0.9617,6.1408,-0.0482,6.0998,0.0169,0.775,0.0006
p095,Matteo Guendouzi,Lazio,MF,17,2024-12-02,6.428,24.6,56.52,0.2954,-22.32,0,0.8175,6.2348,-0.0456,6.1524,0.0396,1.272,0.0005
p095,Matteo Guendouzi,Lazio,MF,18,2024-12-09,6.73,23.83,56.05,-0.1715,-5.34,0,1.4109,6.2854,0.1261,6.2439,-0.1181,0.846,0.0004
p095,Matteo Guendouzi,Lazio,MF,19,2024-12-16,6.535,24.71,59.79,0.4584,-13.31,0,0.5913,6.3376,0.1726,6.2897,0.0142,1.197,0.0002
p095,Matteo Guendouzi,Lazio,MF,20,2024-12-23,6.723,24.05,58.87,0.3487,-12.21,0,0.7698,6.4664,0.1721,6.3573,0.2328,0.805,0.0003
p095,Matteo Guendouzi,Lazio,MF,21,2024-12-30,6.758,23.71,60.83,0.3773,-8.37,0,0.8464,6.6348,0.0653,6.4194,0.2532,1.113,0.0003
p095,Matteo Guendouzi,Lazio,MF,22,2025-01-06,7.005,24.86,60.42,0.1261,-1.0,0,1.5197,6.7502,0.0773,6.5098,0.3276,1.125,0.0002
p095,Matteo Guendouzi,Lazio,MF,23,2025-01-13,7.029,23.8,62.45,0.4404,2.8,0,1.0565,6.81,0.127,6.5896,0.3231,1.144,0.0004
p095,Matteo Guendouzi,Lazio,MF,24,2025-01-20,7.108,22.96,63.22,0.2271,-0.96,0,1.0615,6.9246,0.1041,6.669,0.2927,0.846,0.0002
p095,Matteo Guendouzi,Lazio,MF,25,2025-01-27,7.765,22.55,60.58,0.2018,-11.83,0,1.6773,7.133,0.2117,6.8362,0.2488,1.068,0.0002
p095,Matteo Guendouzi,Lazio,MF,26,2025-02-03,7.776,23.8,64.62,0.1489,-17.02,0,1.1042,7.3366,0.2278,6.9793,0.2546,0.928,0.0002
p096,Mats Hummels,Roma,DF,1,2024-08-12,4.67,19.47,19.47,-0.3138,-1.12,0,,,,,-0.3138,1.0,0.0016
p096,Mats Hummels,Roma,DF,2,2024-08-19,4.628,17.69,35.36,0.5835,-10.36,0,-0.7071,4.649,,4.6473,0.1348,1.19,0.0016
p096,Mats Hummels,Roma,DF,3,2024-08-26,4.542,18.65,35.22,0.3627,-9.85,0,-1.0933,4.6133,,4.6064,0.2108,0.922,0.0027
p096,Mats Hummels,Roma,DF,4,2024-09-02,4.463,19.64,34.88,-0.0162,-13.34,0,-1.2238,4.5758,,4.5614,0.154,0.952,0.001
p096,Mats Hummels,Roma,DF,5,2024-09-09,4.216,19.09,35.21,-0.3601,-21.96,0,-1.6026,4.5038,-0.1073,4.4682,0.1425,0.828,0.9989
p096,Mats Hummels,Roma,DF,6,2024-09-16,4.331,20.69,32.25,0.2612,-6.76,0,-0.6383,4.436,-0.092,4.4352,0.0619,1.159,0.0074
p096,Mats Hummels,Roma,DF,7,2024-09-23,4.001,19.35,34.1,0.0226,-14.09,0,-1.4515,4.3106,-0.1214,4.3393,-0.0231,0.879,0.0023
p096,Mats Hummels,Roma,DF,8,2024-09-30,3.959,18.8,32.33,0.3798,-9.28,0,-1.0954,4.194,-0.1223,4.2609,0.0759,0.815,0.0028
p096,Mats Hummels,Roma,DF,9,2024-10-07,3.851,17.52,31.32,-0.162,-10.58,0,-1.1226,4.0716,-0.1102,4.1809,0.1254,0.993,0.003
p096,Mats Hummels,Roma,DF,10,2024-10-14,3.84,17.49,29.6,-0.0268,-11.33,0,-0.7845,3.9964,-0.1132,4.1172,0.0534,1.127,0.0024
p096,Mats Hummels,Roma,DF,11,2024-10-21,4.255,19.25,25.21,0.0512,-5.94,0,1.6309,3.9812,0.0389,4.142,0.0606,1.003,0.0007
p096,Mats Hummels,Roma,DF,12,2024-10-28,3.794,19.62,29.11,0.3034,-11.33,0,-0.7826,3.9398,0.0074,4.0812,0.0415,0.93,0.0007
p096,Mats Hummels,Roma,DF,13,2024-11-04,2.958,18.26,33.82,-0.0793,-17.21,0,-1.6459,3.7396,-0.1832,3.8895,0.0621,1.085,0.9988
p096,Mats Hummels,Roma,DF,14,2024-11-11,2.63,17.54,31.72,-0.1399,-12.68,0,-1.282,3.4954,-0.3717,3.679,0.0339,1.237,0.0044
p096,Mats Hummels,Roma,DF,15,2024-11-18,2.107,14.72,30.62,-0.5162,-15.17,0,-1.1968,3.1488,-0.546,3.4206,-0.108,1.315,0.0019
p096,Mats Hummels,Roma,DF,16,2024-11-25,2.0,15.54,25.22,-0.2561,-14.07,0,-0.9608,2.6978,-0.4439,3.1904,-0.2479,1.158,0.0021
p096,Mats Hummels,Roma,DF,17,2024-12-02,2.491,13.88,15.91,0.0395,-12.22,0,0.1376,2.4372,-0.1564,3.0784,-0.2182,0.957,0.0058
p096,Mats Hummels,Roma,DF,18,2024-12-09,2.567,13.92,12.6,0.1326,-9.18,0,0.728,2.359,0.0258,2.9974,-0.15,1.084,0.0011
p096,Mats Hummels,Roma,DF,19,2024-12-16,2.681,11.64,9.75,-0.0282,-8.15,0,1.0448,2.3692,0.1715,2.9476,-0.028,0.981,0.0011
p096,Mats Hummels,Roma,DF,20,2024-12-23,2.461,11.33,10.24,-0.5612,-8.4,0,0.0807,2.44,0.1112,2.8717,-0.1043,1.078,0.0007
p096,Mats Hummels,Roma,DF,21,2024-12-30,2.488,10.92,8.17,-0.275,-8.06,0,-0.5552,2.5376,-0.0112,2.8122,-0.1829,0.875,0.0012
p096,Mats Hummels,Roma,DF,22,2025-01-06,2.22,10.91,8.81,-0.2501,-19.77,0,-1.5472,2.4834,-0.0887,2.7208,-0.2786,0.847,0.0093
p096,Mats Hummels,Roma,DF,23,2025-01-13,2.385,11.26,5.27,-0.0571,-9.45,0,-0.3705,2.447,-0.0833,2.6692,-0.2858,1.044,0.0046
p096,Mats Hummels,Roma,DF,24,2025-01-20,2.331,11.68,4.42,-0.2213,-10.34,0,-0.428,2.377,-0.0363,2.6174,-0.2009,0.916,0.0022
p096,Mats Hummels,Roma,DF,25,2025-01-27,2.198,11.93,4.19,-0.4363,-12.38,0,-1.0556,2.3244,-0.0469,2.5534,-0.2412,0.983,0.0023
p096,Mats Hummels,Roma,DF,26,2025-02-03,2.092,12.7,3.45,-0.0246,-11.57,0,-1.3279,2.2452,-0.0443,2.4832,-0.1848,1.09,0.0062
p097,Granit Xhaka,Bayer Leverkusen,MF,1,2024-08-12,7.116,45.98,45.98,0.0457,2.44,0,,,,,0.0457,1.0,0.0006
p097,Granit Xhaka,Bayer Leverkusen,MF,2,2024-08-19,6.722,46.3,75.39,-0.2013,-9.81,0,-0.7071,6.919,,6.903,-0.0778,0.892,0.0003
p097,Granit Xhaka,Bayer Leverkusen,MF,3,2024-08-26,6.537,45.92,73.51,-0.2119,-13.19,0,-0.8612,6.7917,,6.7607,-0.1225,1.107,0.0004
p097,Granit Xhaka,Bayer Leverkusen,MF,4,2024-09-02,6.007,46.94,73.14,-0.2594,-2.84,0,-1.2775,6.5955,,6.5242,-0.1567,0.794,0.0003
p097,Granit Xhaka,Bayer Leverkusen,MF,5,2024-09-09,5.6,45.01,70.88,0.1078,-19.84,0,-1.3322,6.3964,-0.3747,6.275,-0.1412,1.106,0.0009
p097,Granit Xhaka,Bayer Leverkusen,MF,6,2024-09-16,6.259,46.14,62.65,0.0201,-12.89,0,0.0768,6.225,-0.1863,6.2712,-0.0858,1.016,0.0009
p097,Granit Xhaka,Bayer Leverkusen,MF,7,2024-09-23,6.287,45.61,62.41,-0.3708,-17.12,0,0.4203,6.138,-0.0248,6.2746,-0.1256,1.073,0.0003
p097,Granit Xhaka,Bayer Leverkusen,MF,8,2024-09-30,6.29,46.39,62.46,0.6414,-11.22,0,0.6767,6.0886,0.1253,6.2778,0.0996,0.799,0.0003
p097,Granit Xhaka,Bayer Leverkusen,MF,9,2024-10-07,6.34,46.73,62.2,0.3125,-5.52,0,0.5928,6.1552,0.1511,6.29,0.1508,1.224,0.0003
p097,Granit Xhaka,Bayer Leverkusen,MF,10,2024-10-14,6.021,46.84,64.67,0.16,-18.6,0,-1.7398,6.2394,-0.0423,6.2397,0.1858,1.237,0.9989
p097,Granit Xhaka,Bayer Leverkusen,MF,11,2024-10-21,5.883,47.79,64.49,-0.4705,-17.19,0,-1.3999,6.1642,-0.1077,6.1755,0.1609,0.99,0.0015
p097,Granit Xhaka,Bayer Leverkusen,MF,12,2024-10-28,6.016,47.43,61.46,0.2325,-22.83,0,-0.4797,6.11,-0.1005,6.1476,0.0586,0.911,0.0011
p097,Granit Xhaka,Bayer Leverkusen,MF,13,2024-11-04,5.408,47.16,65.85,0.1429,-9.68,0,-1.5526,5.9336,-0.1869,6.0214,0.0162,0.726,0.0032
p097,Granit Xhaka,Bayer Leverkusen,MF,14,2024-11-11,4.632,47.66,68.63,0.3761,-6.42,0,-1.6204,5.592,-0.3253,5.7891,0.0703,0.896,0.9989
p097,Granit Xhaka,Bayer Leverkusen,MF,15,2024-11-18,4.393,47.02,64.88,-0.0982,-15.56,0,-1.1976,5.2664,-0.4364,5.5596,0.1633,1.328,0.0015
p097,Granit Xhaka,Bayer Leverkusen,MF,16,2024-11-25,4.101,46.24,61.58,-0.0269,-4.93,0,-1.0294,4.91,-0.4845,5.3233,0.0985,1.072,0.0018
p097,Granit Xhaka,Bayer Leverkusen,MF,17,2024-12-02,4.565,45.26,52.32,0.188,-1.12,0,-0.1127,4.6198,-0.2217,5.2019,0.1098,1.073,0.0028
p097,Granit Xhaka,Bayer Leverkusen,MF,18,2024-12-09,4.234,46.96,51.92,-0.0381,-6.6,0,-0.6805,4.385,-0.0624,5.0485,0.0062,1.073,0.001
p097,Granit Xhaka,Bayer Leverkusen,MF,19,2024-12-16,4.39,46.75,46.98,0.2283,-8.4,0,0.303,4.3366,0.0127,4.945,0.0878,0.683,0.0007
p097,Granit Xhaka,Bayer Leverkusen,MF,20,2024-12-23,4.105,47.04,46.66,-0.2089,-12.85,0,-0.8752,4.279,-0.0167,4.8139,0.0423,1.093,0.0012
p097,Granit Xhaka,Bayer Leverkusen,MF,21,2024-12-30,4.229,47.28,42.49,0.0843,-11.47,0,-0.4266,4.3046,-0.0801,4.7232,0.0164,1.108,0.009
p097,Granit Xhaka,Bayer Leverkusen,MF,22,2025-01-06,4.259,48.0,40.03,-0.0938,-8.86,0,0.1537,4.2434,-0.0111,4.6515,0.0025,0.755,0.002
p097,Granit Xhaka,Bayer Leverkusen,MF,23,2025-01-13,4.808,46.2,33.97,0.3595,-1.82,0,1.6592,4.3582,0.099,4.6756,0.0353,0.976,0.0006
p097,Granit Xhaka,Bayer Leverkusen,MF,24,2025-01-20,4.448,47.72,37.38,0.7294,-8.13,0,0.2854,4.3698,0.1265,4.6407,0.2699,1.052,0.0006
p097,Granit Xhaka,Bayer Leverkusen,MF,25,2025-01-27,4.106,48.1,39.22,0.6288,-16.74,0,-0.9643,4.37,-0.0057,4.5591,0.406,1.106,0.001
p097,Granit Xhaka,Bayer Leverkusen,MF,26,2025-02-03,5.086,48.08,29.48,-0.4019,-4.25,0,1.3555,4.5414,0.0952,4.6393,0.329,1.127,0.0009
p098,Yerlan Yerlan,Shakhtar,MF,1,2024-08-12,5.829,21.16,21.16,0.0612,-0.32,0,,,,,0.0612,1.0,0.0008
p098,Yerlan Yerlan,Shakhtar,MF,2,2024-08-19,6.491,22.04,57.33,0.7106,-15.46,0,0.7071,6.16,,6.1868,0.3859,1.013,0.0002
p098,Yerlan Yerlan,Shakhtar,MF,3,2024-08-26,6.109,21.96,61.15,0.2552,-19.21,0,-0.1023,6.143,,6.1566,0.3423,0.916,0.0002
p098,Yerlan Yerlan,Shakhtar,MF,4,2024-09-02,6.25,20.98,60.27,0.569,-20.76,0,0.2902,6.1697,,6.1859,0.399,0.982,0.0002
p098,Yerlan Yerlan,Shakhtar,MF,5,2024-09-09,6.432,21.23,59.97,-0.106,-17.37,0,0.7867,6.2222,0.0965,6.2523,0.3572,0.952,0.0002
p098,Yerlan Yerlan,Shakhtar,MF,6,2024-09-16,5.733,21.67,64.93,-0.0051,-23.2,0,-1.551,6.203,-0.1193,6.1272,0.1783,0.771,0.0021
p098,Yerlan Yerlan,Shakhtar,MF,7,2024-09-23,4.959,21.67,66.94,0.4475,-21.03,0,-1.6065,5.8966,-0.2817,5.8693,0.2264,1.002,0.999
p098,Yerlan Yerlan,Shakhtar,MF,8,2024-09-30,5.004,21.55,61.18,-0.1474,-23.95,0,-0.9823,5.6756,-0.3965,5.6909,0.0473,0.877,0.0021
p098,Yerlan Yerlan,Shakhtar,MF,9,2024-10-07,5.08,21.02,56.76,-0.1326,-4.83,0,-0.568,5.4416,-0.3433,5.5716,0.0406,1.117,0.0012
p098,Yerlan Yerlan,Shakhtar,MF,10,2024-10-14,5.112,20.22,53.86,-0.1836,-10.14,0,-0.2074,5.1776,-0.1121,5.4858,-0.004,1.08,0.0048
p098,Yerlan Yerlan,Shakhtar,MF,11,2024-10-21,5.275,20.0,50.75,-0.0449,-5.39,0,1.5524,5.086,0.074,5.4478,-0.1271,1.229,0.0008
p098,Yerlan Yerlan,Shakhtar,MF,12,2024-10-28,5.484,20.5,48.36,0.1913,-10.26,0,1.5313,5.191,0.1155,5.4541,-0.0425,1.137,0.0005
p098,Yerlan Yerlan,Shakhtar,MF,13,2024-11-04,5.309,22.08,49.21,0.2781,-6.21,0,0.3489,5.252,0.083,5.4294,0.0602,0.937,0.0009
p098,Yerlan Yerlan,Shakhtar,MF,14,2024-11-11,5.733,22.08,46.05,0.1631,-11.17,0,1.4831,5.3826,0.1276,5.4801,0.1469,0.697,0.0004
p098,Yerlan Yerlan,Shakhtar,MF,15,2024-11-18,6.543,22.09,41.16,0.0191,15.91,0,1.6769,5.6688,0.2785,5.6548,0.1629,0.914,0.0003
p098,Yerlan Yerlan,Shakhtar,MF,16,2024-11-25,6.684,21.43,44.29,0.1287,-9.34,0,1.1723,5.9506,0.3634,5.8216,0.1472,1.041,0.0004
p098,Yerlan Yerlan,Shakhtar,MF,17,2024-12-02,7.085,20.21,45.26,0.5726,-3.51,0,1.1179,6.2708,0.4503,6.0239,0.2209,0.976,0.0003
p098,Yerlan Yerlan,Shakhtar,MF,18,2024-12-09,6.834,21.31,51.52,0.12,-18.04,0,0.5042,6.5758,0.2744,6.1523,0.2101,1.32,0.0002
p098,Yerlan Yerlan,Shakhtar,MF,19,2024-12-16,7.312,19.78,51.52,-0.0025,-3.56,0,1.3602,6.8916,0.1688,6.3345,0.2047,1.119,0.0002
p098,Yerlan Yerlan,Shakhtar,MF,20,2024-12-23,7.007,20.23,58.35,-0.5574,-4.62,0,0.0941,6.9844,0.0873,6.4395,0.0332,0.834,0.0002
p098,Yerlan Yerlan,Shakhtar,MF,21,2024-12-30,7.501,20.78,57.06,0.0923,-4.22,0,1.3496,7.1478,0.1005,6.6041,-0.0869,1.044,0.0002
p098,Yerlan Yerlan,Shakhtar,MF,22,2025-01-06,7.716,21.95,59.42,0.4318,-18.46,0,1.234,7.274,0.1953,6.7757,-0.009,1.101,0.0002
p098,Yerlan Yerlan,Shakhtar,MF,23,2025-01-13,6.545,22.02,72.82,-0.3776,-21.54,0,-1.4696,7.2162,-0.0825,6.7403,-0.1027,0.777,0.0013
p098,Yerlan Yerlan,Shakhtar,MF,24,2025-01-20,6.275,20.6,74.06,-0.2572,-5.2,0,-1.1999,7.0088,-0.242,6.669,-0.0277,0.897,0.0014
p098,Yerlan Yerlan,Shakhtar,MF,25,2025-01-27,6.813,21.98,68.08,-0.0355,-5.42,0,-0.2541,6.97,-0.2817,6.691,-0.0596,1.02,0.0014
p098,Yerlan Yerlan,Shakhtar,MF,26,2025-02-03,6.981,21.64,67.29,-0.0771,-8.67,0,0.2108,6.866,-0.1202,6.7352,-0.1869,1.264,0.0015
p099,Mykhaylo Mudryk,Chelsea,FW,1,2024-08-12,5.744,82.19,82.19,0.2374,-3.41,0,,,,,0.2374,1.0,0.0009
p099,Mykhaylo Mudryk,Chelsea,FW,2,2024-08-19,5.716,84.12,53.52,0.4667,-1.58,0,-0.7071,5.73,,5.7289,0.352,1.014,0.0008
p099,Mykhaylo Mudryk,Chelsea,FW,3,2024-08-26,5.449,85.53,53.63,-0.0108,17.01,0,-1.1504,5.6363,,5.6201,0.2311,1.124,0.0007
p099,Mykhaylo Mudryk,Chelsea,FW,4,2024-09-02,5.778,86.96,51.02,-0.0946,23.6,0,0.7053,5.6717,,5.6696,0.1497,0.852,0.0004
p099,Mykhaylo Mudryk,Chelsea,FW,5,2024-09-09,5.536,89.41,52.95,0.5849,24.27,0,-0.7547,5.6446,-0.0354,5.6336,0.2366,0.975,0.0004
p099,Mykhaylo Mudryk,Chelsea,FW,6,2024-09-16,5.056,90.86,54.81,0.1714,-7.87,0,-1.5829,5.507,-0.1233,5.4945,0.1627,1.144,0.9697
p099,Mykhaylo Mudryk,Chelsea,FW,7,2024-09-23,5.37,92.63,49.56,0.4645,7.48,0,-0.2582,5.4378,-0.088,5.467,0.2815,0.853,0.0026
p099,Mykhaylo Mudryk,Chelsea,FW,8,2024-09-30,5.836,92.64,46.61,0.174,6.22,0,1.009,5.5152,-0.005,5.5431,0.3487,0.822,0.0006
p099,Mykhaylo Mudryk,Chelsea,FW,9,2024-10-07,5.941,94.76,47.01,0.493,14.58,0,1.0998,5.5478,0.159,5.6208,0.3257,1.032,0.0003
p099,Mykhaylo Mudryk,Chelsea,FW,10,2024-10-14,5.735,94.69,50.75,0.3375,28.01,0,0.4018,5.5876,0.1929,5.6421,0.3672,1.185,0.0004
p099,Mykhaylo Mudryk,Chelsea,FW,11,2024-10-21,5.298,96.2,54.32,0.2929,13.48,0,-1.1807,5.636,-0.0245,5.5801,0.3244,1.199,0.0012
p099,Mykhaylo Mudryk,Chelsea,FW,12,2024-10-28,5.843,96.99,48.95,0.4395,5.66,0,0.445,5.7306,-0.0629,5.6261,0.3907,1.0,0.0006
p099,Mykhaylo Mudryk,Chelsea,FW,13,2024-11-04,5.877,97.96,49.78,0.4799,2.85,0,0.5368,5.7388,-0.002,5.6689,0.3874,1.032,0.0003
p099,Mykhaylo Mudryk,Chelsea,FW,14,2024-11-11,5.563,100.28,53.13,0.1934,20.42,0,-0.421,5.6632,0.0235,5.6512,0.3514,0.934,0.0004
p099,Mykhaylo Mudryk,Chelsea,FW,15,2024-11-18,5.383,101.76,54.07,0.4666,18.54,0,-0.7999,5.5928,-0.011,5.6071,0.3949,0.977,0.0009
p099,Mykhaylo Mudryk,Chelsea,FW,16,2024-11-25,5.97,103.04,48.55,0.4872,0.14,0,0.9907,5.7272,-0.024,5.6659,0.4068,0.902,0.0003
p099,Mykhaylo Mudryk,Chelsea,FW,17,2024-12-02,5.577,105.08,52.98,0.5795,22.62,0,-0.4,5.674,-0.0193,5.6517,0.4317,1.138,0.0005
p099,Mykhaylo Mudryk,Chelsea,FW,18,2024-12-09,5.536,106.43,52.95,0.6658,23.46,0,-0.3204,5.6058,0.014,5.6333,0.5498,0.863,0.0005
p099,Mykhaylo Mudryk,Chelsea,FW,19,2024-12-16,5.407,108.38,53.5,0.3475,6.48,0,-0.7104,5.5746,-0.0386,5.5978,0.52,1.008,0.0009
p099,Mykhaylo Mudryk,Chelsea,FW,20,2024-12-23,5.743,110.26,50.02,0.176,27.71,0,0.4442,5.6466,-0.0624,5.6204,0.4422,0.951,0.0006
p099,Mykhaylo Mudryk,Chelsea,FW,21,2024-12-30,5.505,111.14,52.43,0.1193,8.76,0,-0.3949,5.5536,0.0063,5.6025,0.3272,1.017,0.0012
p099,Mykhaylo Mudryk,Chelsea,FW,22,2025-01-06,5.326,110.96,53.39,0.2101,3.34,0,-1.1263,5.5034,-0.0322,5.5599,0.2132,0.935,0.0008
p099,Mykhaylo Mudryk,Chelsea,FW,23,2025-01-13,5.162,112.44,53.63,0.2291,-6.75,0,-1.2338,5.4286,-0.0907,5.4987,0.1836,0.818,0.0029
p099,Mykhaylo Mudryk,Chelsea,FW,24,2025-01-20,5.008,113.05,53.33,0.2652,-8.6,0,-1.1841,5.3488,-0.1813,5.4236,0.2059,1.033,0.0061
p099,Mykhaylo Mudryk,Chelsea,FW,25,2025-01-27,5.159,114.48,50.29,-0.2478,-7.37,0,-0.3851,5.232,-0.101,5.3832,0.1142,1.28,0.0024
p099,Mykhaylo Mudryk,Chelsea,FW,26,2025-02-03,5.101,114.97,49.75,0.3401,-6.13,0,-0.433,5.1512,-0.0453,5.3402,0.1466,1.162,0.0022
p100,Pedro Neto,Chelsea,FW,1,2024-08-12,6.327,71.74,71.74,0.4646,2.01,0,,,,,0.4646,1.0,0.0009
p100,Pedro Neto,Chelsea,FW,2,2024-08-19,6.651,74.12,64.56,-0.1982,0.85,0,0.7071,6.489,,6.5021,0.1332,0.871,0.0003
p100,Pedro Neto,Chelsea,FW,3,2024-08-26,6.745,76.65,66.16,0.2803,11.32,0,0.7783,6.5743,,6.5965,0.1822,1.084,0.0002
p100,Pedro Neto,Chelsea,FW,4,2024-09-02,6.479,78.33,68.36,0.1039,6.73,0,-0.3859,6.5505,,6.5597,0.1627,0.993,0.0004
p100,Pedro Neto,Chelsea,FW,5,2024-09-09,6.419,78.96,67.99,0.2719,0.69,0,-0.6156,6.5242,0.0012,6.5217,0.1145,0.974,0.0002
p100,Pedro Neto,Chelsea,FW,6,2024-09-16,6.165,79.52,68.61,-0.1882,3.08,0,-1.4553,6.4918,-0.1298,6.4358,0.117,0.962,0.001
p100,Pedro Neto,Chelsea,FW,7,2024-09-23,6.449,81.11,65.2,0.7838,2.16,0,-0.0116,6.4514,-0.0906,6.4387,0.2428,0.983,0.0015
p100,Pedro Neto,Chelsea,FW,8,2024-09-30,6.399,81.69,65.58,0.2487,1.92,0,0.1342,6.3822,-0.013,6.4305,0.279,1.095,0.0004
p100,Pedro Neto,Chelsea,FW,9,2024-10-07,6.447,82.5,65.08,0.2744,10.48,0,0.595,6.3758,0.029,6.4338,0.2797,0.835,0.0005
p100,Pedro Neto,Chelsea,FW,10,2024-10-14,6.201,84.32,66.84,0.7527,-4.15,0,-0.949,6.3322,0.007,6.3903,0.5149,1.013,0.0003
p100,Pedro Neto,Chelsea,FW,11,2024-10-21,6.224,83.89,65.68,0.0292,-9.63,0,-0.9838,6.344,-0.0648,6.3603,0.3262,1.063,0.001
p100,Pedro Neto,Chelsea,FW,12,2024-10-28,6.388,85.01,63.8,0.4749,-5.36,0,0.5043,6.3318,-0.0245,6.3652,0.3828,1.092,0.0004
p100,Pedro Neto,Chelsea,FW,13,2024-11-04,6.043,86.93,66.45,0.1692,-6.29,0,-1.3546,6.2606,-0.0621,6.3102,0.3565,0.97,0.0005
p100,Pedro Neto,Chelsea,FW,14,2024-11-11,6.865,87.83,59.03,-0.0891,7.09,0,1.6493,6.3442,0.1147,6.4029,0.146,1.009,0.0003
p100,Pedro Neto,Chelsea,FW,15,2024-11-18,6.93,88.39,60.76,0.5077,5.3,0,1.122,6.49,0.1889,6.4896,0.2657,1.086,0.0004
p100,Pedro Neto,Chelsea,FW,16,2024-11-25,6.143,88.95,68.81,0.6745,2.67,0,-0.8122,6.4738,0.0397,6.4334,0.3156,0.887,0.0003
p100,Pedro Neto,Chelsea,FW,17,2024-12-02,6.122,89.94,67.62,0.3324,-7.9,0,-0.6824,6.4206,-0.0564,6.3836,0.3564,0.937,0.0009
p100,Pedro Neto,Chelsea,FW,18,2024-12-09,6.023,89.6,67.17,-0.335,-12.26,0,-0.8906,6.4166,-0.2492,6.3264,0.2949,1.14,0.001
p100,Pedro Neto,Chelsea,FW,19,2024-12-16,5.675,91.22,68.47,0.5481,-20.32,0,-1.0945,6.1786,-0.263,6.224,0.305,0.921,0.0015
p100,Pedro Neto,Chelsea,FW,20,2024-12-23,5.619,92.54,66.41,0.1929,-4.19,0,-1.1856,5.9164,-0.1495,6.1296,0.1846,0.926,0.001
p100,Pedro Neto,Chelsea,FW,21,2024-12-30,6.189,93.26,59.65,0.484,2.67,0,1.006,5.9256,-0.027,6.1388,0.2225,0.953,0.0002
p100,Pedro Neto,Chelsea,FW,22,2025-01-06,5.923,94.7,61.96,0.3558,-8.31,0,0.1559,5.8858,0.0314,6.1055,0.3952,1.0,0.0002
p100,Pedro Neto,Chelsea,FW,23,2025-01-13,5.465,96.72,64.73,0.2191,-4.58,0,-1.0869,5.7742,-0.0116,6.0071,0.3129,1.082,0.0009
p100,Pedro Neto,Chelsea,FW,24,2025-01-20,5.931,97.05,58.65,0.0937,1.15,0,0.3703,5.8254,-0.01,5.9954,0.2881,1.129,0.0004
p100,Pedro Neto,Chelsea,FW,25,2025-01-27,6.032,97.48,57.56,0.669,-3.45,0,0.4595,5.908,-0.0306,6.001,0.3344,0.967,0.0004
p100,Pedro Neto,Chelsea,FW,26,2025-02-03,6.275,99.75,55.79,0.3652,6.94,0,1.1901,5.9252,0.1271,6.0427,0.3368,0.899,0.0003
p101,Enzo Fernández,Chelsea,MF,1,2024-08-12,5.927,101.17,101.17,0.5621,-3.3,0,,,,,0.5621,1.0,0.001
p101,Enzo Fernández,Chelsea,MF,2,2024-08-19,5.491,103.6,55.19,0.3431,-1.7,0,-0.7071,5.709,,5.6913,0.4526,1.024,0.001
p101,Enzo Fernández,Chelsea,MF,3,2024-08-26,5.606,105.89,52.81,0.2652,24.42,0,-0.3039,5.6747,,5.6582,0.3901,1.195,0.0003
p101,Enzo Fernández,Chelsea,MF,4,2024-09-02,6.371,106.13,49.91,0.4412,5.57,0,1.3254,5.8488,,5.8819,0.4029,1.157,0.0003
p101,Enzo Fernández,Chelsea,MF,5,2024-09-09,6.577,106.69,52.84,0.2047,-8.24,0,1.2351,5.9944,0.218,6.0693,0.3136,0.899,0.0003
p101,Enzo Fernández,Chelsea,MF,6,2024-09-16,6.837,105.88,55.03,0.57,2.92,0,1.1049,6.1764,0.3663,6.2542,0.3703,1.102,0.0002
p101,Enzo Fernández,Chelsea,MF,7,2024-09-23,6.999,106.04,57.84,0.4957,4.39,0,0.9584,6.478,0.3252,6.4186,0.4279,0.823,0.0004
p101,Enzo Fernández,Chelsea,MF,8,2024-09-30,7.018,106.07,61.21,0.2554,0.68,0,0.9188,6.7604,0.1716,6.5422,0.3814,1.143,0.0002
p101,Enzo Fernández,Chelsea,MF,9,2024-10-07,7.014,107.09,63.94,0.1062,-4.92,0,0.6579,6.889,0.1055,6.6343,0.3568,0.955,0.0002
p101,Enzo Fernández,Chelsea,MF,10,2024-10-14,7.317,106.45,63.93,0.4142,8.74,0,1.6117,7.037,0.0975,6.7618,0.3179,0.929,0.0002
p101,Enzo Fernández,Chelsea,MF,11,2024-10-21,7.872,106.45,62.93,0.6193,2.58,0,1.6729,7.244,0.2045,6.9618,0.3488,1.03,0.0002
p101,Enzo Fernández,Chelsea,MF,12,2024-10-28,7.666,107.1,69.06,0.5508,-9.72,0,0.7497,7.3774,0.2154,7.085,0.4226,0.985,0.0002
p101,Enzo Fernández,Chelsea,MF,13,2024-11-04,7.487,108.32,73.27,0.0723,-8.02,0,0.0481,7.4712,0.1295,7.1536,0.4142,1.03,0.0003
p101,Enzo Fernández,Chelsea,MF,14,2024-11-11,7.003,107.95,78.5,0.4686,0.48,0,-1.4022,7.469,-0.1013,7.1284,0.4278,1.066,0.0012
p101,Enzo Fernández,Chelsea,MF,15,2024-11-18,7.207,107.41,76.36,0.4957,-3.03,0,-0.6893,7.447,-0.1993,7.1413,0.3968,1.081,0.0007
p101,Enzo Fernández,Chelsea,MF,16,2024-11-25,7.322,109.92,75.8,0.3045,-2.45,0,-0.0589,7.337,-0.0968,7.1706,0.3353,0.906,0.0008
p101,Enzo Fernández,Chelsea,MF,17,2024-12-02,7.423,110.8,75.73,0.3663,-13.96,0,0.7027,7.2884,0.0191,7.211,0.4088,0.927,0.0002
p101,Enzo Fernández,Chelsea,MF,18,2024-12-09,6.787,112.47,81.61,0.5366,-13.98,0,-1.4155,7.1484,-0.0216,7.1438,0.4258,0.946,0.0003
p101,Enzo Fernández,Chelsea,MF,19,2024-12-16,6.539,113.15,81.31,0.3923,-3.29,0,-1.371,7.0556,-0.1871,7.0487,0.3999,0.916,0.0019
p101,Enzo Fernández,Chelsea,MF,20,2024-12-23,6.31,114.26,81.35,-0.1265,-4.58,0,-1.168,6.8762,-0.2908,6.9335,0.2922,1.154,0.0006
p101,Enzo Fernández,Chelsea,MF,21,2024-12-30,6.427,115.65,77.62,0.1607,-8.21,0,-0.6108,6.6972,-0.2469,6.8549,0.2408,0.976,0.001
p101,Enzo Fernández,Chelsea,MF,22,2025-01-06,6.26,117.29,76.99,0.2513,1.33,0,-0.9736,6.4646,-0.1166,6.7631,0.1694,0.964,0.0009
p101,Enzo Fernández,Chelsea,MF,23,2025-01-13,6.392,118.54,73.7,0.167,10.57,0,0.0592,6.3856,-0.0344,6.7061,0.1131,1.063,0.0005
p101,Enzo Fernández,Chelsea,MF,24,2025-01-20,6.509,119.73,70.8,0.5681,10.26,0,1.3225,6.3796,0.0363,6.6759,0.2868,1.047,0.0005
p101,Enzo Fernández,Chelsea,MF,25,2025-01-27,6.62,119.89,69.76,0.4587,4.62,0,1.3295,6.4416,0.0635,6.6674,0.3613,0.816,0.0003
p101,Enzo Fernández,Chelsea,MF,26,2025-02-03,5.932,119.55,74.98,0.042,10.94,0,-1.5451,6.3426,-0.0428,6.5554,0.309,1.102,0.0004
p102,Moisés Caicedo,Chelsea,MF,1,2024-08-12,6.831,100.8,100.8,0.2596,-0.55,0,,,,,0.2596,1.0,0.0013
p102,Moisés Caicedo,Chelsea,MF,2,2024-08-19,6.951,102.31,72.35,0.1576,-4.98,0,0.7071,6.891,,6.8959,0.2086,1.046,0.0005
p102,Moisés Caicedo,Chelsea,MF,3,2024-08-26,6.802,103.59,73.13,0.4005,-3.85,0,-0.7511,6.8613,,6.8594,0.2726,0.92,0.001
p102,Moisés Caicedo,Chelsea,MF,4,2024-09-02,6.833,105.51,72.5,0.2447,-7.5,0,-0.3218,6.8542,,6.8511,0.2656,1.11,0.0005
p102,Moisés Caicedo,Chelsea,MF,5,2024-09-09,7.294,106.63,70.31,0.3901,11.95,0,1.7177,6.9422,0.0808,6.9705,0.2982,0.899,0.0002
p102,Moisés Caicedo,Chelsea,MF,6,2024-09-16,7.277,107.65,72.67,0.4554,7.77,0,1.0293,7.0314,0.1144,7.0443,0.3727,1.277,0.0003
p102,Moisés Caicedo,Chelsea,MF,7,2024-09-23,7.413,108.72,72.79,0.6968,-0.68,0,1.0158,7.1238,0.1666,7.1257,0.4468,1.029,0.0002
p102,Moisés Caicedo,Chelsea,MF,8,2024-09-30,7.058,110.08,77.34,0.3116,-2.26,0,-0.5084,7.175,0.0569,7.1118,0.4635,1.097,0.0002
p102,Moisés Caicedo,Chelsea,MF,9,2024-10-07,6.504,109.54,80.12,-0.1334,3.44,0,-1.6729,7.1092,-0.1799,6.9931,0.3326,0.876,0.9988
p102,Moisés Caicedo,Chelsea,MF,10,2024-10-14,6.483,111.92,78.18,0.2992,-8.88,0,-1.0716,6.947,-0.2497,6.8978,0.2936,0.834,0.0013
p102,Moisés Caicedo,Chelsea,MF,11,2024-10-21,6.022,112.75,79.25,0.3024,-0.17,0,-1.2401,6.696,-0.3357,6.7401,0.195,1.15,0.0006
p102,Moisés Caicedo,Chelsea,MF,12,2024-10-28,5.431,113.21,79.86,0.2828,13.8,0,-1.427,6.2996,-0.3736,6.5111,0.1878,0.967,0.0017
p102,Moisés Caicedo,Chelsea,MF,13,2024-11-04,5.269,113.46,75.67,0.3429,5.29,0,-1.1672,5.9418,-0.3522,6.2992,0.3068,1.104,0.0015
p102,Moisés Caicedo,Chelsea,MF,14,2024-11-11,5.02,115.05,72.49,-0.0662,13.22,0,-1.0482,5.645,-0.3679,6.0853,0.2155,1.058,0.002
p102,Moisés Caicedo,Chelsea,MF,15,2024-11-18,4.848,115.97,68.68,0.0882,1.39,0,-1.0377,5.318,-0.2759,5.882,0.1619,0.898,0.0039
p102,Moisés Caicedo,Chelsea,MF,16,2024-11-25,4.73,118.45,64.69,0.2721,9.99,0,-1.1359,5.0596,-0.1823,5.6953,0.1592,0.901,0.0042
p102,Moisés Caicedo,Chelsea,MF,17,2024-12-02,4.665,118.46,60.67,0.5838,0.46,0,-0.9913,4.9064,-0.1498,5.5304,0.2195,1.159,0.0014
p102,Moisés Caicedo,Chelsea,MF,18,2024-12-09,4.827,120.48,55.42,0.3592,5.27,0,0.0666,4.818,-0.0569,5.4189,0.3258,1.037,0.0016
p102,Moisés Caicedo,Chelsea,MF,19,2024-12-16,4.489,121.77,55.32,0.4962,-11.27,0,-1.5376,4.7118,-0.0621,5.2727,0.4278,0.895,0.0014
p102,Moisés Caicedo,Chelsea,MF,20,2024-12-23,4.189,121.58,54.08,0.0576,-15.14,0,-1.5581,4.58,-0.1258,5.1036,0.3742,1.106,0.0027
p102,Moisés Caicedo,Chelsea,MF,21,2024-12-30,4.194,124.16,49.9,0.1843,-16.0,0,-0.9843,4.4728,-0.158,4.9625,0.2743,0.812,0.0013
p102,Moisés Caicedo,Chelsea,MF,22,2025-01-06,4.352,124.36,45.21,-0.3305,-9.81,0,-0.2204,4.4102,-0.1245,4.8683,0.1019,0.912,0.0026
p102,Moisés Caicedo,Chelsea,MF,23,2025-01-13,4.567,124.65,41.21,-0.0956,-9.07,0,1.2244,4.3582,0.0319,4.822,-0.0461,1.148,0.0007
p102,Moisés Caicedo,Chelsea,MF,24,2025-01-20,5.134,125.65,35.62,0.8675,-2.84,0,1.6457,4.4872,0.2263,4.8698,0.1564,1.18,0.0007
p102,Moisés Caicedo,Chelsea,MF,25,2025-01-27,4.767,125.44,39.68,0.0434,-0.79,0,0.4467,4.6028,0.1928,4.8541,0.1212,0.758,0.0008
p102,Moisés Caicedo,Chelsea,MF,26,2025-02-03,5.258,126.38,35.42,0.1276,-1.34,0,1.1656,4.8156,0.2012,4.9156,0.2357,1.038,0.0009
p103,Conor Gallagher,Atletico Madrid,MF,1,2024-08-12,7.169,45.3,45.3,0.4033,0.0,0,,,,,0.4033,1.0,0.0006
p103,Conor Gallagher,Atletico Madrid,MF,2,2024-08-19,6.869,43.98,76.6,0.0345,-5.77,0,-0.7071,7.019,,7.0068,0.2189,1.203,0.0003
p103,Conor Gallagher,Atletico Madrid,MF,3,2024-08-26,6.698,43.88,75.21,0.4579,-12.52,0,-0.8976,6.912,,6.8868,0.2986,1.132,0.0003
p103,Conor Gallagher,Atletico Madrid,MF,4,2024-09-02,6.634,43.15,73.68,0.0444,-14.75,0,-0.8716,6.8425,,6.8075,0.235,1.037,0.0003
p103,Conor Gallagher,Atletico Madrid,MF,5,2024-09-09,7.165,44.14,69.95,0.1393,-3.76,0,1.0221,6.907,-0.0243,6.9039,0.169,0.747,0.0003
p103,Conor Gallagher,Atletico Madrid,MF,6,2024-09-16,6.903,44.98,73.17,0.4575,-13.43,0,0.2372,6.8538,0.0535,6.9037,0.2748,1.039,0.0002
p103,Conor Gallagher,Atletico Madrid,MF,7,2024-09-23,6.734,45.54,74.16,0.1069,-13.98,0,-0.4344,6.8268,0.0341,6.8662,0.187,1.015,0.0003
p103,Conor Gallagher,Atletico Madrid,MF,8,2024-09-30,6.909,46.08,72.26,0.1768,-15.36,0,0.1977,6.869,0.0119,6.875,0.2201,1.18,0.0002
p103,Conor Gallagher,Atletico Madrid,MF,9,2024-10-07,7.003,45.7,71.83,0.5069,-11.42,0,0.382,6.9428,-0.0318,6.9,0.312,1.087,0.0003
p103,Conor Gallagher,Atletico Madrid,MF,10,2024-10-14,6.786,44.84,73.89,0.295,-16.31,0,-0.7569,6.867,0.0035,6.8787,0.2714,0.77,0.0003
p103,Conor Gallagher,Atletico Madrid,MF,11,2024-10-21,6.587,45.85,74.81,-0.0609,-13.62,0,-1.3514,6.8038,-0.0417,6.8262,0.2294,1.028,0.0006
p103,Conor Gallagher,Atletico Madrid,MF,12,2024-10-28,6.297,45.25,75.68,-0.1732,-9.7,0,-1.4905,6.7164,-0.164,6.7336,0.1419,0.993,0.0005
p103,Conor Gallagher,Atletico Madrid,MF,13,2024-11-04,6.852,45.68,69.43,0.1489,-6.84,0,0.5391,6.705,-0.0791,6.7538,0.0524,1.09,0.0011
p103,Conor Gallagher,Atletico Madrid,MF,14,2024-11-11,7.148,45.13,67.7,0.4655,-4.49,0,1.3082,6.734,0.0989,6.8197,0.0951,1.178,0.0002
p103,Conor Gallagher,Atletico Madrid,MF,15,2024-11-18,7.162,44.69,69.17,-0.0917,-14.61,0,0.949,6.8092,0.2001,6.876,0.0874,0.842,0.0002
p103,Conor Gallagher,Atletico Madrid,MF,16,2024-11-25,6.874,44.67,72.13,-0.3071,-14.29,0,0.0211,6.8666,0.1464,6.8757,0.0539,0.867,0.0003
p103,Conor Gallagher,Atletico Madrid,MF,17,2024-12-02,6.604,44.98,74.77,-0.0565,-14.98,0,-1.3916,6.928,-0.077,6.8322,0.0026,0.771,0.0013
p103,Conor Gallagher,Atletico Madrid,MF,18,2024-12-09,6.028,44.09,78.15,-0.0902,-2.25,0,-1.5628,6.7632,-0.2798,6.7047,-0.1364,1.007,0.001
p103,Conor Gallagher,Atletico Madrid,MF,19,2024-12-16,5.845,44.06,76.46,0.295,10.81,0,-1.1807,6.5026,-0.348,6.5696,-0.0397,1.118,0.0009
p103,Conor Gallagher,Atletico Madrid,MF,20,2024-12-23,5.47,45.91,76.07,0.5483,-4.06,0,-1.2179,6.1642,-0.3567,6.398,0.1742,1.062,0.0013
p103,Conor Gallagher,Atletico Madrid,MF,21,2024-12-30,4.984,46.57,75.66,0.4549,-11.43,0,-1.3214,5.7862,-0.3798,6.1787,0.302,1.063,0.002
p103,Conor Gallagher,Atletico Madrid,MF,22,2025-01-06,4.894,45.86,70.41,0.0632,0.19,0,-1.0914,5.4442,-0.3129,5.9804,0.3404,1.078,0.002
p103,Conor Gallagher,Atletico Madrid,MF,23,2025-01-13,5.142,45.72,64.17,0.3878,-2.38,0,-0.3201,5.267,-0.1982,5.8516,0.3636,0.814,0.0033
p103,Conor Gallagher,Atletico Madrid,MF,24,2025-01-20,5.709,45.87,56.55,0.3938,-0.9,0,1.3721,5.2398,0.0636,5.8298,0.3249,0.963,0.0003
p103,Conor Gallagher,Atletico Madrid,MF,25,2025-01-27,5.346,45.55,58.86,0.6237,4.23,0,0.4029,5.215,0.1539,5.7559,0.3671,1.003,0.0006
p103,Conor Gallagher,Atletico Madrid,MF,26,2025-02-03,5.103,46.66,58.96,-0.8029,-5.81,0,-0.441,5.2388,0.0622,5.6565,0.1506,1.022,0.0009
p104,Ollie Watkins,Aston Villa,FW,1,2024-08-12,7.536,70.28,70.28,0.3667,-4.49,0,,,,,0.3667,1.0,0.0006
p104,Ollie Watkins,Aston Villa,FW,2,2024-08-19,7.893,68.55,85.06,0.1157,0.5,0,0.7071,7.7145,,7.729,0.2412,1.02,0.0002
p104,Ollie Watkins,Aston Villa,FW,3,2024-08-26,7.484,69.61,87.32,0.2465,-9.24,0,-0.6902,7.6377,,7.6337,0.243,1.306,0.0002
p104,Ollie Watkins,Aston Villa,FW,4,2024-09-02,7.828,70.76,84.86,0.2752,-6.29,0,0.6957,7.6852,,7.6947,0.251,0.86,0.0002
p104,Ollie Watkins,Aston Villa,FW,5,2024-09-09,7.974,70.95,85.26,0.2516,12.86,0,1.0516,7.743,0.0811,7.77,0.2222,1.209,0.0002
p104,Ollie Watkins,Aston Villa,FW,6,2024-09-16,7.992,71.24,86.6,-0.0928,-9.86,0,0.7641,7.8342,0.0688,7.8235,0.1701,1.134,0.0002
p104,Ollie Watkins,Aston Villa,FW,7,2024-09-23,7.953,72.3,87.91,0.3266,-4.6,0,0.5027,7.8462,0.1102,7.8521,0.1901,0.948,0.0003
p104,Ollie Watkins,Aston Villa,FW,8,2024-09-30,7.791,72.77,89.54,0.4192,-0.22,0,-1.2736,7.9076,-0.0095,7.8395,0.2262,1.004,0.0003
p104,Ollie Watkins,Aston Villa,FW,9,2024-10-07,7.76,72.23,89.47,-0.5633,-5.57,0,-1.2226,7.894,-0.0629,7.824,0.0224,0.738,0.0011
p104,Ollie Watkins,Aston Villa,FW,10,2024-10-14,7.805,73.96,88.81,-0.0275,-0.36,0,-0.5272,7.8602,-0.0567,7.8204,0.0387,0.912,0.0013
p104,Ollie Watkins,Aston Villa,FW,11,2024-10-21,8.207,72.35,85.89,0.2191,-0.87,0,1.6385,7.9032,0.0522,7.8901,0.0119,1.155,0.0002
p104,Ollie Watkins,Aston Villa,FW,12,2024-10-28,8.001,72.71,89.0,0.1517,-0.2,0,0.4646,7.9128,0.0867,7.9095,-0.055,1.013,0.0002
p104,Ollie Watkins,Aston Villa,FW,13,2024-11-04,8.243,71.13,87.68,0.2255,3.45,0,1.0793,8.0032,0.1162,7.9664,0.1422,1.195,0.0002
p104,Ollie Watkins,Aston Villa,FW,14,2024-11-11,8.092,71.76,90.15,-0.2144,0.17,0,0.1271,8.0696,0.061,7.9874,0.0955,0.701,0.0003
p104,Ollie Watkins,Aston Villa,FW,15,2024-11-18,7.45,71.83,95.48,-0.576,3.47,0,-1.7076,7.9986,-0.1423,7.8991,-0.1033,0.825,0.9993
p104,Ollie Watkins,Aston Villa,FW,16,2024-11-25,7.815,72.79,90.59,0.129,-1.93,0,-0.3448,7.9202,-0.1165,7.8854,-0.109,1.079,0.0015
p104,Ollie Watkins,Aston Villa,FW,17,2024-12-02,7.312,73.16,94.11,0.0616,20.82,0,-1.1752,7.7824,-0.2139,7.7936,-0.15,1.175,0.0018
p104,Ollie Watkins,Aston Villa,FW,18,2024-12-09,7.412,73.35,90.53,0.4122,16.63,0,-0.6244,7.6162,-0.1498,7.7331,0.0067,1.226,0.0009
p104,Ollie Watkins,Aston Villa,FW,19,2024-12-16,6.96,72.31,93.13,0.2229,7.78,0,-1.4024,7.3898,-0.1383,7.6116,0.2064,0.901,0.0021
p104,Ollie Watkins,Aston Villa,FW,20,2024-12-23,7.108,72.91,89.01,-0.5595,14.63,0,-0.6523,7.3214,-0.1766,7.533,0.0343,0.971,0.0015
p104,Ollie Watkins,Aston Villa,FW,21,2024-12-30,6.728,73.64,90.05,0.2306,-0.17,0,-1.3724,7.104,-0.1472,7.4082,0.0765,0.759,0.0019
p104,Ollie Watkins,Aston Villa,FW,22,2025-01-06,6.165,74.01,91.39,0.5077,-7.62,0,-1.5167,6.8746,-0.2726,7.2163,0.1004,0.935,0.0012
p104,Ollie Watkins,Aston Villa,FW,23,2025-01-13,6.095,73.06,87.23,0.3998,9.34,0,-1.1213,6.6112,-0.2673,7.044,0.1446,1.263,0.0014
p104,Ollie Watkins,Aston Villa,FW,24,2025-01-20,5.364,74.11,88.73,0.2238,9.41,0,-1.3942,6.292,-0.4121,6.7868,0.3405,1.159,0.0025
p104,Ollie Watkins,Aston Villa,FW,25,2025-01-27,5.301,72.78,82.31,-0.0611,13.11,0,-1.0511,5.9306,-0.3655,6.56,0.2676,0.725,0.0018
p104,Ollie Watkins,Aston Villa,FW,26,2025-02-03,5.536,73.0,75.44,0.0292,5.28,0,-0.3814,5.6922,-0.2052,6.4042,0.1479,0.971,0.0022
p105,Leon Bailey,Aston Villa,FW,1,2024-08-12,6.759,39.66,39.66,-0.1292,0.17,0,,,,,-0.1292,1.0,0.0009
p105,Leon Bailey,Aston Villa,FW,2,2024-08-19,6.558,40.38,70.03,0.1729,-4.98,0,-0.7071,6.6585,,6.6504,0.0218,0.909,0.0003
p105,Leon Bailey,Aston Villa,FW,3,2024-08-26,6.071,40.5,69.46,0.5093,-5.63,0,-1.1071,6.4627,,6.4251,0.1843,1.148,0.0002
p105,Leon Bailey,Aston Villa,FW,4,2024-09-02,6.049,41.72,65.71,-0.1193,-14.57,0,-0.8733,6.3592,,6.3071,0.1084,0.756,0.0003
p105,Leon Bailey,Aston Villa,FW,5,2024-09-09,5.843,40.87,65.17,0.0746,-17.08,0,-1.0737,6.256,-0.2341,6.182,0.1594,0.989,0.0018
p105,Leon Bailey,Aston Villa,FW,6,2024-09-16,5.785,42.22,63.1,0.0146,-19.2,0,-0.907,6.0612,-0.1774,6.0864,0.1198,0.982,0.0019
p105,Leon Bailey,Aston Villa,FW,7,2024-09-23,5.989,42.53,59.96,0.385,-10.52,0,0.3273,5.9474,-0.0428,6.0649,0.0887,0.949,0.0005
p105,Leon Bailey,Aston Villa,FW,8,2024-09-30,5.497,42.14,62.6,0.6241,-15.82,0,-1.5551,5.8326,-0.0958,5.9478,0.2746,1.241,0.0052
p105,Leon Bailey,Aston Villa,FW,9,2024-10-07,5.566,42.58,59.58,-0.0047,-8.69,0,-0.8399,5.736,-0.0842,5.8733,0.2547,0.764,0.0014
p105,Leon Bailey,Aston Villa,FW,10,2024-10-14,6.187,43.64,53.64,-0.0702,-1.01,0,1.3263,5.8048,0.0381,5.9319,0.2336,1.232,0.0004
p105,Leon Bailey,Aston Villa,FW,11,2024-10-21,6.017,43.89,56.18,-0.2582,-1.43,0,0.5481,5.8512,0.0746,5.9472,0.0727,1.073,0.0005
p105,Leon Bailey,Aston Villa,FW,12,2024-10-28,6.188,44.17,55.3,0.1346,-7.65,0,0.883,5.891,0.1833,5.9893,-0.0496,0.789,0.0003
p105,Leon Bailey,Aston Villa,FW,13,2024-11-04,5.555,43.85,60.94,0.4048,-13.2,0,-1.0863,5.9026,-0.0021,5.9152,0.0528,0.828,0.0005
p105,Leon Bailey,Aston Villa,FW,14,2024-11-11,5.056,42.63,62.89,-0.368,-31.33,0,-1.5191,5.8006,-0.2724,5.7716,-0.0217,1.043,0.0041
p105,Leon Bailey,Aston Villa,FW,15,2024-11-18,4.83,42.37,61.16,0.093,-6.65,0,-1.1881,5.5292,-0.3506,5.6168,0.0661,1.268,0.0023
p105,Leon Bailey,Aston Villa,FW,16,2024-11-25,5.279,42.41,54.03,0.2238,-4.28,0,-0.1955,5.3816,-0.2543,5.5621,0.0884,1.097,0.0027
p105,Leon Bailey,Aston Villa,FW,17,2024-12-02,5.07,42.23,54.31,0.3582,-1.43,0,-0.3224,5.158,-0.0747,5.4833,0.0768,0.754,0.0015
p105,Leon Bailey,Aston Villa,FW,18,2024-12-09,5.259,42.17,50.94,0.207,-5.15,0,0.8784,5.0988,0.0646,5.4477,0.2205,1.143,0.0008
p105,Leon Bailey,Aston Villa,FW,19,2024-12-16,5.06,41.36,51.62,-0.2085,-7.38,0,-0.2174,5.0996,0.044,5.3868,0.1451,1.15,0.0009
p105,Leon Bailey,Aston Villa,FW,20,2024-12-23,4.648,40.91,53.33,-0.0575,-3.6,0,-1.6369,5.0632,-0.1272,5.2715,0.0748,0.984,0.997
p105,Leon Bailey,Aston Villa,FW,21,2024-12-30,4.589,40.05,50.97,0.5458,-1.64,0,-1.1524,4.9252,-0.1573,5.1656,0.1217,0.919,0.0046
p105,Leon Bailey,Aston Villa,FW,22,2025-01-06,4.804,40.58,46.69,0.31,2.93,0,-0.2404,4.872,-0.1381,5.1098,0.1474,0.844,0.0035
p105,Leon Bailey,Aston Villa,FW,23,2025-01-13,5.172,41.32,41.85,-0.0094,-0.74,0,1.248,4.8546,0.038,5.1194,0.1972,0.78,0.0008
p105,Leon Bailey,Aston Villa,FW,24,2025-01-20,5.145,41.32,42.88,0.0882,3.05,0,0.9993,4.8716,0.1577,5.1233,0.2336,1.179,0.0005
p105,Leon Bailey,Aston Villa,FW,25,2025-01-27,5.293,42.04,41.81,-0.1612,9.18,0,0.9974,5.0006,0.1749,5.1492,0.0569,1.039,0.0012
p105,Leon Bailey,Aston Villa,FW,26,2025-02-03,5.334,41.59,42.13,-0.401,-3.08,0,0.8828,5.1496,0.1181,5.1773,-0.1209,1.058,0.0005
